[2026-08-26 17:03:41.733] [info]  [Updater] Update check returned a result... skipping: {"isUpdateAvailable":false,"versionInfo":{"version":"3.7.16-ow","files":[{"url":"Lunar Client v3.7.16-ow.exe","sha512":"K25vDcT8UO0xbMd4MX5URU+l33+vEILLkpsRkxPMYVfB+yP5gqHGuNWOOGgUOE0gH2g4j+1Mjo9AFnQDC35tng=="}],"path":"Lunar Client v3.7.16-ow.exe","sha512":"K25vDcT8UO0xbMd4MX5URU+l33+vEILLkpsRkxPMYVfB+yP5gqHGuNWOOGgUOE0gH2g4j+1Mjo9AFnQDC35tng==","packages":{"x64":{"size":112473965,"sha512":"f2R8yaxYfUc7t48Bk04LzCImKB27jTxQcAe6RAFE/2lMaHmhsNJCJ47S0XSDCCvUNJp5imIeKLPifHT4z+jt5g==","blockMapSize":116960,"path":"lunarclient-3.7.16-ow-x64.nsis.7z","file":"lunarclient-3.7.16-ow-x64.nsis.7z"}},"releaseDate":"2026-08-24T23:38:30.176Z"},"updateInfo":{"version":"3.7.16-ow","files":[{"url":"Lunar Client v3.7.16-ow.exe","sha512":"K25vDcT8UO0xbMd4MX5URU+l33+vEILLkpsRkxPMYVfB+yP5gqHGuNWOOGgUOE0gH2g4j+1Mjo9AFnQDC35tng=="}],"path":"Lunar Client v3.7.16-ow.exe","sha512":"K25vDcT8UO0xbMd4MX5URU+l33+vEILLkpsRkxPMYVfB+yP5gqHGuNWOOGgUOE0gH2g4j+1Mjo9AFnQDC35tng==","packages":{"x64":{"size":112473965,"sha512":"f2R8yaxYfUc7t48Bk04LzCImKB27jTxQcAe6RAFE/2lMaHmhsNJCJ47S0XSDCCvUNJp5imIeKLPifHT4z+jt5g==","blockMapSize":116960,"path":"lunarclient-3.7.16-ow-x64.nsis.7z","file":"lunarclient-3.7.16-ow-x64.nsis.7z"}},"releaseDate":"2026-08-24T23:38:30.176Z"}}
[2026-08-26 17:18:41.640] [info]  [Updater] Checking for updates...
[2026-08-26 17:18:41.648] [info]           * Current Version: 3.7.16.12965
[2026-08-26 17:18:41.650] [info]           * Channel: latest-ow
[2026-08-26 17:18:41.651] [info]           * URL: https://launcherupdates.lunarclientcdn.com
[2026-08-26 17:18:41.653] [info]           * User Initiated: false
[2026-08-26 17:18:41.761] [info]  [Updater] No updates available.
[2026-08-26 17:18:41.763] [info]  [Updater] Update check returned a result... skipping: {"isUpdateAvailable":false,"versionInfo":{"version":"3.7.16-ow","files":[{"url":"Lunar Client v3.7.16-ow.exe","sha512":"K25vDcT8UO0xbMd4MX5URU+l33+vEILLkpsRkxPMYVfB+yP5gqHGuNWOOGgUOE0gH2g4j+1Mjo9AFnQDC35tng=="}],"path":"Lunar Client v3.7.16-ow.exe","sha512":"K25vDcT8UO0xbMd4MX5URU+l33+vEILLkpsRkxPMYVfB+yP5gqHGuNWOOGgUOE0gH2g4j+1Mjo9AFnQDC35tng==","packages":{"x64":{"size":112473965,"sha512":"f2R8yaxYfUc7t48Bk04LzCImKB27jTxQcAe6RAFE/2lMaHmhsNJCJ47S0XSDCCvUNJp5imIeKLPifHT4z+jt5g==","blockMapSize":116960,"path":"lunarclient-3.7.16-ow-x64.nsis.7z","file":"lunarclient-3.7.16-ow-x64.nsis.7z"}},"releaseDate":"2026-08-24T23:38:30.176Z"},"updateInfo":{"version":"3.7.16-ow","files":[{"url":"Lunar Client v3.7.16-ow.exe","sha512":"K25vDcT8UO0xbMd4MX5URU+l33+vEILLkpsRkxPMYVfB+yP5gqHGuNWOOGgUOE0gH2g4j+1Mjo9AFnQDC35tng=="}],"path":"Lunar Client v3.7.16-ow.exe","sha512":"K25vDcT8UO0xbMd4MX5URU+l33+vEILLkpsRkxPMYVfB+yP5gqHGuNWOOGgUOE0gH2g4j+1Mjo9AFnQDC35tng==","packages":{"x64":{"size":112473965,"sha512":"f2R8yaxYfUc7t48Bk04LzCImKB27jTxQcAe6RAFE/2lMaHmhsNJCJ47S0XSDCCvUNJp5imIeKLPifHT4z+jt5g==","blockMapSize":116960,"path":"lunarclient-3.7.16-ow-x64.nsis.7z","file":"lunarclient-3.7.16-ow-x64.nsis.7z"}},"releaseDate":"2026-08-24T23:38:30.176Z"}}
[2026-08-26 17:33:41.646] [info]  [Updater] Checking for updates...
[2026-08-26 17:33:41.647] [info]           * Current Version: 3.7.16.12965
[2026-08-26 17:33:41.649] [info]           * Channel: latest-ow
[2026-08-26 17:33:41.651] [info]           * URL: https://launcherupdates.lunarclientcdn.com
[2026-08-26 17:33:41.652] [info]           * User Initiated: false
[2026-08-26 17:33:41.756] [info]  [Updater] No updates available.
[2026-08-26 17:33:41.758] [info]  [Updater] Update check returned a result... skipping: {"isUpdateAvailable":false,"versionInfo":{"version":"3.7.16-ow","files":[{"url":"Lunar Client v3.7.16-ow.exe","sha512":"K25vDcT8UO0xbMd4MX5URU+l33+vEILLkpsRkxPMYVfB+yP5gqHGuNWOOGgUOE0gH2g4j+1Mjo9AFnQDC35tng=="}],"path":"Lunar Client v3.7.16-ow.exe","sha512":"K25vDcT8UO0xbMd4MX5URU+l33+vEILLkpsRkxPMYVfB+yP5gqHGuNWOOGgUOE0gH2g4j+1Mjo9AFnQDC35tng==","packages":{"x64":{"size":112473965,"sha512":"f2R8yaxYfUc7t48Bk04LzCImKB27jTxQcAe6RAFE/2lMaHmhsNJCJ47S0XSDCCvUNJp5imIeKLPifHT4z+jt5g==","blockMapSize":116960,"path":"lunarclient-3.7.16-ow-x64.nsis.7z","file":"lunarclient-3.7.16-ow-x64.nsis.7z"}},"releaseDate":"2026-08-24T23:38:30.176Z"},"updateInfo":{"version":"3.7.16-ow","files":[{"url":"Lunar Client v3.7.16-ow.exe","sha512":"K25vDcT8UO0xbMd4MX5URU+l33+vEILLkpsRkxPMYVfB+yP5gqHGuNWOOGgUOE0gH2g4j+1Mjo9AFnQDC35tng=="}],"path":"Lunar Client v3.7.16-ow.exe","sha512":"K25vDcT8UO0xbMd4MX5URU+l33+vEILLkpsRkxPMYVfB+yP5gqHGuNWOOGgUOE0gH2g4j+1Mjo9AFnQDC35tng==","packages":{"x64":{"size":112473965,"sha512":"f2R8yaxYfUc7t48Bk04LzCImKB27jTxQcAe6RAFE/2lMaHmhsNJCJ47S0XSDCCvUNJp5imIeKLPifHT4z+jt5g==","blockMapSize":116960,"path":"lunarclient-3.7.16-ow-x64.nsis.7z","file":"lunarclient-3.7.16-ow-x64.nsis.7z"}},"releaseDate":"2026-08-24T23:38:30.176Z"}}
[2026-08-26 17:48:41.647] [info]  [Updater] Checking for updates...
[2026-08-26 17:48:41.649] [info]           * Current Version: 3.7.16.12965
[2026-08-26 17:48:41.651] [info]           * Channel: latest-ow
[2026-08-26 17:48:41.652] [info]           * URL: https://launcherupdates.lunarclientcdn.com
[2026-08-26 17:48:41.653] [info]           * User Initiated: false
[2026-08-26 17:48:41.756] [info]  [Updater] No updates available.
[2026-08-26 17:48:41.757] [info]  [Updater] Update check returned a result... skipping: {"isUpdateAvailable":false,"versionInfo":{"version":"3.7.16-ow","files":[{"url":"Lunar Client v3.7.16-ow.exe","sha512":"K25vDcT8UO0xbMd4MX5URU+l33+vEILLkpsRkxPMYVfB+yP5gqHGuNWOOGgUOE0gH2g4j+1Mjo9AFnQDC35tng=="}],"path":"Lunar Client v3.7.16-ow.exe","sha512":"K25vDcT8UO0xbMd4MX5URU+l33+vEILLkpsRkxPMYVfB+yP5gqHGuNWOOGgUOE0gH2g4j+1Mjo9AFnQDC35tng==","packages":{"x64":{"size":112473965,"sha512":"f2R8yaxYfUc7t48Bk04LzCImKB27jTxQcAe6RAFE/2lMaHmhsNJCJ47S0XSDCCvUNJp5imIeKLPifHT4z+jt5g==","blockMapSize":116960,"path":"lunarclient-3.7.16-ow-x64.nsis.7z","file":"lunarclient-3.7.16-ow-x64.nsis.7z"}},"releaseDate":"2026-08-24T23:38:30.176Z"},"updateInfo":{"version":"3.7.16-ow","files":[{"url":"Lunar Client v3.7.16-ow.exe","sha512":"K25vDcT8UO0xbMd4MX5URU+l33+vEILLkpsRkxPMYVfB+yP5gqHGuNWOOGgUOE0gH2g4j+1Mjo9AFnQDC35tng=="}],"path":"Lunar Client v3.7.16-ow.exe","sha512":"K25vDcT8UO0xbMd4MX5URU+l33+vEILLkpsRkxPMYVfB+yP5gqHGuNWOOGgUOE0gH2g4j+1Mjo9AFnQDC35tng==","packages":{"x64":{"size":112473965,"sha512":"f2R8yaxYfUc7t48Bk04LzCImKB27jTxQcAe6RAFE/2lMaHmhsNJCJ47S0XSDCCvUNJp5imIeKLPifHT4z+jt5g==","blockMapSize":116960,"path":"lunarclient-3.7.16-ow-x64.nsis.7z","file":"lunarclient-3.7.16-ow-x64.nsis.7z"}},"releaseDate":"2026-08-24T23:38:30.176Z"}}
[2026-08-26 18:03:41.647] [info]  [Updater] Checking for updates...
[2026-08-26 18:03:41.648] [info]           * Current Version: 3.7.16.12965
[2026-08-26 18:03:41.649] [info]           * Channel: latest-ow
[2026-08-26 18:03:41.651] [info]           * URL: https://launcherupdates.lunarclientcdn.com
[2026-08-26 18:03:41.652] [info]           * User Initiated: false
[2026-08-26 18:03:41.748] [info]  [Updater] No updates available.
[2026-08-26 18:03:41.749] [info]  [Updater] Update check returned a result... skipping: {"isUpdateAvailable":false,"versionInfo":{"version":"3.7.16-ow","files":[{"url":"Lunar Client v3.7.16-ow.exe","sha512":"K25vDcT8UO0xbMd4MX5URU+l33+vEILLkpsRkxPMYVfB+yP5gqHGuNWOOGgUOE0gH2g4j+1Mjo9AFnQDC35tng=="}],"path":"Lunar Client v3.7.16-ow.exe","sha512":"K25vDcT8UO0xbMd4MX5URU+l33+vEILLkpsRkxPMYVfB+yP5gqHGuNWOOGgUOE0gH2g4j+1Mjo9AFnQDC35tng==","packages":{"x64":{"size":112473965,"sha512":"f2R8yaxYfUc7t48Bk04LzCImKB27jTxQcAe6RAFE/2lMaHmhsNJCJ47S0XSDCCvUNJp5imIeKLPifHT4z+jt5g==","blockMapSize":116960,"path":"lunarclient-3.7.16-ow-x64.nsis.7z","file":"lunarclient-3.7.16-ow-x64.nsis.7z"}},"releaseDate":"2026-08-24T23:38:30.176Z"},"updateInfo":{"version":"3.7.16-ow","files":[{"url":"Lunar Client v3.7.16-ow.exe","sha512":"K25vDcT8UO0xbMd4MX5URU+l33+vEILLkpsRkxPMYVfB+yP5gqHGuNWOOGgUOE0gH2g4j+1Mjo9AFnQDC35tng=="}],"path":"Lunar Client v3.7.16-ow.exe","sha512":"K25vDcT8UO0xbMd4MX5URU+l33+vEILLkpsRkxPMYVfB+yP5gqHGuNWOOGgUOE0gH2g4j+1Mjo9AFnQDC35tng==","packages":{"x64":{"size":112473965,"sha512":"f2R8yaxYfUc7t48Bk04LzCImKB27jTxQcAe6RAFE/2lMaHmhsNJCJ47S0XSDCCvUNJp5imIeKLPifHT4z+jt5g==","blockMapSize":116960,"path":"lunarclient-3.7.16-ow-x64.nsis.7z","file":"lunarclient-3.7.16-ow-x64.nsis.7z"}},"releaseDate":"2026-08-24T23:38:30.176Z"}}
[2026-08-26 18:18:41.454] [info]  [Metadata] Fetching metadata... (interval refresh)
[2026-08-26 18:18:41.457] [info]  [Metadata] Loading game profile: 66e9766e-a0c3-4951-b7e4-c8946c428ff5
[2026-08-26 18:18:41.486] [warn]  [Profiles] No icon file found for profile Diosesmon Oficial (ID: 66e9766e-a0c3-4951-b7e4-c8946c428ff5)
[2026-08-26 18:18:41.487] [warn]  [Profiles] No featured image file found for profile Diosesmon Oficial (ID: 66e9766e-a0c3-4951-b7e4-c8946c428ff5)
[2026-08-26 18:18:41.496] [info]  [Profiles] Loaded profile Diosesmon Oficial (ID: 66e9766e-a0c3-4951-b7e4-c8946c428ff5)
[2026-08-26 18:18:41.506] [info]  [Metadata] Badlion versions metadata fetched successfully
[2026-08-26 18:18:41.616] [info]  [Metadata] Terms 'privacy' is up to date!
[2026-08-26 18:18:41.617] [info]  [Metadata] Terms 'terms' is up to date!
[2026-08-26 18:18:41.619] [info]  [Metadata] Misc metadata fetched successfully
[2026-08-26 18:18:41.621] [info]  [Metadata] Feature Flags enabled: ServersCTA, SocialMessaging, LunarOAuthApp, LaunchCancelling, SelectModpack, ServerRecommendedModpack, EmbeddedBrowserOpens, MissionControl, ExternalLinkSSO, HomeAdOverwolf, MissionControlAdOverwolf, Radio, RadioPremium, AMDDriverFix, ExploreModsAdOverwolf, MissionControlTopAdOverwolf, OverwolfCRN, YoutubeLinking, HomeTopAdOverwolf, SatelliteGifPicker, VersionsCreateProfile
[2026-08-26 18:18:41.622] [info]  [Metadata] Feature Flags disabled: CustomizableQuickPlay, CommunityServers, ProfileModsExploreCTA, LoaderVersionSetting, InstallVCRedistributable, OverwolfOverlay, TopbarOutplayedPromotion
[2026-08-26 18:18:41.622] [info]  [Metadata] Updater stream channel and URL are the same as before, skipping...
[2026-08-26 18:18:41.624] [info]  [Metadata] Checking cache for language es_ES with remote hash 8f46e49889e93b6bf3f73b7fe8dcafd6bb24f562
[2026-08-26 18:18:41.657] [info]  [Metadata] Language es_ES is already cached, skipping...
[2026-08-26 18:18:41.658] [info]  [Metadata] Languages successfully processed, sending updates...
[2026-08-26 18:18:41.664] [info]  [Updater] Checking for updates...
[2026-08-26 18:18:41.666] [info]           * Current Version: 3.7.16.12965
[2026-08-26 18:18:41.668] [info]           * Channel: latest-ow
[2026-08-26 18:18:41.669] [info]           * URL: https://launcherupdates.lunarclientcdn.com
[2026-08-26 18:18:41.671] [info]           * User Initiated: false
[2026-08-26 18:18:41.681] [info]  [Metadata] Layout metadata fetched successfully
[2026-08-26 18:18:41.686] [info]  [Metadata] Lunar versions metadata fetched successfully
[2026-08-26 18:18:41.694] [info]  [Metadata] Vanilla versions metadata fetched successfully
[2026-08-26 18:18:41.702] [info]  [Metadata] Setting up virtual profiles
[2026-08-26 18:18:41.705] [info]  [Metadata] Cleaning up non-existent virtual profiles...
[2026-08-26 18:18:41.706] [info]  [Metadata] No non-existent virtual profiles were found to clean up!
[2026-08-26 18:18:41.708] [info]  [Metadata] Profile selected, using Diosesmon Oficial (ID: 66e9766e-a0c3-4951-b7e4-c8946c428ff5, type: user-modpack, version: 1.21.1)...
[2026-08-26 18:18:41.710] [info]  [Metadata] Cleaning up profile modules...
[2026-08-26 18:18:41.712] [info]  [Metadata] No profiles were found to have bad modules!
[2026-08-26 18:18:41.769] [info]  [Updater] No updates available.
[2026-08-26 18:18:41.771] [info]  [Updater] Update check returned a result... skipping: {"isUpdateAvailable":false,"versionInfo":{"version":"3.7.16-ow","files":[{"url":"Lunar Client v3.7.16-ow.exe","sha512":"K25vDcT8UO0xbMd4MX5URU+l33+vEILLkpsRkxPMYVfB+yP5gqHGuNWOOGgUOE0gH2g4j+1Mjo9AFnQDC35tng=="}],"path":"Lunar Client v3.7.16-ow.exe","sha512":"K25vDcT8UO0xbMd4MX5URU+l33+vEILLkpsRkxPMYVfB+yP5gqHGuNWOOGgUOE0gH2g4j+1Mjo9AFnQDC35tng==","packages":{"x64":{"size":112473965,"sha512":"f2R8yaxYfUc7t48Bk04LzCImKB27jTxQcAe6RAFE/2lMaHmhsNJCJ47S0XSDCCvUNJp5imIeKLPifHT4z+jt5g==","blockMapSize":116960,"path":"lunarclient-3.7.16-ow-x64.nsis.7z","file":"lunarclient-3.7.16-ow-x64.nsis.7z"}},"releaseDate":"2026-08-24T23:38:30.176Z"},"updateInfo":{"version":"3.7.16-ow","files":[{"url":"Lunar Client v3.7.16-ow.exe","sha512":"K25vDcT8UO0xbMd4MX5URU+l33+vEILLkpsRkxPMYVfB+yP5gqHGuNWOOGgUOE0gH2g4j+1Mjo9AFnQDC35tng=="}],"path":"Lunar Client v3.7.16-ow.exe","sha512":"K25vDcT8UO0xbMd4MX5URU+l33+vEILLkpsRkxPMYVfB+yP5gqHGuNWOOGgUOE0gH2g4j+1Mjo9AFnQDC35tng==","packages":{"x64":{"size":112473965,"sha512":"f2R8yaxYfUc7t48Bk04LzCImKB27jTxQcAe6RAFE/2lMaHmhsNJCJ47S0XSDCCvUNJp5imIeKLPifHT4z+jt5g==","blockMapSize":116960,"path":"lunarclient-3.7.16-ow-x64.nsis.7z","file":"lunarclient-3.7.16-ow-x64.nsis.7z"}},"releaseDate":"2026-08-24T23:38:30.176Z"}}
[2026-08-26 18:33:41.678] [info]  [Updater] Checking for updates...
[2026-08-26 18:33:41.681] [info]           * Current Version: 3.7.16.12965
[2026-08-26 18:33:41.682] [info]           * Channel: latest-ow
[2026-08-26 18:33:41.684] [info]           * URL: https://launcherupdates.lunarclientcdn.com
[2026-08-26 18:33:41.685] [info]           * User Initiated: false
[2026-08-26 18:33:41.769] [info]  [Updater] No updates available.
[2026-08-26 18:33:41.771] [info]  [Updater] Update check returned a result... skipping: {"isUpdateAvailable":false,"versionInfo":{"version":"3.7.16-ow","files":[{"url":"Lunar Client v3.7.16-ow.exe","sha512":"K25vDcT8UO0xbMd4MX5URU+l33+vEILLkpsRkxPMYVfB+yP5gqHGuNWOOGgUOE0gH2g4j+1Mjo9AFnQDC35tng=="}],"path":"Lunar Client v3.7.16-ow.exe","sha512":"K25vDcT8UO0xbMd4MX5URU+l33+vEILLkpsRkxPMYVfB+yP5gqHGuNWOOGgUOE0gH2g4j+1Mjo9AFnQDC35tng==","packages":{"x64":{"size":112473965,"sha512":"f2R8yaxYfUc7t48Bk04LzCImKB27jTxQcAe6RAFE/2lMaHmhsNJCJ47S0XSDCCvUNJp5imIeKLPifHT4z+jt5g==","blockMapSize":116960,"path":"lunarclient-3.7.16-ow-x64.nsis.7z","file":"lunarclient-3.7.16-ow-x64.nsis.7z"}},"releaseDate":"2026-08-24T23:38:30.176Z"},"updateInfo":{"version":"3.7.16-ow","files":[{"url":"Lunar Client v3.7.16-ow.exe","sha512":"K25vDcT8UO0xbMd4MX5URU+l33+vEILLkpsRkxPMYVfB+yP5gqHGuNWOOGgUOE0gH2g4j+1Mjo9AFnQDC35tng=="}],"path":"Lunar Client v3.7.16-ow.exe","sha512":"K25vDcT8UO0xbMd4MX5URU+l33+vEILLkpsRkxPMYVfB+yP5gqHGuNWOOGgUOE0gH2g4j+1Mjo9AFnQDC35tng==","packages":{"x64":{"size":112473965,"sha512":"f2R8yaxYfUc7t48Bk04LzCImKB27jTxQcAe6RAFE/2lMaHmhsNJCJ47S0XSDCCvUNJp5imIeKLPifHT4z+jt5g==","blockMapSize":116960,"path":"lunarclient-3.7.16-ow-x64.nsis.7z","file":"lunarclient-3.7.16-ow-x64.nsis.7z"}},"releaseDate":"2026-08-24T23:38:30.176Z"}}
[2026-08-26 18:48:41.687] [info]  [Updater] Checking for updates...
[2026-08-26 18:48:41.690] [info]           * Current Version: 3.7.16.12965
[2026-08-26 18:48:41.691] [info]           * Channel: latest-ow
[2026-08-26 18:48:41.693] [info]           * URL: https://launcherupdates.lunarclientcdn.com
[2026-08-26 18:48:41.694] [info]           * User Initiated: false
[2026-08-26 18:48:41.783] [info]  [Updater] No updates available.
[2026-08-26 18:48:41.785] [info]  [Updater] Update check returned a result... skipping: {"isUpdateAvailable":false,"versionInfo":{"version":"3.7.16-ow","files":[{"url":"Lunar Client v3.7.16-ow.exe","sha512":"K25vDcT8UO0xbMd4MX5URU+l33+vEILLkpsRkxPMYVfB+yP5gqHGuNWOOGgUOE0gH2g4j+1Mjo9AFnQDC35tng=="}],"path":"Lunar Client v3.7.16-ow.exe","sha512":"K25vDcT8UO0xbMd4MX5URU+l33+vEILLkpsRkxPMYVfB+yP5gqHGuNWOOGgUOE0gH2g4j+1Mjo9AFnQDC35tng==","packages":{"x64":{"size":112473965,"sha512":"f2R8yaxYfUc7t48Bk04LzCImKB27jTxQcAe6RAFE/2lMaHmhsNJCJ47S0XSDCCvUNJp5imIeKLPifHT4z+jt5g==","blockMapSize":116960,"path":"lunarclient-3.7.16-ow-x64.nsis.7z","file":"lunarclient-3.7.16-ow-x64.nsis.7z"}},"releaseDate":"2026-08-24T23:38:30.176Z"},"updateInfo":{"version":"3.7.16-ow","files":[{"url":"Lunar Client v3.7.16-ow.exe","sha512":"K25vDcT8UO0xbMd4MX5URU+l33+vEILLkpsRkxPMYVfB+yP5gqHGuNWOOGgUOE0gH2g4j+1Mjo9AFnQDC35tng=="}],"path":"Lunar Client v3.7.16-ow.exe","sha512":"K25vDcT8UO0xbMd4MX5URU+l33+vEILLkpsRkxPMYVfB+yP5gqHGuNWOOGgUOE0gH2g4j+1Mjo9AFnQDC35tng==","packages":{"x64":{"size":112473965,"sha512":"f2R8yaxYfUc7t48Bk04LzCImKB27jTxQcAe6RAFE/2lMaHmhsNJCJ47S0XSDCCvUNJp5imIeKLPifHT4z+jt5g==","blockMapSize":116960,"path":"lunarclient-3.7.16-ow-x64.nsis.7z","file":"lunarclient-3.7.16-ow-x64.nsis.7z"}},"releaseDate":"2026-08-24T23:38:30.176Z"}}
[2026-08-26 19:03:41.695] [info]  [Updater] Checking for updates...
[2026-08-26 19:03:41.697] [info]           * Current Version: 3.7.16.12965
[2026-08-26 19:03:41.698] [info]           * Channel: latest-ow
[2026-08-26 19:03:41.699] [info]           * URL: https://launcherupdates.lunarclientcdn.com
[2026-08-26 19:03:41.701] [info]           * User Initiated: false
[2026-08-26 19:03:41.798] [info]  [Updater] No updates available.
[2026-08-26 19:03:41.801] [info]  [Updater] Update check returned a result... skipping: {"isUpdateAvailable":false,"versionInfo":{"version":"3.7.16-ow","files":[{"url":"Lunar Client v3.7.16-ow.exe","sha512":"K25vDcT8UO0xbMd4MX5URU+l33+vEILLkpsRkxPMYVfB+yP5gqHGuNWOOGgUOE0gH2g4j+1Mjo9AFnQDC35tng=="}],"path":"Lunar Client v3.7.16-ow.exe","sha512":"K25vDcT8UO0xbMd4MX5URU+l33+vEILLkpsRkxPMYVfB+yP5gqHGuNWOOGgUOE0gH2g4j+1Mjo9AFnQDC35tng==","packages":{"x64":{"size":112473965,"sha512":"f2R8yaxYfUc7t48Bk04LzCImKB27jTxQcAe6RAFE/2lMaHmhsNJCJ47S0XSDCCvUNJp5imIeKLPifHT4z+jt5g==","blockMapSize":116960,"path":"lunarclient-3.7.16-ow-x64.nsis.7z","file":"lunarclient-3.7.16-ow-x64.nsis.7z"}},"releaseDate":"2026-08-24T23:38:30.176Z"},"updateInfo":{"version":"3.7.16-ow","files":[{"url":"Lunar Client v3.7.16-ow.exe","sha512":"K25vDcT8UO0xbMd4MX5URU+l33+vEILLkpsRkxPMYVfB+yP5gqHGuNWOOGgUOE0gH2g4j+1Mjo9AFnQDC35tng=="}],"path":"Lunar Client v3.7.16-ow.exe","sha512":"K25vDcT8UO0xbMd4MX5URU+l33+vEILLkpsRkxPMYVfB+yP5gqHGuNWOOGgUOE0gH2g4j+1Mjo9AFnQDC35tng==","packages":{"x64":{"size":112473965,"sha512":"f2R8yaxYfUc7t48Bk04LzCImKB27jTxQcAe6RAFE/2lMaHmhsNJCJ47S0XSDCCvUNJp5imIeKLPifHT4z+jt5g==","blockMapSize":116960,"path":"lunarclient-3.7.16-ow-x64.nsis.7z","file":"lunarclient-3.7.16-ow-x64.nsis.7z"}},"releaseDate":"2026-08-24T23:38:30.176Z"}}
[2026-08-26 19:18:41.700] [info]  [Updater] Checking for updates...
[2026-08-26 19:18:41.702] [info]           * Current Version: 3.7.16.12965
[2026-08-26 19:18:41.703] [info]           * Channel: latest-ow
[2026-08-26 19:18:41.705] [info]           * URL: https://launcherupdates.lunarclientcdn.com
[2026-08-26 19:18:41.706] [info]           * User Initiated: false
[2026-08-26 19:18:41.798] [info]  [Updater] No updates available.
[2026-08-26 19:18:41.799] [info]  [Updater] Update check returned a result... skipping: {"isUpdateAvailable":false,"versionInfo":{"version":"3.7.16-ow","files":[{"url":"Lunar Client v3.7.16-ow.exe","sha512":"K25vDcT8UO0xbMd4MX5URU+l33+vEILLkpsRkxPMYVfB+yP5gqHGuNWOOGgUOE0gH2g4j+1Mjo9AFnQDC35tng=="}],"path":"Lunar Client v3.7.16-ow.exe","sha512":"K25vDcT8UO0xbMd4MX5URU+l33+vEILLkpsRkxPMYVfB+yP5gqHGuNWOOGgUOE0gH2g4j+1Mjo9AFnQDC35tng==","packages":{"x64":{"size":112473965,"sha512":"f2R8yaxYfUc7t48Bk04LzCImKB27jTxQcAe6RAFE/2lMaHmhsNJCJ47S0XSDCCvUNJp5imIeKLPifHT4z+jt5g==","blockMapSize":116960,"path":"lunarclient-3.7.16-ow-x64.nsis.7z","file":"lunarclient-3.7.16-ow-x64.nsis.7z"}},"releaseDate":"2026-08-24T23:38:30.176Z"},"updateInfo":{"version":"3.7.16-ow","files":[{"url":"Lunar Client v3.7.16-ow.exe","sha512":"K25vDcT8UO0xbMd4MX5URU+l33+vEILLkpsRkxPMYVfB+yP5gqHGuNWOOGgUOE0gH2g4j+1Mjo9AFnQDC35tng=="}],"path":"Lunar Client v3.7.16-ow.exe","sha512":"K25vDcT8UO0xbMd4MX5URU+l33+vEILLkpsRkxPMYVfB+yP5gqHGuNWOOGgUOE0gH2g4j+1Mjo9AFnQDC35tng==","packages":{"x64":{"size":112473965,"sha512":"f2R8yaxYfUc7t48Bk04LzCImKB27jTxQcAe6RAFE/2lMaHmhsNJCJ47S0XSDCCvUNJp5imIeKLPifHT4z+jt5g==","blockMapSize":116960,"path":"lunarclient-3.7.16-ow-x64.nsis.7z","file":"lunarclient-3.7.16-ow-x64.nsis.7z"}},"releaseDate":"2026-08-24T23:38:30.176Z"}}
[2026-08-26 19:33:41.711] [info]  [Updater] Checking for updates...
[2026-08-26 19:33:41.713] [info]           * Current Version: 3.7.16.12965
[2026-08-26 19:33:41.714] [info]           * Channel: latest-ow
[2026-08-26 19:33:41.715] [info]           * URL: https://launcherupdates.lunarclientcdn.com
[2026-08-26 19:33:41.717] [info]           * User Initiated: false
[2026-08-26 19:33:41.812] [info]  [Updater] No updates available.
[2026-08-26 19:33:41.814] [info]  [Updater] Update check returned a result... skipping: {"isUpdateAvailable":false,"versionInfo":{"version":"3.7.16-ow","files":[{"url":"Lunar Client v3.7.16-ow.exe","sha512":"K25vDcT8UO0xbMd4MX5URU+l33+vEILLkpsRkxPMYVfB+yP5gqHGuNWOOGgUOE0gH2g4j+1Mjo9AFnQDC35tng=="}],"path":"Lunar Client v3.7.16-ow.exe","sha512":"K25vDcT8UO0xbMd4MX5URU+l33+vEILLkpsRkxPMYVfB+yP5gqHGuNWOOGgUOE0gH2g4j+1Mjo9AFnQDC35tng==","packages":{"x64":{"size":112473965,"sha512":"f2R8yaxYfUc7t48Bk04LzCImKB27jTxQcAe6RAFE/2lMaHmhsNJCJ47S0XSDCCvUNJp5imIeKLPifHT4z+jt5g==","blockMapSize":116960,"path":"lunarclient-3.7.16-ow-x64.nsis.7z","file":"lunarclient-3.7.16-ow-x64.nsis.7z"}},"releaseDate":"2026-08-24T23:38:30.176Z"},"updateInfo":{"version":"3.7.16-ow","files":[{"url":"Lunar Client v3.7.16-ow.exe","sha512":"K25vDcT8UO0xbMd4MX5URU+l33+vEILLkpsRkxPMYVfB+yP5gqHGuNWOOGgUOE0gH2g4j+1Mjo9AFnQDC35tng=="}],"path":"Lunar Client v3.7.16-ow.exe","sha512":"K25vDcT8UO0xbMd4MX5URU+l33+vEILLkpsRkxPMYVfB+yP5gqHGuNWOOGgUOE0gH2g4j+1Mjo9AFnQDC35tng==","packages":{"x64":{"size":112473965,"sha512":"f2R8yaxYfUc7t48Bk04LzCImKB27jTxQcAe6RAFE/2lMaHmhsNJCJ47S0XSDCCvUNJp5imIeKLPifHT4z+jt5g==","blockMapSize":116960,"path":"lunarclient-3.7.16-ow-x64.nsis.7z","file":"lunarclient-3.7.16-ow-x64.nsis.7z"}},"releaseDate":"2026-08-24T23:38:30.176Z"}}
[2026-08-26 19:48:41.718] [info]  [Updater] Checking for updates...
[2026-08-26 19:48:41.721] [info]           * Current Version: 3.7.16.12965
[2026-08-26 19:48:41.724] [info]           * Channel: latest-ow
[2026-08-26 19:48:41.728] [info]           * URL: https://launcherupdates.lunarclientcdn.com
[2026-08-26 19:48:41.730] [info]           * User Initiated: false
[2026-08-26 19:48:41.831] [info]  [Updater] No updates available.
[2026-08-26 19:48:41.833] [info]  [Updater] Update check returned a result... skipping: {"isUpdateAvailable":false,"versionInfo":{"version":"3.7.16-ow","files":[{"url":"Lunar Client v3.7.16-ow.exe","sha512":"K25vDcT8UO0xbMd4MX5URU+l33+vEILLkpsRkxPMYVfB+yP5gqHGuNWOOGgUOE0gH2g4j+1Mjo9AFnQDC35tng=="}],"path":"Lunar Client v3.7.16-ow.exe","sha512":"K25vDcT8UO0xbMd4MX5URU+l33+vEILLkpsRkxPMYVfB+yP5gqHGuNWOOGgUOE0gH2g4j+1Mjo9AFnQDC35tng==","packages":{"x64":{"size":112473965,"sha512":"f2R8yaxYfUc7t48Bk04LzCImKB27jTxQcAe6RAFE/2lMaHmhsNJCJ47S0XSDCCvUNJp5imIeKLPifHT4z+jt5g==","blockMapSize":116960,"path":"lunarclient-3.7.16-ow-x64.nsis.7z","file":"lunarclient-3.7.16-ow-x64.nsis.7z"}},"releaseDate":"2026-08-24T23:38:30.176Z"},"updateInfo":{"version":"3.7.16-ow","files":[{"url":"Lunar Client v3.7.16-ow.exe","sha512":"K25vDcT8UO0xbMd4MX5URU+l33+vEILLkpsRkxPMYVfB+yP5gqHGuNWOOGgUOE0gH2g4j+1Mjo9AFnQDC35tng=="}],"path":"Lunar Client v3.7.16-ow.exe","sha512":"K25vDcT8UO0xbMd4MX5URU+l33+vEILLkpsRkxPMYVfB+yP5gqHGuNWOOGgUOE0gH2g4j+1Mjo9AFnQDC35tng==","packages":{"x64":{"size":112473965,"sha512":"f2R8yaxYfUc7t48Bk04LzCImKB27jTxQcAe6RAFE/2lMaHmhsNJCJ47S0XSDCCvUNJp5imIeKLPifHT4z+jt5g==","blockMapSize":116960,"path":"lunarclient-3.7.16-ow-x64.nsis.7z","file":"lunarclient-3.7.16-ow-x64.nsis.7z"}},"releaseDate":"2026-08-24T23:38:30.176Z"}}
[2026-08-26 20:03:41.765] [info]  [Updater] Checking for updates...
[2026-08-26 20:03:41.770] [info]           * Current Version: 3.7.16.12965
[2026-08-26 20:03:41.773] [info]           * Channel: latest-ow
[2026-08-26 20:03:41.775] [info]           * URL: https://launcherupdates.lunarclientcdn.com
[2026-08-26 20:03:41.778] [info]           * User Initiated: false
[2026-08-26 20:03:41.915] [info]  [Updater] No updates available.
[2026-08-26 20:03:41.917] [info]  [Updater] Update check returned a result... skipping: {"isUpdateAvailable":false,"versionInfo":{"version":"3.7.16-ow","files":[{"url":"Lunar Client v3.7.16-ow.exe","sha512":"K25vDcT8UO0xbMd4MX5URU+l33+vEILLkpsRkxPMYVfB+yP5gqHGuNWOOGgUOE0gH2g4j+1Mjo9AFnQDC35tng=="}],"path":"Lunar Client v3.7.16-ow.exe","sha512":"K25vDcT8UO0xbMd4MX5URU+l33+vEILLkpsRkxPMYVfB+yP5gqHGuNWOOGgUOE0gH2g4j+1Mjo9AFnQDC35tng==","packages":{"x64":{"size":112473965,"sha512":"f2R8yaxYfUc7t48Bk04LzCImKB27jTxQcAe6RAFE/2lMaHmhsNJCJ47S0XSDCCvUNJp5imIeKLPifHT4z+jt5g==","blockMapSize":116960,"path":"lunarclient-3.7.16-ow-x64.nsis.7z","file":"lunarclient-3.7.16-ow-x64.nsis.7z"}},"releaseDate":"2026-08-24T23:38:30.176Z"},"updateInfo":{"version":"3.7.16-ow","files":[{"url":"Lunar Client v3.7.16-ow.exe","sha512":"K25vDcT8UO0xbMd4MX5URU+l33+vEILLkpsRkxPMYVfB+yP5gqHGuNWOOGgUOE0gH2g4j+1Mjo9AFnQDC35tng=="}],"path":"Lunar Client v3.7.16-ow.exe","sha512":"K25vDcT8UO0xbMd4MX5URU+l33+vEILLkpsRkxPMYVfB+yP5gqHGuNWOOGgUOE0gH2g4j+1Mjo9AFnQDC35tng==","packages":{"x64":{"size":112473965,"sha512":"f2R8yaxYfUc7t48Bk04LzCImKB27jTxQcAe6RAFE/2lMaHmhsNJCJ47S0XSDCCvUNJp5imIeKLPifHT4z+jt5g==","blockMapSize":116960,"path":"lunarclient-3.7.16-ow-x64.nsis.7z","file":"lunarclient-3.7.16-ow-x64.nsis.7z"}},"releaseDate":"2026-08-24T23:38:30.176Z"}}
[2026-08-26 20:18:41.739] [info]  [Updater] Checking for updates...
[2026-08-26 20:18:41.742] [info]           * Current Version: 3.7.16.12965
[2026-08-26 20:18:41.747] [info]           * Channel: latest-ow
[2026-08-26 20:18:41.750] [info]           * URL: https://launcherupdates.lunarclientcdn.com
[2026-08-26 20:18:41.752] [info]           * User Initiated: false
[2026-08-26 20:18:41.853] [info]  [Updater] No updates available.
[2026-08-26 20:18:41.855] [info]  [Updater] Update check returned a result... skipping: {"isUpdateAvailable":false,"versionInfo":{"version":"3.7.16-ow","files":[{"url":"Lunar Client v3.7.16-ow.exe","sha512":"K25vDcT8UO0xbMd4MX5URU+l33+vEILLkpsRkxPMYVfB+yP5gqHGuNWOOGgUOE0gH2g4j+1Mjo9AFnQDC35tng=="}],"path":"Lunar Client v3.7.16-ow.exe","sha512":"K25vDcT8UO0xbMd4MX5URU+l33+vEILLkpsRkxPMYVfB+yP5gqHGuNWOOGgUOE0gH2g4j+1Mjo9AFnQDC35tng==","packages":{"x64":{"size":112473965,"sha512":"f2R8yaxYfUc7t48Bk04LzCImKB27jTxQcAe6RAFE/2lMaHmhsNJCJ47S0XSDCCvUNJp5imIeKLPifHT4z+jt5g==","blockMapSize":116960,"path":"lunarclient-3.7.16-ow-x64.nsis.7z","file":"lunarclient-3.7.16-ow-x64.nsis.7z"}},"releaseDate":"2026-08-24T23:38:30.176Z"},"updateInfo":{"version":"3.7.16-ow","files":[{"url":"Lunar Client v3.7.16-ow.exe","sha512":"K25vDcT8UO0xbMd4MX5URU+l33+vEILLkpsRkxPMYVfB+yP5gqHGuNWOOGgUOE0gH2g4j+1Mjo9AFnQDC35tng=="}],"path":"Lunar Client v3.7.16-ow.exe","sha512":"K25vDcT8UO0xbMd4MX5URU+l33+vEILLkpsRkxPMYVfB+yP5gqHGuNWOOGgUOE0gH2g4j+1Mjo9AFnQDC35tng==","packages":{"x64":{"size":112473965,"sha512":"f2R8yaxYfUc7t48Bk04LzCImKB27jTxQcAe6RAFE/2lMaHmhsNJCJ47S0XSDCCvUNJp5imIeKLPifHT4z+jt5g==","blockMapSize":116960,"path":"lunarclient-3.7.16-ow-x64.nsis.7z","file":"lunarclient-3.7.16-ow-x64.nsis.7z"}},"releaseDate":"2026-08-24T23:38:30.176Z"}}
[2026-08-26 20:33:41.839] [info]  [Updater] Checking for updates...
[2026-08-26 20:33:41.845] [info]           * Current Version: 3.7.16.12965
[2026-08-26 20:33:41.848] [info]           * Channel: latest-ow
[2026-08-26 20:33:41.852] [info]           * URL: https://launcherupdates.lunarclientcdn.com
[2026-08-26 20:33:41.854] [info]           * User Initiated: false
[2026-08-26 20:33:42.245] [info]  [Updater] No updates available.
[2026-08-26 20:33:42.249] [info]  [Updater] Update check returned a result... skipping: {"isUpdateAvailable":false,"versionInfo":{"version":"3.7.16-ow","files":[{"url":"Lunar Client v3.7.16-ow.exe","sha512":"K25vDcT8UO0xbMd4MX5URU+l33+vEILLkpsRkxPMYVfB+yP5gqHGuNWOOGgUOE0gH2g4j+1Mjo9AFnQDC35tng=="}],"path":"Lunar Client v3.7.16-ow.exe","sha512":"K25vDcT8UO0xbMd4MX5URU+l33+vEILLkpsRkxPMYVfB+yP5gqHGuNWOOGgUOE0gH2g4j+1Mjo9AFnQDC35tng==","packages":{"x64":{"size":112473965,"sha512":"f2R8yaxYfUc7t48Bk04LzCImKB27jTxQcAe6RAFE/2lMaHmhsNJCJ47S0XSDCCvUNJp5imIeKLPifHT4z+jt5g==","blockMapSize":116960,"path":"lunarclient-3.7.16-ow-x64.nsis.7z","file":"lunarclient-3.7.16-ow-x64.nsis.7z"}},"releaseDate":"2026-08-24T23:38:30.176Z"},"updateInfo":{"version":"3.7.16-ow","files":[{"url":"Lunar Client v3.7.16-ow.exe","sha512":"K25vDcT8UO0xbMd4MX5URU+l33+vEILLkpsRkxPMYVfB+yP5gqHGuNWOOGgUOE0gH2g4j+1Mjo9AFnQDC35tng=="}],"path":"Lunar Client v3.7.16-ow.exe","sha512":"K25vDcT8UO0xbMd4MX5URU+l33+vEILLkpsRkxPMYVfB+yP5gqHGuNWOOGgUOE0gH2g4j+1Mjo9AFnQDC35tng==","packages":{"x64":{"size":112473965,"sha512":"f2R8yaxYfUc7t48Bk04LzCImKB27jTxQcAe6RAFE/2lMaHmhsNJCJ47S0XSDCCvUNJp5imIeKLPifHT4z+jt5g==","blockMapSize":116960,"path":"lunarclient-3.7.16-ow-x64.nsis.7z","file":"lunarclient-3.7.16-ow-x64.nsis.7z"}},"releaseDate":"2026-08-24T23:38:30.176Z"}}
[2026-08-26 20:48:41.802] [info]  [Updater] Checking for updates...
[2026-08-26 20:48:41.806] [info]           * Current Version: 3.7.16.12965
[2026-08-26 20:48:41.809] [info]           * Channel: latest-ow
[2026-08-26 20:48:41.812] [info]           * URL: https://launcherupdates.lunarclientcdn.com
[2026-08-26 20:48:41.816] [info]           * User Initiated: false
[2026-08-26 20:48:42.162] [info]  [Updater] No updates available.
[2026-08-26 20:48:42.165] [info]  [Updater] Update check returned a result... skipping: {"isUpdateAvailable":false,"versionInfo":{"version":"3.7.16-ow","files":[{"url":"Lunar Client v3.7.16-ow.exe","sha512":"K25vDcT8UO0xbMd4MX5URU+l33+vEILLkpsRkxPMYVfB+yP5gqHGuNWOOGgUOE0gH2g4j+1Mjo9AFnQDC35tng=="}],"path":"Lunar Client v3.7.16-ow.exe","sha512":"K25vDcT8UO0xbMd4MX5URU+l33+vEILLkpsRkxPMYVfB+yP5gqHGuNWOOGgUOE0gH2g4j+1Mjo9AFnQDC35tng==","packages":{"x64":{"size":112473965,"sha512":"f2R8yaxYfUc7t48Bk04LzCImKB27jTxQcAe6RAFE/2lMaHmhsNJCJ47S0XSDCCvUNJp5imIeKLPifHT4z+jt5g==","blockMapSize":116960,"path":"lunarclient-3.7.16-ow-x64.nsis.7z","file":"lunarclient-3.7.16-ow-x64.nsis.7z"}},"releaseDate":"2026-08-24T23:38:30.176Z"},"updateInfo":{"version":"3.7.16-ow","files":[{"url":"Lunar Client v3.7.16-ow.exe","sha512":"K25vDcT8UO0xbMd4MX5URU+l33+vEILLkpsRkxPMYVfB+yP5gqHGuNWOOGgUOE0gH2g4j+1Mjo9AFnQDC35tng=="}],"path":"Lunar Client v3.7.16-ow.exe","sha512":"K25vDcT8UO0xbMd4MX5URU+l33+vEILLkpsRkxPMYVfB+yP5gqHGuNWOOGgUOE0gH2g4j+1Mjo9AFnQDC35tng==","packages":{"x64":{"size":112473965,"sha512":"f2R8yaxYfUc7t48Bk04LzCImKB27jTxQcAe6RAFE/2lMaHmhsNJCJ47S0XSDCCvUNJp5imIeKLPifHT4z+jt5g==","blockMapSize":116960,"path":"lunarclient-3.7.16-ow-x64.nsis.7z","file":"lunarclient-3.7.16-ow-x64.nsis.7z"}},"releaseDate":"2026-08-24T23:38:30.176Z"}}
[2026-08-26 21:03:41.891] [info]  [Updater] Checking for updates...
[2026-08-26 21:03:41.895] [info]           * Current Version: 3.7.16.12965
[2026-08-26 21:03:41.898] [info]           * Channel: latest-ow
[2026-08-26 21:03:41.901] [info]           * URL: https://launcherupdates.lunarclientcdn.com
[2026-08-26 21:03:41.903] [info]           * User Initiated: false
[2026-08-26 21:03:42.121] [info]  [Updater] No updates available.
[2026-08-26 21:03:42.124] [info]  [Updater] Update check returned a result... skipping: {"isUpdateAvailable":false,"versionInfo":{"version":"3.7.16-ow","files":[{"url":"Lunar Client v3.7.16-ow.exe","sha512":"K25vDcT8UO0xbMd4MX5URU+l33+vEILLkpsRkxPMYVfB+yP5gqHGuNWOOGgUOE0gH2g4j+1Mjo9AFnQDC35tng=="}],"path":"Lunar Client v3.7.16-ow.exe","sha512":"K25vDcT8UO0xbMd4MX5URU+l33+vEILLkpsRkxPMYVfB+yP5gqHGuNWOOGgUOE0gH2g4j+1Mjo9AFnQDC35tng==","packages":{"x64":{"size":112473965,"sha512":"f2R8yaxYfUc7t48Bk04LzCImKB27jTxQcAe6RAFE/2lMaHmhsNJCJ47S0XSDCCvUNJp5imIeKLPifHT4z+jt5g==","blockMapSize":116960,"path":"lunarclient-3.7.16-ow-x64.nsis.7z","file":"lunarclient-3.7.16-ow-x64.nsis.7z"}},"releaseDate":"2026-08-24T23:38:30.176Z"},"updateInfo":{"version":"3.7.16-ow","files":[{"url":"Lunar Client v3.7.16-ow.exe","sha512":"K25vDcT8UO0xbMd4MX5URU+l33+vEILLkpsRkxPMYVfB+yP5gqHGuNWOOGgUOE0gH2g4j+1Mjo9AFnQDC35tng=="}],"path":"Lunar Client v3.7.16-ow.exe","sha512":"K25vDcT8UO0xbMd4MX5URU+l33+vEILLkpsRkxPMYVfB+yP5gqHGuNWOOGgUOE0gH2g4j+1Mjo9AFnQDC35tng==","packages":{"x64":{"size":112473965,"sha512":"f2R8yaxYfUc7t48Bk04LzCImKB27jTxQcAe6RAFE/2lMaHmhsNJCJ47S0XSDCCvUNJp5imIeKLPifHT4z+jt5g==","blockMapSize":116960,"path":"lunarclient-3.7.16-ow-x64.nsis.7z","file":"lunarclient-3.7.16-ow-x64.nsis.7z"}},"releaseDate":"2026-08-24T23:38:30.176Z"}}
[2026-08-26 21:18:41.758] [info]  [Updater] Checking for updates...
[2026-08-26 21:18:41.762] [info]           * Current Version: 3.7.16.12965
[2026-08-26 21:18:41.766] [info]           * Channel: latest-ow
[2026-08-26 21:18:41.778] [info]           * URL: https://launcherupdates.lunarclientcdn.com
[2026-08-26 21:18:41.788] [info]           * User Initiated: false
[2026-08-26 21:18:41.918] [info]  [Updater] No updates available.
[2026-08-26 21:18:41.921] [info]  [Updater] Update check returned a result... skipping: {"isUpdateAvailable":false,"versionInfo":{"version":"3.7.16-ow","files":[{"url":"Lunar Client v3.7.16-ow.exe","sha512":"K25vDcT8UO0xbMd4MX5URU+l33+vEILLkpsRkxPMYVfB+yP5gqHGuNWOOGgUOE0gH2g4j+1Mjo9AFnQDC35tng=="}],"path":"Lunar Client v3.7.16-ow.exe","sha512":"K25vDcT8UO0xbMd4MX5URU+l33+vEILLkpsRkxPMYVfB+yP5gqHGuNWOOGgUOE0gH2g4j+1Mjo9AFnQDC35tng==","packages":{"x64":{"size":112473965,"sha512":"f2R8yaxYfUc7t48Bk04LzCImKB27jTxQcAe6RAFE/2lMaHmhsNJCJ47S0XSDCCvUNJp5imIeKLPifHT4z+jt5g==","blockMapSize":116960,"path":"lunarclient-3.7.16-ow-x64.nsis.7z","file":"lunarclient-3.7.16-ow-x64.nsis.7z"}},"releaseDate":"2026-08-24T23:38:30.176Z"},"updateInfo":{"version":"3.7.16-ow","files":[{"url":"Lunar Client v3.7.16-ow.exe","sha512":"K25vDcT8UO0xbMd4MX5URU+l33+vEILLkpsRkxPMYVfB+yP5gqHGuNWOOGgUOE0gH2g4j+1Mjo9AFnQDC35tng=="}],"path":"Lunar Client v3.7.16-ow.exe","sha512":"K25vDcT8UO0xbMd4MX5URU+l33+vEILLkpsRkxPMYVfB+yP5gqHGuNWOOGgUOE0gH2g4j+1Mjo9AFnQDC35tng==","packages":{"x64":{"size":112473965,"sha512":"f2R8yaxYfUc7t48Bk04LzCImKB27jTxQcAe6RAFE/2lMaHmhsNJCJ47S0XSDCCvUNJp5imIeKLPifHT4z+jt5g==","blockMapSize":116960,"path":"lunarclient-3.7.16-ow-x64.nsis.7z","file":"lunarclient-3.7.16-ow-x64.nsis.7z"}},"releaseDate":"2026-08-24T23:38:30.176Z"}}
[2026-08-26 21:33:41.773] [info]  [Updater] Checking for updates...
[2026-08-26 21:33:41.777] [info]           * Current Version: 3.7.16.12965
[2026-08-26 21:33:41.779] [info]           * Channel: latest-ow
[2026-08-26 21:33:41.781] [info]           * URL: https://launcherupdates.lunarclientcdn.com
[2026-08-26 21:33:41.784] [info]           * User Initiated: false
[2026-08-26 21:33:41.893] [info]  [Updater] No updates available.
[2026-08-26 21:33:41.898] [info]  [Updater] Update check returned a result... skipping: {"isUpdateAvailable":false,"versionInfo":{"version":"3.7.16-ow","files":[{"url":"Lunar Client v3.7.16-ow.exe","sha512":"K25vDcT8UO0xbMd4MX5URU+l33+vEILLkpsRkxPMYVfB+yP5gqHGuNWOOGgUOE0gH2g4j+1Mjo9AFnQDC35tng=="}],"path":"Lunar Client v3.7.16-ow.exe","sha512":"K25vDcT8UO0xbMd4MX5URU+l33+vEILLkpsRkxPMYVfB+yP5gqHGuNWOOGgUOE0gH2g4j+1Mjo9AFnQDC35tng==","packages":{"x64":{"size":112473965,"sha512":"f2R8yaxYfUc7t48Bk04LzCImKB27jTxQcAe6RAFE/2lMaHmhsNJCJ47S0XSDCCvUNJp5imIeKLPifHT4z+jt5g==","blockMapSize":116960,"path":"lunarclient-3.7.16-ow-x64.nsis.7z","file":"lunarclient-3.7.16-ow-x64.nsis.7z"}},"releaseDate":"2026-08-24T23:38:30.176Z"},"updateInfo":{"version":"3.7.16-ow","files":[{"url":"Lunar Client v3.7.16-ow.exe","sha512":"K25vDcT8UO0xbMd4MX5URU+l33+vEILLkpsRkxPMYVfB+yP5gqHGuNWOOGgUOE0gH2g4j+1Mjo9AFnQDC35tng=="}],"path":"Lunar Client v3.7.16-ow.exe","sha512":"K25vDcT8UO0xbMd4MX5URU+l33+vEILLkpsRkxPMYVfB+yP5gqHGuNWOOGgUOE0gH2g4j+1Mjo9AFnQDC35tng==","packages":{"x64":{"size":112473965,"sha512":"f2R8yaxYfUc7t48Bk04LzCImKB27jTxQcAe6RAFE/2lMaHmhsNJCJ47S0XSDCCvUNJp5imIeKLPifHT4z+jt5g==","blockMapSize":116960,"path":"lunarclient-3.7.16-ow-x64.nsis.7z","file":"lunarclient-3.7.16-ow-x64.nsis.7z"}},"releaseDate":"2026-08-24T23:38:30.176Z"}}
[2026-08-26 21:46:38.861] [error] [Electron] Child process has been killed or crashed...
[2026-08-26 21:46:38.899] [error]          * Type: Utility
[2026-08-26 21:46:38.901] [error]          * Name: Audio Service
[2026-08-26 21:46:38.902] [error]          * Reason: killed
[2026-08-26 21:46:38.906] [error]          * Exit Code: 1073807364
[2026-08-26 21:46:38.907] [error]          * Service Name: audio.mojom.AudioService
[2026-08-26 22:45:37.633] [info]  [Electron] Starting application...
[2026-08-26 22:45:37.635] [info]  [Electron] Lunar Client directory permissions: 666
[2026-08-26 22:45:37.636] [info]  [Electron] Resources path: C:\Users\CARLOS_JR\AppData\Local\Programs\Lunar Client\resources
[2026-08-26 22:45:37.638] [info]  [Electron] Crashdumps path: C:\Users\CARLOS_JR\AppData\Roaming\lunarclient\Crashpad
[2026-08-26 22:45:37.695] [info]  [Electron] Launcher is running with standard permissions.
[2026-08-26 22:45:37.705] [info]  [Identifiers] Installation ID found, ID: bc6a3018-85a4-47b1-9ac9-b04a5a4cf48e
[2026-08-26 22:45:37.709] [info]  [Identifiers] Installation ID first seen at: 2026-07-31T15:25:34.410Z
[2026-08-26 22:45:37.710] [info]  [Electron] Overwolf MUID: 45bcb4ce-2aed-422f-843e-955bc85343b3
[2026-08-26 22:45:37.712] [info]  [Electron] Starting Lunar Client Launcher...
[2026-08-26 22:45:37.712] [info]           * Session ID: f79fbe03-d6d9-4969-ab40-015f541f0712
[2026-08-26 22:45:37.713] [info]           * Operating System: win32 x64 10.0.26200
[2026-08-26 22:45:37.713] [info]           * Electron Version: 39.8.12 (Chrome v142.0.7444.265, Node v22.22.1)
[2026-08-26 22:45:37.714] [info]           * Binaries Type: @overwolf/ow-electron
[2026-08-26 22:45:37.714] [info]           * Version: 3.7.16
[2026-08-26 22:45:37.715] [info]           * Stream: latest-ow
[2026-08-26 22:45:37.715] [info]           * Branch: master
[2026-08-26 22:45:37.716] [info]           * Build Number: 12965
[2026-08-26 22:45:37.716] [info]           * Commit Hash: 218f614c33c57017dab2b661a5c3f019ed489648
[2026-08-26 22:45:37.717] [info]           * Short Commit Hash: 218f614
[2026-08-26 22:45:37.717] [info]           * Overwolf App UID: N/A
[2026-08-26 22:45:37.720] [info]  [Sentry] Initializing Sentry in main process...
[2026-08-26 22:45:37.721] [info]           * DSN: https://2b19802000444b71b53899a26418c0ef@o923049.ingest.sentry.io/6029601
[2026-08-26 22:45:37.722] [info]           * Sample Rate: 0.05
[2026-08-26 22:45:37.722] [info]           * Traces Sample rate: 0.01
[2026-08-26 22:45:37.723] [info]           * Debug: disabled
[2026-08-26 22:45:37.723] [info]           * Trace ID: e06bab43e6957edba9b1f2e5b4b2e018
[2026-08-26 22:45:37.724] [info]           * Environment: production
[2026-08-26 22:45:37.724] [info]           * Spotlight: disabled
[2026-08-26 22:45:37.834] [info]  [Store] Initializing redux store (dev tools: disabled)...
[2026-08-26 22:45:37.838] [info]  [Store] Initialized redux store (auth,badges,cosmetics,deviceCodeAuth,embeddedBrowser,emotes,metadata,friends,installQueue,launch,logUpload,notifications,profiles,servers,settings,socials,updater,styngr,misc,conversations)
[2026-08-26 22:45:37.933] [info]  [DB] Schema up to date (2 migration(s))
[2026-08-26 22:45:37.934] [info]  [DB] Initialized at C:\Users\CARLOS_JR\.lunarclient\db\profiles.db
[2026-08-26 22:45:37.935] [info]  [Settings] Initialising store on path: C:\Users\CARLOS_JR\.lunarclient\settings
[2026-08-26 22:45:37.978] [info]  [Settings] Sent initial settings payload to redux
[2026-08-26 22:45:38.077] [info]  [Cache] Initialising store on path: C:\Users\CARLOS_JR\.lunarclient\settings
[2026-08-26 22:45:38.092] [info]  [Cache] Cache store initialised.
[2026-08-26 22:45:38.093] [info]  [Cache] Cache loaded.
[2026-08-26 22:45:38.095] [info]  [Electron] Setting up protocol (non-default app)...
[2026-08-26 22:45:38.096] [info]  [Electron] Hardware acceleration: enabled
[2026-08-26 22:45:38.104] [info]  [Electron] Ads optimization is enabled.
[2026-08-26 22:45:38.105] [info]  [Electron] Attempting to run app entrypoint...
[2026-08-26 22:45:42.330] [info]  [Electron] Ready signal received.
[2026-08-26 22:45:42.342] [info]  [Electron] Production mode detected.
[2026-08-26 22:45:42.344] [info]  [Electron] Setting up login options... (with startup setting: CLOSED)
[2026-08-26 22:45:42.391] [debug] [Electron] Overwolf UTM params: {"hashParams":{},"source":"client-site","medium":"download-page","campaign":"direct","referrer":"www.lunarclient.com"}
[2026-08-26 22:45:42.447] [error] [Module] Attempted to get module assetserver while it's not setup!
[2026-08-26 22:45:42.448] [error] [Module] Attempted to get module assetserver while it's not setup!
[2026-08-26 22:45:42.450] [info]  [Window] Setting up (Silent startup: false)...
[2026-08-26 22:45:42.502] [warn]  [Permissions] Denied 'media' requested by: 
[2026-08-26 22:45:42.504] [warn]  [Permissions] Denied 'media' requested by: 
[2026-08-26 22:45:42.505] [warn]  [Permissions] Denied 'geolocation' requested by: 
[2026-08-26 22:45:42.506] [warn]  [Permissions] Denied 'window-management' requested by: 
[2026-08-26 22:45:42.526] [info]  [Window] [main] Loading file: C:\Users\CARLOS_JR\AppData\Local\Programs\Lunar Client\resources\app.asar\dist\html\main.html#/
[2026-08-26 22:45:42.535] [info]  [Window] Setup complete!
[2026-08-26 22:45:42.543] [info]  [Module] Setting up...
[2026-08-26 22:45:42.592] [info]  [Module] Starting assetserver
[2026-08-26 22:45:42.594] [info]  [Module] Started assetserver
[2026-08-26 22:45:42.596] [info]  [Module] Starting auth
[2026-08-26 22:45:42.602] [info]  [Auth] Initializing authentication...
[2026-08-26 22:45:42.608] [info]  [Module] Started auth
[2026-08-26 22:45:42.610] [info]  [Module] Starting badlion
[2026-08-26 22:45:42.612] [info]  [Badlion] Starting Badlion initialization
[2026-08-26 22:45:42.614] [info]  [Badlion] Badlion appdata exists: false, Downloaded from Badlion: false
[2026-08-26 22:45:42.615] [info]  [Badlion] Should opt in to Badlion services: false
[2026-08-26 22:45:42.617] [info]  [Module] Started badlion
[2026-08-26 22:45:42.619] [info]  [Module] Starting metadata
[2026-08-26 22:45:42.624] [info]  [Metadata] Loading game profile: 66e9766e-a0c3-4951-b7e4-c8946c428ff5
[2026-08-26 22:45:42.630] [info]  [Module] Started metadata
[2026-08-26 22:45:42.633] [info]  [Module] Starting satellite
[2026-08-26 22:45:42.635] [info]  [Module] Started satellite
[2026-08-26 22:45:42.637] [info]  [Module] Starting profiles
[2026-08-26 22:45:42.640] [info]  [Profiles] Loading profiles...
[2026-08-26 22:45:42.643] [info]  [Module] Started profiles
[2026-08-26 22:45:42.646] [info]  [Module] Starting modrinth
[2026-08-26 22:45:42.648] [info]  [Module] Started modrinth
[2026-08-26 22:45:42.650] [info]  [Module] Starting curseforge
[2026-08-26 22:45:42.652] [info]  [Module] Started curseforge
[2026-08-26 22:45:42.653] [info]  [Module] Starting external-import
[2026-08-26 22:45:42.655] [info]  [Module] Started external-import
[2026-08-26 22:45:42.656] [info]  [Module] Starting installs
[2026-08-26 22:45:42.658] [info]  [Module] Started installs
[2026-08-26 22:45:42.659] [info]  [Module] Starting launch
[2026-08-26 22:45:42.660] [info]  [Module] Started launch
[2026-08-26 22:45:42.662] [info]  [Module] Starting gameipc
[2026-08-26 22:45:42.665] [info]  [GameIPC] Using WebSocketServer directly
[2026-08-26 22:45:42.669] [info]  [Module] Started gameipc
[2026-08-26 22:45:42.671] [info]  [Module] Starting connection
[2026-08-26 22:45:42.673] [info]  [Module] Started connection
[2026-08-26 22:45:42.675] [info]  [Module] Starting hosts-check
[2026-08-26 22:45:42.676] [info]  [Module] Started hosts-check
[2026-08-26 22:45:42.678] [info]  [Module] Starting deeplink
[2026-08-26 22:45:42.681] [info]  [Module] Started deeplink
[2026-08-26 22:45:42.683] [info]  [Module] Starting discord
[2026-08-26 22:45:42.688] [info]  [Module] Started discord
[2026-08-26 22:45:42.689] [info]  [Module] Starting socials
[2026-08-26 22:45:42.690] [info]  [Module] Started socials
[2026-08-26 22:45:42.692] [info]  [Module] Starting styngr
[2026-08-26 22:45:42.693] [info]  [Module] Started styngr
[2026-08-26 22:45:42.695] [info]  [Module] Starting notifications
[2026-08-26 22:45:42.696] [info]  [Module] Started notifications
[2026-08-26 22:45:42.698] [info]  [Module] Starting cosmetics
[2026-08-26 22:45:42.704] [info]  [Module] Started cosmetics
[2026-08-26 22:45:42.706] [info]  [Module] Starting promotions
[2026-08-26 22:45:42.708] [info]  [Module] Started promotions
[2026-08-26 22:45:42.709] [info]  [Module] Starting logs
[2026-08-26 22:45:42.711] [info]  [Module] Started logs
[2026-08-26 22:45:42.713] [info]  [Module] Starting logupload
[2026-08-26 22:45:42.715] [info]  [Module] Started logupload
[2026-08-26 22:45:42.716] [info]  [Module] Starting checkout
[2026-08-26 22:45:42.718] [info]  [Module] Started checkout
[2026-08-26 22:45:42.720] [info]  [Module] Starting overwolf
[2026-08-26 22:45:42.722] [info]  [Module] Started overwolf
[2026-08-26 22:45:42.724] [info]  [Module] Starting servers
[2026-08-26 22:45:42.726] [info]  [Module] Started servers
[2026-08-26 22:45:42.727] [info]  [Module] Starting worlds
[2026-08-26 22:45:42.729] [info]  [Module] Started worlds
[2026-08-26 22:45:42.731] [info]  [Module] Starting screenshots
[2026-08-26 22:45:42.733] [info]  [Module] Started screenshots
[2026-08-26 22:45:42.734] [info]  [Module] Successfully setup 28 modules!
[2026-08-26 22:45:42.739] [info]  [Log Retention] Applying log retention policy: ONE_WEEK. Deleting logs older than 7 days.
[2026-08-26 22:45:42.741] [error] [Log Retention] No profile found, skipping cleanup.
[2026-08-26 22:45:42.747] [info]  [Profiles] Registering directory watcher at C:\Users\CARLOS_JR\.lunarclient\profiles...
[2026-08-26 22:45:42.757] [info]  [Updater] Checking for updates...
[2026-08-26 22:45:42.760] [info]           * Current Version: 3.7.16.12965
[2026-08-26 22:45:42.763] [info]           * Channel: latest-ow
[2026-08-26 22:45:42.765] [info]           * URL: https://launcherupdates.lunarclientcdn.com
[2026-08-26 22:45:42.767] [info]           * User Initiated: false
[2026-08-26 22:45:42.784] [info]  [GameIPC] Server listening on port 28190
[2026-08-26 22:45:42.795] [info]  [Profiles] Found 4 profiles in SQLite
[2026-08-26 22:45:42.801] [info]  [Profiles] Loaded profile Minecraft 26 (ID: 862e3fe1-3710-48b1-b677-390765926149)
[2026-08-26 22:45:42.818] [info]  [Electron] Auto-launch has been detected as disabled
[2026-08-26 22:45:42.821] [warn]  [Watchdog] Main process event loop stalled for ~3987ms (cpu: ~1421ms)
[2026-08-26 22:45:42.910] [info]  [Profiles] Loaded profile JUNIOR_ (ID: ca09900b-3645-4e81-8129-aa5e00073a6a)
[2026-08-26 22:45:42.933] [info]  [Auth] Account Junior_00 is currently active
[2026-08-26 22:45:43.034] [info]  [Auth] Validating account Junior_00 owns Minecraft...
[2026-08-26 22:45:43.161] [warn]  [Profiles] No icon file found for profile Diosesmon Oficial (ID: 66e9766e-a0c3-4951-b7e4-c8946c428ff5)
[2026-08-26 22:45:43.163] [warn]  [Profiles] No featured image file found for profile Diosesmon Oficial (ID: 66e9766e-a0c3-4951-b7e4-c8946c428ff5)
[2026-08-26 22:45:43.165] [info]  [Profiles] Loaded profile Diosesmon Oficial (ID: 66e9766e-a0c3-4951-b7e4-c8946c428ff5)
[2026-08-26 22:45:43.883] [info]  [Metadata] Badlion versions metadata fetched successfully
[2026-08-26 22:45:43.911] [warn]  [Profiles] No icon file found for profile Diosesmon Oficial (ID: 66e9766e-a0c3-4951-b7e4-c8946c428ff5)
[2026-08-26 22:45:43.911] [warn]  [Profiles] No featured image file found for profile Diosesmon Oficial (ID: 66e9766e-a0c3-4951-b7e4-c8946c428ff5)
[2026-08-26 22:45:43.913] [info]  [Profiles] Loaded profile Diosesmon Oficial (ID: 66e9766e-a0c3-4951-b7e4-c8946c428ff5)
[2026-08-26 22:45:44.010] [info]  [Profiles] Loaded profile MCC Island for Lunar Client (ID: 67380c89-129f-43ea-96eb-7cd979e24a9a)
[2026-08-26 22:45:44.011] [info]  [Profiles] Loaded 4 profiles (0 virtual, 4 saved)
[2026-08-26 22:45:44.014] [info]  [Metadata] Setting up virtual profiles
[2026-08-26 22:45:44.016] [info]  [Metadata] Profile selected, using Diosesmon Oficial (ID: 66e9766e-a0c3-4951-b7e4-c8946c428ff5, type: user-modpack, version: 1.21.1)...
[2026-08-26 22:45:44.017] [info]  [Metadata] Cleaning up profile modules...
[2026-08-26 22:45:44.018] [info]  [Metadata] No profiles were found to have bad modules!
[2026-08-26 22:45:44.152] [info]  [Updater] No updates available.
[2026-08-26 22:45:44.155] [info]  [Updater] Update check returned a result... skipping: {"isUpdateAvailable":false,"versionInfo":{"version":"3.7.16-ow","files":[{"url":"Lunar Client v3.7.16-ow.exe","sha512":"K25vDcT8UO0xbMd4MX5URU+l33+vEILLkpsRkxPMYVfB+yP5gqHGuNWOOGgUOE0gH2g4j+1Mjo9AFnQDC35tng=="}],"path":"Lunar Client v3.7.16-ow.exe","sha512":"K25vDcT8UO0xbMd4MX5URU+l33+vEILLkpsRkxPMYVfB+yP5gqHGuNWOOGgUOE0gH2g4j+1Mjo9AFnQDC35tng==","packages":{"x64":{"size":112473965,"sha512":"f2R8yaxYfUc7t48Bk04LzCImKB27jTxQcAe6RAFE/2lMaHmhsNJCJ47S0XSDCCvUNJp5imIeKLPifHT4z+jt5g==","blockMapSize":116960,"path":"lunarclient-3.7.16-ow-x64.nsis.7z","file":"lunarclient-3.7.16-ow-x64.nsis.7z"}},"releaseDate":"2026-08-24T23:38:30.176Z"},"updateInfo":{"version":"3.7.16-ow","files":[{"url":"Lunar Client v3.7.16-ow.exe","sha512":"K25vDcT8UO0xbMd4MX5URU+l33+vEILLkpsRkxPMYVfB+yP5gqHGuNWOOGgUOE0gH2g4j+1Mjo9AFnQDC35tng=="}],"path":"Lunar Client v3.7.16-ow.exe","sha512":"K25vDcT8UO0xbMd4MX5URU+l33+vEILLkpsRkxPMYVfB+yP5gqHGuNWOOGgUOE0gH2g4j+1Mjo9AFnQDC35tng==","packages":{"x64":{"size":112473965,"sha512":"f2R8yaxYfUc7t48Bk04LzCImKB27jTxQcAe6RAFE/2lMaHmhsNJCJ47S0XSDCCvUNJp5imIeKLPifHT4z+jt5g==","blockMapSize":116960,"path":"lunarclient-3.7.16-ow-x64.nsis.7z","file":"lunarclient-3.7.16-ow-x64.nsis.7z"}},"releaseDate":"2026-08-24T23:38:30.176Z"}}
[2026-08-26 22:45:44.316] [info]  [Sentry] Initializing Sentry in app renderer...
[2026-08-26 22:45:44.317] [info]           * DSN: https://2b19802000444b71b53899a26418c0ef@o923049.ingest.sentry.io/6029601
[2026-08-26 22:45:44.317] [info]           * Sample rate: 0.05
[2026-08-26 22:45:44.318] [info]           * Traces Sample rate: 0.01
[2026-08-26 22:45:44.318] [info]           * Debug: disabled
[2026-08-26 22:45:44.318] [info]           * ANR: disabled
[2026-08-26 22:45:44.318] [info]           * Environment: production
[2026-08-26 22:45:44.348] [warn]  [Permissions] Denied 'media' requested by: file:///
[2026-08-26 22:45:44.349] [warn]  [Permissions] Denied 'media' requested by: file:///
[2026-08-26 22:45:44.349] [warn]  [Permissions] Denied 'geolocation' requested by: file:///
[2026-08-26 22:45:44.350] [warn]  [Permissions] Denied 'window-management' requested by: file:///
[2026-08-26 22:45:44.466] [info]  [Metadata] Terms 'privacy' is up to date!
[2026-08-26 22:45:44.468] [info]  [Metadata] Terms 'terms' is up to date!
[2026-08-26 22:45:44.469] [info]  [Metadata] Misc metadata fetched successfully
[2026-08-26 22:45:44.470] [info]  [Metadata] Feature Flags enabled: ServersCTA, SocialMessaging, LunarOAuthApp, LaunchCancelling, SelectModpack, ServerRecommendedModpack, EmbeddedBrowserOpens, MissionControl, ExternalLinkSSO, HomeAdOverwolf, MissionControlAdOverwolf, Radio, RadioPremium, AMDDriverFix, ExploreModsAdOverwolf, MissionControlTopAdOverwolf, OverwolfCRN, YoutubeLinking, HomeTopAdOverwolf, SatelliteGifPicker, VersionsCreateProfile
[2026-08-26 22:45:44.472] [info]  [Metadata] Feature Flags disabled: CustomizableQuickPlay, CommunityServers, ProfileModsExploreCTA, LoaderVersionSetting, InstallVCRedistributable, OverwolfOverlay, TopbarOutplayedPromotion
[2026-08-26 22:45:44.473] [info]  [Metadata] Updater stream channel and URL are the same as before, skipping...
[2026-08-26 22:45:44.475] [info]  [Metadata] Checking cache for language es_ES with remote hash 8f46e49889e93b6bf3f73b7fe8dcafd6bb24f562
[2026-08-26 22:45:44.493] [info]  [Metadata] Language es_ES is already cached, skipping...
[2026-08-26 22:45:44.494] [info]  [Metadata] Languages successfully processed, sending updates...
[2026-08-26 22:45:44.498] [info]  [DiscordRP] Updating activity status...
[2026-08-26 22:45:44.503] [info]  [Metadata] Layout metadata fetched successfully
[2026-08-26 22:45:44.510] [info]  [Metadata] Lunar versions metadata fetched successfully
[2026-08-26 22:45:44.519] [info]  [Metadata] Vanilla versions metadata fetched successfully
[2026-08-26 22:45:44.524] [info]  [Metadata] Setting up virtual profiles
[2026-08-26 22:45:44.564] [info]  [Metadata] Profile selected, using Diosesmon Oficial (ID: 66e9766e-a0c3-4951-b7e4-c8946c428ff5, type: user-modpack, version: 1.21.1)...
[2026-08-26 22:45:44.565] [info]  [Metadata] Cleaning up profile modules...
[2026-08-26 22:45:44.566] [info]  [Metadata] No profiles were found to have bad modules!
[2026-08-26 22:45:44.727] [info]  [Styngr] [Player] Binding event listeners to audio element...
[2026-08-26 22:45:44.741] [info]  [Window] Renderer ready for window 'main'
[2026-08-26 22:45:44.786] [debug] [Window] [main] Window focused
[2026-08-26 22:45:45.139] [warn]  [Permissions] Denied 'media' requested by: 
[2026-08-26 22:45:45.141] [warn]  [Permissions] Denied 'media' requested by: 
[2026-08-26 22:45:45.142] [warn]  [Permissions] Denied 'geolocation' requested by: 
[2026-08-26 22:45:45.143] [warn]  [Permissions] Denied 'window-management' requested by: 
[2026-08-26 22:45:45.294] [info]  [Auth] Account Junior_00 successfully validated to own Minecraft, proceeding with profile retrieval...
[2026-08-26 22:45:45.572] [warn]  [Permissions] Denied 'media' requested by: file:///
[2026-08-26 22:45:45.573] [warn]  [Permissions] Denied 'media' requested by: file:///
[2026-08-26 22:45:45.573] [warn]  [Permissions] Denied 'geolocation' requested by: file:///
[2026-08-26 22:45:45.574] [warn]  [Permissions] Denied 'window-management' requested by: file:///
[2026-08-26 22:45:45.584] [warn]  [Permissions] Denied 'media' requested by: 
[2026-08-26 22:45:45.585] [warn]  [Permissions] Denied 'media' requested by: 
[2026-08-26 22:45:45.586] [warn]  [Permissions] Denied 'geolocation' requested by: 
[2026-08-26 22:45:45.587] [warn]  [Permissions] Denied 'window-management' requested by: 
[2026-08-26 22:45:46.605] [info]  [Auth] Successfully retrieved Minecraft profile for account Junior_00, checking multiplayer privileges...
[2026-08-26 22:45:46.608] [info]  [Auth] Successfully validated account Junior_00 owns Minecraft, checking banned status...
[2026-08-26 22:45:46.610] [info]  [Auth] Account Junior_00 has multiplayer access and is not banned, proceeding with login...
[2026-08-26 22:45:46.615] [info]  [AssetServer] No reconnect JWT available, going to Authenticator...
[2026-08-26 22:45:46.621] [info]  [AssetServer] Registered 42 push handlers
[2026-08-26 22:45:46.658] [info]  [Overwolf] Set cached OWAEH in Overwolf registry for aa35297e424044cb8b676659959d35eb
[2026-08-26 22:45:46.666] [info]  [Auth] [Authenticator] Getting Lunar Client Token for Junior_00 (aa35297e424044cb8b676659959d35eb). Initiator is LAUNCHER_WEBSOCKET
[2026-08-26 22:45:46.668] [info]  [Auth] [Authenticator] No cached token found for Junior_00 (aa35297e424044cb8b676659959d35eb), requesting new token...
[2026-08-26 22:45:47.111] [info]  [Auth] [Authenticator] Connection opened for Junior_00 (aa35297e424044cb8b676659959d35eb)
[2026-08-26 22:45:47.142] [info]  [Auth] [Authenticator] Creating Minecraft session for Junior_00 (aa35297e424044cb8b676659959d35eb)...
[2026-08-26 22:45:47.872] [info]  [Auth] [Authenticator] Created Minecraft session for Junior_00 (aa35297e424044cb8b676659959d35eb)
[2026-08-26 22:45:48.140] [info]  [Auth] [Authenticator] Got Lunar Client Token for Junior_00 (aa35297e424044cb8b676659959d35eb)
[2026-08-26 22:45:48.251] [info]  [Auth] [Authenticator] Connection disconnected for Junior_00 (aa35297e424044cb8b676659959d35eb)
[2026-08-26 22:45:48.253] [info]  [Auth] [Authenticator] Code: 1000 - Reason: Issued.
[2026-08-26 22:45:48.750] [info]  [AssetServer] Connection opened!
[2026-08-26 22:45:48.754] [info]  [AssetServer] Sending initial connection handshake
[2026-08-26 22:45:48.757] [info]  [AssetServer] Starting service logins in parallel...
[2026-08-26 22:45:48.941] [info]  [AssetServer] Received session ID: 4b42f43b-4a4f-4995-ba9e-ac9da1233cf0
[2026-08-26 22:45:48.956] [info]  [Settings] Setting socials-visibility to 1...
[2026-08-26 22:45:48.987] [info]  [Settings] Setting default-screenshot-upload-privacy to 2...
[2026-08-26 22:45:49.002] [info]  [Settings] Setting incoming-gift-privacy to 1...
[2026-08-26 22:45:49.012] [info]  [Settings] Setting wrapped-leaderboard-visibility to 1...
[2026-08-26 22:45:49.023] [info]  [Settings] Setting cosmetic-ownership-visibility to 1...
[2026-08-26 22:45:49.047] [info]  [Promotions] Corner promotion exempt? false
[2026-08-26 22:45:49.049] [info]  [Settings] Setting radio-playing-visibility to 1...
[2026-08-26 22:45:49.061] [info]  [Settings] Setting allow-friend-requests to true...
[2026-08-26 22:45:49.073] [info]  [Settings] Setting last-seen-visibility to 1...
[2026-08-26 22:45:49.086] [info]  [AssetServer] Completed service logins!
[2026-08-26 22:45:49.753] [info]  [Overwolf] Received ready signal for overlay v2.0.10
[2026-08-26 22:45:49.900] [info]  [Overwolf] Received ready signal for crn v279.0.3
[2026-08-26 22:46:02.044] [warn]  [Permissions] Denied 'background-sync' requested by: https://gum.criteo.com/
[2026-08-26 22:46:12.516] [info]  [Profiles] Setting up logs configuration for Diosesmon Oficial at C:\Users\CARLOS_JR\.lunarclient\profiles\diosesmon-oficial\logs\config.xml...
[2026-08-26 22:46:12.595] [info]  [Launch] Starting new session (ID: 93ba942f-06b5-4eea-a041-c02f007794c8)
[2026-08-26 22:46:12.602] [info]  [Launch] [Request] Starting check...
[2026-08-26 22:46:12.628] [warn]  [Permissions] Denied 'media' requested by: 
[2026-08-26 22:46:12.630] [warn]  [Permissions] Denied 'media' requested by: 
[2026-08-26 22:46:12.630] [warn]  [Permissions] Denied 'geolocation' requested by: 
[2026-08-26 22:46:12.632] [warn]  [Permissions] Denied 'window-management' requested by: 
[2026-08-26 22:46:12.645] [info]  [Window] [mission-control] Loading file: C:\Users\CARLOS_JR\AppData\Local\Programs\Lunar Client\resources\app.asar\dist\html\mission-control.html#undefined
[2026-08-26 22:46:12.652] [info]  [Window] Opening Mission Control on primary display (Display ID: 2623434305)...
[2026-08-26 22:46:12.882] [info]  [Launch] [Request] Finished check (280ms)
[2026-08-26 22:46:12.888] [info]  [Launch] [Parallel-stages] Starting check...
[2026-08-26 22:46:12.943] [info]  [Launch]   [Licenses] Starting check...
[2026-08-26 22:46:12.945] [info]  [Launch]   [Textures] Starting check...
[2026-08-26 22:46:12.947] [info]  [Launch]   [Assets] Starting check...
[2026-08-26 22:46:12.949] [info]  [Launch]   [Artifacts-and-natives] Starting check...
[2026-08-26 22:46:12.950] [info]  [Launch]   [Jre] Starting check...
[2026-08-26 22:46:12.951] [info]  [Launch]   [Ui] Starting check...
[2026-08-26 22:46:12.957] [info]  [Launch]     [Artifacts] Starting check...
[2026-08-26 22:46:12.959] [info]  [Launch]   [Jre] JRE folder permissions: 666
[2026-08-26 22:46:13.348] [info]  [Launch]   [Ui] Checking HKLM for VC++ Redistributable...
[2026-08-26 22:46:13.520] [info]  [Sentry] Initializing Sentry in mission-control renderer...
[2026-08-26 22:46:13.524] [info]           * DSN: https://2b19802000444b71b53899a26418c0ef@o923049.ingest.sentry.io/6029601
[2026-08-26 22:46:13.525] [info]           * Sample rate: 0.05
[2026-08-26 22:46:13.525] [info]           * Traces Sample rate: 0.01
[2026-08-26 22:46:13.525] [info]           * Debug: disabled
[2026-08-26 22:46:13.526] [info]           * ANR: disabled
[2026-08-26 22:46:13.526] [info]           * Environment: production
[2026-08-26 22:46:13.588] [warn]  [Permissions] Denied 'media' requested by: file:///
[2026-08-26 22:46:13.589] [warn]  [Permissions] Denied 'media' requested by: file:///
[2026-08-26 22:46:13.591] [warn]  [Permissions] Denied 'geolocation' requested by: file:///
[2026-08-26 22:46:13.592] [warn]  [Permissions] Denied 'window-management' requested by: file:///
[2026-08-26 22:46:13.780] [info]  [Launch]   [Ui] Found VC++ Redistributable version v14.50.35719.00
[2026-08-26 22:46:13.931] [info]  [Launch]   [Textures] Index is invalid (f0ca311411e1b0d5b92f834f2cbf7fc2fb88b8bf vs 71a3716c414b86cd2b5addf715b219ecdc2a5439) - making index request...
[2026-08-26 22:46:13.950] [info]  [Launch] [Licenses] No new files needed, skipping download phase...
[2026-08-26 22:46:13.951] [info]  [Launch]   [Licenses] Finished check (1008ms)
[2026-08-26 22:46:14.014] [info]  [Launch]   [Assets] Index is valid, using it...
[2026-08-26 22:46:14.157] [info]  [Window] Renderer ready for window 'mission-control'
[2026-08-26 22:46:14.189] [debug] [Window] [mission-control] Window focused
[2026-08-26 22:46:14.599] [info]  [Launch]   [Textures] Received index response, status is 200
[2026-08-26 22:46:14.754] [warn]  [Permissions] Denied 'media' requested by: file:///
[2026-08-26 22:46:14.755] [warn]  [Permissions] Denied 'media' requested by: file:///
[2026-08-26 22:46:14.756] [warn]  [Permissions] Denied 'geolocation' requested by: file:///
[2026-08-26 22:46:14.757] [warn]  [Permissions] Denied 'window-management' requested by: file:///
[2026-08-26 22:46:14.771] [warn]  [Permissions] Denied 'media' requested by: 
[2026-08-26 22:46:14.772] [warn]  [Permissions] Denied 'media' requested by: 
[2026-08-26 22:46:14.773] [warn]  [Permissions] Denied 'geolocation' requested by: 
[2026-08-26 22:46:14.774] [warn]  [Permissions] Denied 'window-management' requested by: 
[2026-08-26 22:46:14.783] [warn]  [Permissions] Denied 'media' requested by: file:///
[2026-08-26 22:46:14.784] [warn]  [Permissions] Denied 'media' requested by: file:///
[2026-08-26 22:46:14.786] [warn]  [Permissions] Denied 'geolocation' requested by: file:///
[2026-08-26 22:46:14.788] [warn]  [Permissions] Denied 'window-management' requested by: file:///
[2026-08-26 22:46:14.805] [warn]  [Permissions] Denied 'media' requested by: 
[2026-08-26 22:46:14.806] [warn]  [Permissions] Denied 'media' requested by: 
[2026-08-26 22:46:14.807] [warn]  [Permissions] Denied 'geolocation' requested by: 
[2026-08-26 22:46:14.808] [warn]  [Permissions] Denied 'window-management' requested by: 
[2026-08-26 22:46:14.844] [warn]  [Permissions] Denied 'media' requested by: file:///
[2026-08-26 22:46:14.847] [warn]  [Permissions] Denied 'media' requested by: file:///
[2026-08-26 22:46:14.848] [warn]  [Permissions] Denied 'geolocation' requested by: file:///
[2026-08-26 22:46:14.850] [warn]  [Permissions] Denied 'window-management' requested by: file:///
[2026-08-26 22:46:15.672] [info]  [Launch]   [Ui] UI zip already downloaded and verified.
[2026-08-26 22:46:20.351] [warn]  [Permissions] Denied 'background-sync' requested by: https://gum.criteo.com/
[2026-08-26 22:46:23.443] [warn]  [Permissions] Denied 'background-sync' requested by: https://gum.criteo.com/
[2026-08-26 22:46:24.942] [warn]  [Permissions] Denied 'background-sync' requested by: https://gum.criteo.com/
[2026-08-26 22:46:30.422] [info]  [Launch] [Textures] Starting download of 1 files...
[2026-08-26 22:46:30.424] [info]  [Launch] [Textures] All files queued for download. Waiting...
[2026-08-26 22:46:30.439] [info]  [Launch] [Textures] Attempting full download for C:\Users\CARLOS_JR\.lunarclient\textures\assets\lunar\jit_index, differential not available.
[2026-08-26 22:46:31.830] [info]  [Launch] [Textures] Download complete.
[2026-08-26 22:46:31.831] [info]  [Launch]   [Textures] Finished check (18886ms)
[2026-08-26 22:46:31.903] [info]  [Launch]   [Ui] Zip contains 2 file entries.
[2026-08-26 22:46:31.907] [info]  [Launch]   [Ui] All 2 expected files are present.
[2026-08-26 22:46:31.908] [info]  [Launch]   [Ui] UI 7c408ec0c875ded4aaa94f426f3b31dcec957c5f already extracted, reusing.
[2026-08-26 22:46:31.912] [info]  [Launch] [Assets] No new files needed, skipping download phase...
[2026-08-26 22:46:31.913] [info]  [Launch]   [Assets] Finished check (18966ms)
[2026-08-26 22:46:31.937] [info]  [Launch]   [Ui] Index is valid, using it...
[2026-08-26 22:46:32.070] [info]  [Launch] [Ui] No new files needed, skipping download phase...
[2026-08-26 22:46:32.071] [info]  [Launch]   [Ui] Finished check (19120ms)
[2026-08-26 22:46:32.191] [info]  [Launch] [Artifacts] No new files needed, skipping download phase...
[2026-08-26 22:46:32.192] [info]  [Launch]     [Artifacts] Finished check (19235ms)
[2026-08-26 22:46:32.194] [info]  [Launch]     [Natives] Starting check...
[2026-08-26 22:46:32.196] [info]  [Launch]     [Natives] Extracting 4 natives to C:\Users\CARLOS_JR\.lunarclient\offline\multiver\natives...
[2026-08-26 22:46:32.427] [info]  [Launch]   [Jre] No new files needed, skipping download phase...
[2026-08-26 22:46:32.428] [info]  [Launch]   [Jre] Unable to perform Windows JavaW fix (missing data), skipping...
[2026-08-26 22:46:32.430] [info]  [Launch]   [Jre] Performing JavaW integrity check...
[2026-08-26 22:46:32.432] [info]  [Launch]   [Jre] Current JavaW file permissions: 666
[2026-08-26 22:46:32.433] [info]  [Launch]   [Jre] Finished check (19483ms)
[2026-08-26 22:46:34.480] [info]  [Launch]     [Natives] Finished check (2286ms)
[2026-08-26 22:46:34.485] [info]  [Launch]   [Artifacts-and-natives] Finished check (21536ms)
[2026-08-26 22:46:34.486] [info]  [Launch] [Parallel-stages] Finished check (21598ms)
[2026-08-26 22:46:34.491] [info]  [Launch] [Jar-validation] Starting check...
[2026-08-26 22:46:34.494] [info]  [Launch] [Jar-validation] Validating jar files in C:\Users\CARLOS_JR\.lunarclient\profiles\diosesmon-oficial\mods...
[2026-08-26 22:46:34.511] [info]  [Launch] [Jar-validation] Found 174 jar file(s) to validate
[2026-08-26 22:46:35.824] [warn]  [Permissions] Denied 'background-sync' requested by: https://gum.criteo.com/
[2026-08-26 22:46:36.114] [warn]  [Permissions] Denied 'background-sync' requested by: https://gum.criteo.com/
[2026-08-26 22:46:36.125] [warn]  [Permissions] Denied 'background-sync' requested by: https://imasdk.googleapis.com/
[2026-08-26 22:46:39.962] [info]  [Launch] [Jar-validation] Validation complete: 174 valid, 0 invalid
[2026-08-26 22:46:39.963] [info]  [Launch] [Jar-validation] Finished check (5472ms)
[2026-08-26 22:46:40.969] [warn]  [Permissions] Denied 'notifications' requested by: 
[2026-08-26 22:46:40.970] [warn]  [Permissions] Denied 'notifications' requested by: 
[2026-08-26 22:46:40.972] [warn]  [Permissions] Denied 'notifications' requested by: 
[2026-08-26 22:46:41.295] [warn]  [Permissions] Denied 'background-sync' requested by: https://imasdk.googleapis.com/
[2026-08-26 22:46:42.491] [info]  [Launch] Spawning JVM process with following configuration...
[2026-08-26 22:46:42.492] [info]           * Version: 1.21
[2026-08-26 22:46:42.493] [info]           * Subversion: 1.21.1
[2026-08-26 22:46:42.494] [info]           * Module: fabric
[2026-08-26 22:46:42.496] [info]           * Directory: C:\Users\CARLOS_JR\.lunarclient\profiles\diosesmon-oficial
[2026-08-26 22:46:42.497] [info]           * Resolution: 1920x1080
[2026-08-26 22:46:42.498] [info]           * Fullscreen?: false
[2026-08-26 22:46:42.500] [info]           * Memory: 4096MB
[2026-08-26 22:46:42.501] [info]           * Branch: master
[2026-08-26 22:46:42.502] [info]           * Quick Join: N/A
[2026-08-26 22:46:42.503] [info]           * Profile ID: 66e9766e-a0c3-4951-b7e4-c8946c428ff5
[2026-08-26 22:46:42.505] [info]           * Loader Version: automatic
[2026-08-26 22:46:42.506] [info]           * Custom JVM Arguments: N/A
[2026-08-26 22:46:42.507] [info]           * IPC Port: 28190
[2026-08-26 22:46:42.511] [info]           * Pre-launch Command: N/A
[2026-08-26 22:46:42.513] [info]           * Wrapper Command: N/A
[2026-08-26 22:46:42.514] [info]           * Post-exit Command: N/A
[2026-08-26 22:46:42.516] [info]           * Mods Directory: C:\Users\CARLOS_JR\.lunarclient\profiles\diosesmon-oficial\mods
[2026-08-26 22:46:42.520] [info]  [Launch] System properties: ["-Dlog4j2.formatMsgNoLookups=true","-DTrickNvidiaDriversForPerformance=' net.minecraft.client.main.Main '","-Dichor.filteredGenesisSentries=.*lcqt.*|.*Some of your mods are incompatible with the game or each other.*","-Dlunar.webosr.url=file:index.html","-Dichor.fabric.profileModPath=C:\\Users\\CARLOS_JR\\.lunarclient\\profiles\\diosesmon-oficial\\mods","-Djava.library.path=C:\\Users\\CARLOS_JR\\.lunarclient\\offline\\multiver\\natives","-Dlog4j.configurationFile=C:\\Users\\CARLOS_JR\\.lunarclient\\profiles\\diosesmon-oficial\\logs\\config.xml","-Dichor.logsFile=C:\\Users\\CARLOS_JR\\.lunarclient\\profiles\\diosesmon-oficial\\logs\\ichor-boot.log","-Dichor.usingIsolatedProfiles=true"]
[2026-08-26 22:46:42.566] [info]  [Launch] JVM process started with following outputs...
[2026-08-26 22:46:42.568] [info]           * PID: 9500
[2026-08-26 22:46:42.569] [info]           * Start Time: 26/8/2026, 10:46:42 p.m.
[2026-08-26 22:46:44.687] [warn]  [Permissions] Denied 'notifications' requested by: 
[2026-08-26 22:46:44.691] [warn]  [Permissions] Denied 'notifications' requested by: 
[2026-08-26 22:46:44.759] [warn]  [Permissions] Denied 'notifications' requested by: 
[2026-08-26 22:46:59.401] [warn]  [Permissions] Denied 'notifications' requested by: 
[2026-08-26 22:46:59.403] [warn]  [Permissions] Denied 'notifications' requested by: 
[2026-08-26 22:46:59.405] [warn]  [Permissions] Denied 'notifications' requested by: 
[2026-08-26 22:48:01.849] [warn]  [Permissions] Denied 'background-sync' requested by: https://imasdk.googleapis.com/
[2026-08-26 22:48:24.052] [warn]  [Permissions] Denied 'background-sync' requested by: https://imasdk.googleapis.com/
[2026-08-26 22:49:34.292] [warn]  [Permissions] Denied 'background-sync' requested by: 
[2026-08-26 22:50:05.078] [warn]  [Permissions] Denied 'background-sync' requested by: 
[2026-08-26 22:50:20.677] [info]  [Window] Hiding all windows except mission-control...
[2026-08-26 22:50:20.776] [debug] [Window] [main] Window hidden
[2026-08-26 22:50:21.057] [info]  [Overwolf] [Overlay] Game launched, skipping injection because the feature is currently disabled
[2026-08-26 22:50:22.124] [info]  [Overwolf] [CRN] 'before-notification' event was fired
[2026-08-26 22:50:35.414] [warn]  [Permissions] Denied 'background-sync' requested by: 
[2026-08-26 22:50:42.641] [info]  [StorageInfo] Getting storage info...
[2026-08-26 22:50:42.644] [info]  [StorageInfo] Directory C:\Users\CARLOS_JR\.lunarclient\logs\game does not exist, skipping calculation...
[2026-08-26 22:50:44.666] [info]  [StorageInfo] Successfully calculated storage info
[2026-08-26 22:51:01.789] [info]  [GameIPC] Received handshake from headers!
[2026-08-26 22:51:01.792] [info]  [GameIPC] Registered 9 services
[2026-08-26 22:51:01.794] [info]  [GameIPC] No pending pushes to flush
[2026-08-26 22:51:20.484] [info]  [Launch] Starting log file polling
[2026-08-26 22:51:44.083] [warn]  [Permissions] Denied 'background-sync' requested by: https://imasdk.googleapis.com/
[2026-08-26 22:51:57.410] [warn]  [Permissions] Denied 'background-sync' requested by: https://imasdk.googleapis.com/
[2026-08-26 22:52:12.550] [warn]  [Permissions] Denied 'background-sync' requested by: 
[2026-08-26 22:52:31.457] [warn]  [Permissions] Denied 'background-sync' requested by: https://imasdk.googleapis.com/
[2026-08-26 22:52:42.324] [warn]  [Permissions] Denied 'background-sync' requested by: https://aax-events-cell02-cf.us-west.3px.axp.amazon-adsystem.com/
[2026-08-26 22:53:01.509] [warn]  [Permissions] Denied 'background-sync' requested by: https://imasdk.googleapis.com/
[2026-08-26 22:53:12.464] [warn]  [Permissions] Denied 'background-sync' requested by: 
[2026-08-26 22:54:42.899] [warn]  [Permissions] Denied 'background-sync' requested by: https://gum.criteo.com/
[2026-08-26 22:54:44.323] [warn]  [Permissions] Denied 'background-sync' requested by: https://gum.criteo.com/
[2026-08-26 22:55:15.822] [info]  [AssetServer] Connection closed! Code: 1006 - Reason: N/A
[2026-08-26 22:55:15.874] [info]  [AssetServer] Scheduling reconnect task...
[2026-08-26 22:55:16.009] [error] [Connection] Error checking connection: Error: getaddrinfo ENOTFOUND lunarclient.com
    at GetAddrInfoReqWrap.onlookupall [as oncomplete] (node:dns:122:26)
    at GetAddrInfoReqWrap.callbackTrampoline (node:internal/async_hooks:130:17)
[2026-08-26 22:55:16.024] [info]  [Connection] Probe failed (1/2), waiting for another failure before going offline...
[2026-08-26 22:55:31.968] [warn]  [Permissions] Denied 'background-sync' requested by: https://gum.criteo.com/
[2026-08-26 22:55:36.475] [warn]  [Permissions] Denied 'background-sync' requested by: https://gum.criteo.com/
[2026-08-26 22:55:37.987] [warn]  [Permissions] Denied 'background-sync' requested by: https://gum.criteo.com/
[2026-08-26 22:55:45.881] [info]  [AssetServer] Attempting to reconnect...
[2026-08-26 22:55:45.893] [info]  [AssetServer] No reconnect JWT available, going to Authenticator...
[2026-08-26 22:55:45.915] [info]  [Auth] [Authenticator] Getting Lunar Client Token for Junior_00 (aa35297e424044cb8b676659959d35eb). Initiator is LAUNCHER_WEBSOCKET
[2026-08-26 22:55:45.918] [info]  [Auth] [Authenticator] Found cached token for Junior_00 (aa35297e424044cb8b676659959d35eb), reusing it.
[2026-08-26 22:55:46.197] [info]  [AssetServer] Reconnected to AssetServer!
[2026-08-26 22:55:46.525] [info]  [AssetServer] Connection opened!
[2026-08-26 22:55:46.527] [info]  [AssetServer] Sending initial connection handshake
[2026-08-26 22:55:46.530] [info]  [AssetServer] Starting service logins in parallel...
[2026-08-26 22:55:46.616] [info]  [AssetServer] Received session ID: 4abd7906-3dd5-4d03-a240-c647cb1e57c5
[2026-08-26 22:55:46.719] [info]  [Settings] Setting socials-visibility to 1...
[2026-08-26 22:55:46.762] [info]  [Settings] Setting default-screenshot-upload-privacy to 2...
[2026-08-26 22:55:46.773] [info]  [Settings] Setting incoming-gift-privacy to 1...
[2026-08-26 22:55:46.785] [info]  [Settings] Setting wrapped-leaderboard-visibility to 1...
[2026-08-26 22:55:46.799] [info]  [Settings] Setting cosmetic-ownership-visibility to 1...
[2026-08-26 22:55:46.843] [info]  [Settings] Setting allow-friend-requests to true...
[2026-08-26 22:55:46.860] [info]  [Settings] Setting last-seen-visibility to 1...
[2026-08-26 22:55:46.873] [info]  [Settings] Setting radio-playing-visibility to 1...
[2026-08-26 22:55:46.884] [info]  [Promotions] Corner promotion exempt? false
[2026-08-26 22:55:46.886] [info]  [AssetServer] Completed service logins!
[2026-08-26 22:56:52.741] [info]  [DiscordRP] Updating activity status...
[2026-08-26 23:00:29.466] [warn]  [Permissions] Denied 'background-sync' requested by: 
[2026-08-26 23:00:38.135] [info]  [Updater] Checking for updates...
[2026-08-26 23:00:38.138] [info]           * Current Version: 3.7.16.12965
[2026-08-26 23:00:38.140] [info]           * Channel: latest-ow
[2026-08-26 23:00:38.142] [info]           * URL: https://launcherupdates.lunarclientcdn.com
[2026-08-26 23:00:38.143] [info]           * User Initiated: false
[2026-08-26 23:00:38.402] [info]  [Updater] No updates available.
[2026-08-26 23:00:38.412] [info]  [Updater] Update check returned a result... skipping: {"isUpdateAvailable":false,"versionInfo":{"version":"3.7.16-ow","files":[{"url":"Lunar Client v3.7.16-ow.exe","sha512":"K25vDcT8UO0xbMd4MX5URU+l33+vEILLkpsRkxPMYVfB+yP5gqHGuNWOOGgUOE0gH2g4j+1Mjo9AFnQDC35tng=="}],"path":"Lunar Client v3.7.16-ow.exe","sha512":"K25vDcT8UO0xbMd4MX5URU+l33+vEILLkpsRkxPMYVfB+yP5gqHGuNWOOGgUOE0gH2g4j+1Mjo9AFnQDC35tng==","packages":{"x64":{"size":112473965,"sha512":"f2R8yaxYfUc7t48Bk04LzCImKB27jTxQcAe6RAFE/2lMaHmhsNJCJ47S0XSDCCvUNJp5imIeKLPifHT4z+jt5g==","blockMapSize":116960,"path":"lunarclient-3.7.16-ow-x64.nsis.7z","file":"lunarclient-3.7.16-ow-x64.nsis.7z"}},"releaseDate":"2026-08-24T23:38:30.176Z"},"updateInfo":{"version":"3.7.16-ow","files":[{"url":"Lunar Client v3.7.16-ow.exe","sha512":"K25vDcT8UO0xbMd4MX5URU+l33+vEILLkpsRkxPMYVfB+yP5gqHGuNWOOGgUOE0gH2g4j+1Mjo9AFnQDC35tng=="}],"path":"Lunar Client v3.7.16-ow.exe","sha512":"K25vDcT8UO0xbMd4MX5URU+l33+vEILLkpsRkxPMYVfB+yP5gqHGuNWOOGgUOE0gH2g4j+1Mjo9AFnQDC35tng==","packages":{"x64":{"size":112473965,"sha512":"f2R8yaxYfUc7t48Bk04LzCImKB27jTxQcAe6RAFE/2lMaHmhsNJCJ47S0XSDCCvUNJp5imIeKLPifHT4z+jt5g==","blockMapSize":116960,"path":"lunarclient-3.7.16-ow-x64.nsis.7z","file":"lunarclient-3.7.16-ow-x64.nsis.7z"}},"releaseDate":"2026-08-24T23:38:30.176Z"}}
[2026-08-26 23:00:57.922] [warn]  [Permissions] Denied 'background-sync' requested by: https://aax-events-cell02-cf.us-west.3px.axp.amazon-adsystem.com/
[2026-08-26 23:01:15.101] [warn]  [Permissions] Denied 'background-sync' requested by: https://aax-events-cell02-cf.us-west.3px.axp.amazon-adsystem.com/
[2026-08-26 23:01:30.917] [warn]  [Permissions] Denied 'background-sync' requested by: 
[2026-08-26 23:01:59.571] [warn]  [Permissions] Denied 'background-sync' requested by: https://aax-events-cell02-cf.us-west.3px.axp.amazon-adsystem.com/
[2026-08-26 23:02:15.487] [warn]  [Permissions] Denied 'background-sync' requested by: https://aax-events-cell02-cf.us-west.3px.axp.amazon-adsystem.com/
[2026-08-26 23:03:15.474] [warn]  [Permissions] Denied 'background-sync' requested by: https://aax-events-cell02-cf.us-west.3px.axp.amazon-adsystem.com/
[2026-08-26 23:04:15.494] [warn]  [Permissions] Denied 'background-sync' requested by: https://aax-events-cell02-cf.us-west.3px.axp.amazon-adsystem.com/
[2026-08-26 23:04:32.392] [warn]  [Permissions] Denied 'background-sync' requested by: https://gum.criteo.com/
[2026-08-26 23:04:34.634] [warn]  [Permissions] Denied 'background-sync' requested by: https://gum.criteo.com/
[2026-08-26 23:04:44.434] [warn]  [Permissions] Denied 'background-sync' requested by: https://gum.criteo.com/
[2026-08-26 23:05:12.865] [warn]  [Permissions] Denied 'background-sync' requested by: https://gum.criteo.com/
[2026-08-26 23:05:15.498] [warn]  [Permissions] Denied 'background-sync' requested by: https://aax-events-cell02-cf.us-west.3px.axp.amazon-adsystem.com/
[2026-08-26 23:05:41.796] [warn]  [Permissions] Denied 'background-sync' requested by: https://gum.criteo.com/
[2026-08-26 23:06:15.498] [warn]  [Permissions] Denied 'background-sync' requested by: https://aax-events-cell02-cf.us-west.3px.axp.amazon-adsystem.com/
[2026-08-26 23:07:04.309] [warn]  [Permissions] Denied 'background-sync' requested by: https://ad.doubleclick.net/
[2026-08-26 23:07:05.447] [warn]  [Permissions] Denied 'notifications' requested by: https://ad.doubleclick.net/
[2026-08-26 23:07:05.457] [warn]  [Permissions] Denied 'notifications' requested by: https://ad.doubleclick.net/
[2026-08-26 23:07:05.463] [warn]  [Permissions] Denied 'notifications' requested by: https://ad.doubleclick.net/
[2026-08-26 23:07:15.506] [warn]  [Permissions] Denied 'background-sync' requested by: https://aax-events-cell02-cf.us-west.3px.axp.amazon-adsystem.com/
[2026-08-26 23:07:15.507] [warn]  [Permissions] Denied 'background-sync' requested by: https://htlb.casalemedia.com/
[2026-08-26 23:08:15.519] [warn]  [Permissions] Denied 'background-sync' requested by: https://aax-events-cell02-cf.us-west.3px.axp.amazon-adsystem.com/
[2026-08-26 23:08:15.522] [warn]  [Permissions] Denied 'background-sync' requested by: https://htlb.casalemedia.com/
[2026-08-26 23:08:48.361] [warn]  [Permissions] Denied 'background-sync' requested by: https://aax-events-cell02-cf.us-west.3px.axp.amazon-adsystem.com/
[2026-08-26 23:09:15.525] [warn]  [Permissions] Denied 'background-sync' requested by: https://aax-events-cell02-cf.us-west.3px.axp.amazon-adsystem.com/
[2026-08-26 23:09:15.529] [warn]  [Permissions] Denied 'background-sync' requested by: https://htlb.casalemedia.com/
[2026-08-26 23:10:15.540] [warn]  [Permissions] Denied 'background-sync' requested by: https://aax-events-cell02-cf.us-west.3px.axp.amazon-adsystem.com/
[2026-08-26 23:10:15.547] [warn]  [Permissions] Denied 'background-sync' requested by: https://htlb.casalemedia.com/
[2026-08-26 23:11:15.548] [warn]  [Permissions] Denied 'background-sync' requested by: https://aax-events-cell02-cf.us-west.3px.axp.amazon-adsystem.com/
[2026-08-26 23:11:15.552] [warn]  [Permissions] Denied 'background-sync' requested by: https://htlb.casalemedia.com/
[2026-08-26 23:12:15.558] [warn]  [Permissions] Denied 'background-sync' requested by: https://aax-events-cell02-cf.us-west.3px.axp.amazon-adsystem.com/
[2026-08-26 23:12:15.560] [warn]  [Permissions] Denied 'background-sync' requested by: https://htlb.casalemedia.com/
[2026-08-26 23:12:15.561] [warn]  [Permissions] Denied 'background-sync' requested by: https://m.media-amazon.com/
[2026-08-26 23:12:59.557] [warn]  [Permissions] Denied 'background-sync' requested by: https://gum.criteo.com/
[2026-08-26 23:13:15.560] [warn]  [Permissions] Denied 'background-sync' requested by: https://aax-events-cell02-cf.us-west.3px.axp.amazon-adsystem.com/
[2026-08-26 23:13:15.563] [warn]  [Permissions] Denied 'background-sync' requested by: https://htlb.casalemedia.com/
[2026-08-26 23:13:15.564] [warn]  [Permissions] Denied 'background-sync' requested by: https://m.media-amazon.com/
[2026-08-26 23:13:21.529] [warn]  [Permissions] Denied 'background-sync' requested by: https://gum.criteo.com/
[2026-08-26 23:13:21.906] [warn]  [Permissions] Denied 'background-sync' requested by: https://gum.criteo.com/
[2026-08-26 23:13:51.263] [warn]  [Permissions] Denied 'background-sync' requested by: https://gum.criteo.com/
[2026-08-26 23:13:51.475] [warn]  [Permissions] Denied 'background-sync' requested by: https://gum.criteo.com/
[2026-08-26 23:14:06.691] [warn]  [Permissions] Denied 'background-sync' requested by: https://gum.criteo.com/
[2026-08-26 23:14:07.637] [warn]  [Permissions] Denied 'background-sync' requested by: https://gum.criteo.com/
[2026-08-26 23:14:15.585] [warn]  [Permissions] Denied 'background-sync' requested by: https://aax-events-cell02-cf.us-west.3px.axp.amazon-adsystem.com/
[2026-08-26 23:14:15.591] [warn]  [Permissions] Denied 'background-sync' requested by: https://htlb.casalemedia.com/
[2026-08-26 23:14:15.592] [warn]  [Permissions] Denied 'background-sync' requested by: https://m.media-amazon.com/
[2026-08-26 23:15:15.585] [warn]  [Permissions] Denied 'background-sync' requested by: https://aax-events-cell02-cf.us-west.3px.axp.amazon-adsystem.com/
[2026-08-26 23:15:15.589] [warn]  [Permissions] Denied 'background-sync' requested by: https://htlb.casalemedia.com/
[2026-08-26 23:15:15.590] [warn]  [Permissions] Denied 'background-sync' requested by: https://m.media-amazon.com/
[2026-08-26 23:15:38.125] [info]  [Updater] Checking for updates...
[2026-08-26 23:15:38.127] [info]           * Current Version: 3.7.16.12965
[2026-08-26 23:15:38.129] [info]           * Channel: latest-ow
[2026-08-26 23:15:38.131] [info]           * URL: https://launcherupdates.lunarclientcdn.com
[2026-08-26 23:15:38.133] [info]           * User Initiated: false
[2026-08-26 23:15:39.325] [info]  [Updater] No updates available.
[2026-08-26 23:15:39.327] [info]  [Updater] Update check returned a result... skipping: {"isUpdateAvailable":false,"versionInfo":{"version":"3.7.16-ow","files":[{"url":"Lunar Client v3.7.16-ow.exe","sha512":"K25vDcT8UO0xbMd4MX5URU+l33+vEILLkpsRkxPMYVfB+yP5gqHGuNWOOGgUOE0gH2g4j+1Mjo9AFnQDC35tng=="}],"path":"Lunar Client v3.7.16-ow.exe","sha512":"K25vDcT8UO0xbMd4MX5URU+l33+vEILLkpsRkxPMYVfB+yP5gqHGuNWOOGgUOE0gH2g4j+1Mjo9AFnQDC35tng==","packages":{"x64":{"size":112473965,"sha512":"f2R8yaxYfUc7t48Bk04LzCImKB27jTxQcAe6RAFE/2lMaHmhsNJCJ47S0XSDCCvUNJp5imIeKLPifHT4z+jt5g==","blockMapSize":116960,"path":"lunarclient-3.7.16-ow-x64.nsis.7z","file":"lunarclient-3.7.16-ow-x64.nsis.7z"}},"releaseDate":"2026-08-24T23:38:30.176Z"},"updateInfo":{"version":"3.7.16-ow","files":[{"url":"Lunar Client v3.7.16-ow.exe","sha512":"K25vDcT8UO0xbMd4MX5URU+l33+vEILLkpsRkxPMYVfB+yP5gqHGuNWOOGgUOE0gH2g4j+1Mjo9AFnQDC35tng=="}],"path":"Lunar Client v3.7.16-ow.exe","sha512":"K25vDcT8UO0xbMd4MX5URU+l33+vEILLkpsRkxPMYVfB+yP5gqHGuNWOOGgUOE0gH2g4j+1Mjo9AFnQDC35tng==","packages":{"x64":{"size":112473965,"sha512":"f2R8yaxYfUc7t48Bk04LzCImKB27jTxQcAe6RAFE/2lMaHmhsNJCJ47S0XSDCCvUNJp5imIeKLPifHT4z+jt5g==","blockMapSize":116960,"path":"lunarclient-3.7.16-ow-x64.nsis.7z","file":"lunarclient-3.7.16-ow-x64.nsis.7z"}},"releaseDate":"2026-08-24T23:38:30.176Z"}}
[2026-08-26 23:16:01.083] [warn]  [Permissions] Denied 'background-sync' requested by: https://hbx.media.net/
[2026-08-26 23:16:15.590] [warn]  [Permissions] Denied 'background-sync' requested by: https://aax-events-cell02-cf.us-west.3px.axp.amazon-adsystem.com/
[2026-08-26 23:16:15.591] [warn]  [Permissions] Denied 'background-sync' requested by: https://htlb.casalemedia.com/
[2026-08-26 23:16:15.592] [warn]  [Permissions] Denied 'background-sync' requested by: https://m.media-amazon.com/
[2026-08-26 23:16:39.025] [warn]  [Permissions] Denied 'background-sync' requested by: https://imasdk.googleapis.com/
[2026-08-26 23:17:15.604] [warn]  [Permissions] Denied 'background-sync' requested by: https://aax-events-cell02-cf.us-west.3px.axp.amazon-adsystem.com/
[2026-08-26 23:17:15.617] [warn]  [Permissions] Denied 'background-sync' requested by: https://htlb.casalemedia.com/
[2026-08-26 23:17:15.619] [warn]  [Permissions] Denied 'background-sync' requested by: https://m.media-amazon.com/
[2026-08-26 23:18:13.415] [warn]  [Permissions] Denied 'background-sync' requested by: https://gum.criteo.com/
[2026-08-26 23:18:13.524] [warn]  [Permissions] Denied 'background-sync' requested by: https://gum.criteo.com/
[2026-08-26 23:18:15.604] [warn]  [Permissions] Denied 'background-sync' requested by: https://aax-events-cell02-cf.us-west.3px.axp.amazon-adsystem.com/
[2026-08-26 23:18:15.605] [warn]  [Permissions] Denied 'background-sync' requested by: https://htlb.casalemedia.com/
[2026-08-26 23:18:15.606] [warn]  [Permissions] Denied 'background-sync' requested by: https://m.media-amazon.com/
[2026-08-26 23:18:25.671] [warn]  [Permissions] Denied 'background-sync' requested by: https://gum.criteo.com/
[2026-08-26 23:18:25.873] [warn]  [Permissions] Denied 'background-sync' requested by: https://gum.criteo.com/
[2026-08-26 23:19:15.608] [warn]  [Permissions] Denied 'background-sync' requested by: https://aax-events-cell02-cf.us-west.3px.axp.amazon-adsystem.com/
[2026-08-26 23:19:15.616] [warn]  [Permissions] Denied 'background-sync' requested by: https://htlb.casalemedia.com/
[2026-08-26 23:19:15.618] [warn]  [Permissions] Denied 'background-sync' requested by: https://m.media-amazon.com/
[2026-08-26 23:20:15.609] [warn]  [Permissions] Denied 'background-sync' requested by: https://aax-events-cell02-cf.us-west.3px.axp.amazon-adsystem.com/
[2026-08-26 23:20:15.612] [warn]  [Permissions] Denied 'background-sync' requested by: https://htlb.casalemedia.com/
[2026-08-26 23:20:15.613] [warn]  [Permissions] Denied 'background-sync' requested by: https://m.media-amazon.com/
[2026-08-26 23:21:15.616] [warn]  [Permissions] Denied 'background-sync' requested by: https://aax-events-cell02-cf.us-west.3px.axp.amazon-adsystem.com/
[2026-08-26 23:21:15.620] [warn]  [Permissions] Denied 'background-sync' requested by: https://htlb.casalemedia.com/
[2026-08-26 23:21:15.622] [warn]  [Permissions] Denied 'background-sync' requested by: https://m.media-amazon.com/
[2026-08-26 23:22:15.623] [warn]  [Permissions] Denied 'background-sync' requested by: https://aax-events-cell02-cf.us-west.3px.axp.amazon-adsystem.com/
[2026-08-26 23:22:15.629] [warn]  [Permissions] Denied 'background-sync' requested by: https://htlb.casalemedia.com/
[2026-08-26 23:22:15.630] [warn]  [Permissions] Denied 'background-sync' requested by: https://m.media-amazon.com/
[2026-08-26 23:23:15.637] [warn]  [Permissions] Denied 'background-sync' requested by: https://aax-events-cell02-cf.us-west.3px.axp.amazon-adsystem.com/
[2026-08-26 23:23:15.639] [warn]  [Permissions] Denied 'background-sync' requested by: https://htlb.casalemedia.com/
[2026-08-26 23:23:15.640] [warn]  [Permissions] Denied 'background-sync' requested by: https://m.media-amazon.com/
[2026-08-26 23:23:24.511] [warn]  [Permissions] Denied 'background-sync' requested by: https://imasdk.googleapis.com/
[2026-08-26 23:24:15.650] [warn]  [Permissions] Denied 'background-sync' requested by: https://aax-events-cell02-cf.us-west.3px.axp.amazon-adsystem.com/
[2026-08-26 23:24:15.652] [warn]  [Permissions] Denied 'background-sync' requested by: https://htlb.casalemedia.com/
[2026-08-26 23:24:15.653] [warn]  [Permissions] Denied 'background-sync' requested by: https://m.media-amazon.com/
[2026-08-26 23:25:15.652] [warn]  [Permissions] Denied 'background-sync' requested by: https://aax-events-cell02-cf.us-west.3px.axp.amazon-adsystem.com/
[2026-08-26 23:25:15.653] [warn]  [Permissions] Denied 'background-sync' requested by: https://htlb.casalemedia.com/
[2026-08-26 23:25:15.654] [warn]  [Permissions] Denied 'background-sync' requested by: https://m.media-amazon.com/
[2026-08-26 23:25:57.784] [warn]  [Permissions] Denied 'background-sync' requested by: https://gum.criteo.com/
[2026-08-26 23:25:59.884] [warn]  [Permissions] Denied 'background-sync' requested by: https://gum.criteo.com/
[2026-08-26 23:26:00.932] [warn]  [Permissions] Denied 'background-sync' requested by: https://ad.doubleclick.net/
[2026-08-26 23:26:01.006] [warn]  [Permissions] Denied 'background-sync' requested by: https://ad.doubleclick.net/
[2026-08-26 23:26:01.112] [warn]  [Permissions] Denied 'background-sync' requested by: https://gum.criteo.com/
[2026-08-26 23:26:02.187] [warn]  [Permissions] Denied 'notifications' requested by: https://ad.doubleclick.net/
[2026-08-26 23:26:02.189] [warn]  [Permissions] Denied 'notifications' requested by: https://ad.doubleclick.net/
[2026-08-26 23:26:02.193] [warn]  [Permissions] Denied 'notifications' requested by: https://ad.doubleclick.net/
[2026-08-26 23:26:12.661] [warn]  [Permissions] Denied 'background-sync' requested by: https://gum.criteo.com/
[2026-08-26 23:26:12.865] [warn]  [Permissions] Denied 'background-sync' requested by: https://gum.criteo.com/
[2026-08-26 23:26:15.661] [warn]  [Permissions] Denied 'background-sync' requested by: https://aax-events-cell02-cf.us-west.3px.axp.amazon-adsystem.com/
[2026-08-26 23:26:15.662] [warn]  [Permissions] Denied 'background-sync' requested by: https://htlb.casalemedia.com/
[2026-08-26 23:26:15.665] [warn]  [Permissions] Denied 'background-sync' requested by: https://m.media-amazon.com/
[2026-08-26 23:27:15.662] [warn]  [Permissions] Denied 'background-sync' requested by: https://aax-events-cell02-cf.us-west.3px.axp.amazon-adsystem.com/
[2026-08-26 23:27:15.665] [warn]  [Permissions] Denied 'background-sync' requested by: https://htlb.casalemedia.com/
[2026-08-26 23:27:15.666] [warn]  [Permissions] Denied 'background-sync' requested by: https://m.media-amazon.com/
[2026-08-26 23:28:05.490] [warn]  [Permissions] Denied 'background-sync' requested by: https://imasdk.googleapis.com/
[2026-08-26 23:28:15.681] [warn]  [Permissions] Denied 'background-sync' requested by: https://aax-events-cell02-cf.us-west.3px.axp.amazon-adsystem.com/
[2026-08-26 23:28:15.690] [warn]  [Permissions] Denied 'background-sync' requested by: https://htlb.casalemedia.com/
[2026-08-26 23:28:15.692] [warn]  [Permissions] Denied 'background-sync' requested by: https://m.media-amazon.com/
[2026-08-26 23:29:15.678] [warn]  [Permissions] Denied 'background-sync' requested by: https://aax-events-cell02-cf.us-west.3px.axp.amazon-adsystem.com/
[2026-08-26 23:29:15.682] [warn]  [Permissions] Denied 'background-sync' requested by: https://htlb.casalemedia.com/
[2026-08-26 23:29:15.683] [warn]  [Permissions] Denied 'background-sync' requested by: https://m.media-amazon.com/
[2026-08-26 23:30:15.689] [warn]  [Permissions] Denied 'background-sync' requested by: https://aax-events-cell02-cf.us-west.3px.axp.amazon-adsystem.com/
[2026-08-26 23:30:15.701] [warn]  [Permissions] Denied 'background-sync' requested by: https://htlb.casalemedia.com/
[2026-08-26 23:30:15.703] [warn]  [Permissions] Denied 'background-sync' requested by: https://m.media-amazon.com/
[2026-08-26 23:30:38.135] [info]  [Updater] Checking for updates...
[2026-08-26 23:30:38.138] [info]           * Current Version: 3.7.16.12965
[2026-08-26 23:30:38.140] [info]           * Channel: latest-ow
[2026-08-26 23:30:38.142] [info]           * URL: https://launcherupdates.lunarclientcdn.com
[2026-08-26 23:30:38.145] [info]           * User Initiated: false
[2026-08-26 23:30:38.322] [info]  [Updater] No updates available.
[2026-08-26 23:30:38.324] [info]  [Updater] Update check returned a result... skipping: {"isUpdateAvailable":false,"versionInfo":{"version":"3.7.16-ow","files":[{"url":"Lunar Client v3.7.16-ow.exe","sha512":"K25vDcT8UO0xbMd4MX5URU+l33+vEILLkpsRkxPMYVfB+yP5gqHGuNWOOGgUOE0gH2g4j+1Mjo9AFnQDC35tng=="}],"path":"Lunar Client v3.7.16-ow.exe","sha512":"K25vDcT8UO0xbMd4MX5URU+l33+vEILLkpsRkxPMYVfB+yP5gqHGuNWOOGgUOE0gH2g4j+1Mjo9AFnQDC35tng==","packages":{"x64":{"size":112473965,"sha512":"f2R8yaxYfUc7t48Bk04LzCImKB27jTxQcAe6RAFE/2lMaHmhsNJCJ47S0XSDCCvUNJp5imIeKLPifHT4z+jt5g==","blockMapSize":116960,"path":"lunarclient-3.7.16-ow-x64.nsis.7z","file":"lunarclient-3.7.16-ow-x64.nsis.7z"}},"releaseDate":"2026-08-24T23:38:30.176Z"},"updateInfo":{"version":"3.7.16-ow","files":[{"url":"Lunar Client v3.7.16-ow.exe","sha512":"K25vDcT8UO0xbMd4MX5URU+l33+vEILLkpsRkxPMYVfB+yP5gqHGuNWOOGgUOE0gH2g4j+1Mjo9AFnQDC35tng=="}],"path":"Lunar Client v3.7.16-ow.exe","sha512":"K25vDcT8UO0xbMd4MX5URU+l33+vEILLkpsRkxPMYVfB+yP5gqHGuNWOOGgUOE0gH2g4j+1Mjo9AFnQDC35tng==","packages":{"x64":{"size":112473965,"sha512":"f2R8yaxYfUc7t48Bk04LzCImKB27jTxQcAe6RAFE/2lMaHmhsNJCJ47S0XSDCCvUNJp5imIeKLPifHT4z+jt5g==","blockMapSize":116960,"path":"lunarclient-3.7.16-ow-x64.nsis.7z","file":"lunarclient-3.7.16-ow-x64.nsis.7z"}},"releaseDate":"2026-08-24T23:38:30.176Z"}}
[2026-08-26 23:31:37.123] [warn]  [Permissions] Denied 'background-sync' requested by: https://imasdk.googleapis.com/
[2026-08-26 23:33:10.955] [warn]  [Permissions] Denied 'background-sync' requested by: https://aax-events-cell02-cf.us-west.3px.axp.amazon-adsystem.com/
[2026-08-26 23:33:15.712] [warn]  [Permissions] Denied 'background-sync' requested by: https://ssum-sec.casalemedia.com/
[2026-08-26 23:34:15.723] [warn]  [Permissions] Denied 'background-sync' requested by: https://ssum-sec.casalemedia.com/
[2026-08-26 23:35:15.738] [warn]  [Permissions] Denied 'background-sync' requested by: https://ssum-sec.casalemedia.com/
[2026-08-26 23:36:15.734] [warn]  [Permissions] Denied 'background-sync' requested by: https://ssum-sec.casalemedia.com/
[2026-08-26 23:36:28.568] [warn]  [Permissions] Denied 'background-sync' requested by: https://aax-events-cell02-cf.us-east.3px.axp.amazon-adsystem.com/
[2026-08-26 23:37:15.745] [warn]  [Permissions] Denied 'background-sync' requested by: https://ssum-sec.casalemedia.com/
[2026-08-26 23:38:14.978] [warn]  [Permissions] Denied 'background-sync' requested by: https://aax-events-cell02-cf.us-west.3px.axp.amazon-adsystem.com/
[2026-08-26 23:38:15.746] [warn]  [Permissions] Denied 'background-sync' requested by: https://m.media-amazon.com/
[2026-08-26 23:38:15.747] [warn]  [Permissions] Denied 'background-sync' requested by: https://ssum-sec.casalemedia.com/
[2026-08-26 23:39:15.748] [warn]  [Permissions] Denied 'background-sync' requested by: https://m.media-amazon.com/
[2026-08-26 23:39:15.751] [warn]  [Permissions] Denied 'background-sync' requested by: https://ssum-sec.casalemedia.com/
[2026-08-26 23:40:15.753] [warn]  [Permissions] Denied 'background-sync' requested by: https://m.media-amazon.com/
[2026-08-26 23:40:15.756] [warn]  [Permissions] Denied 'background-sync' requested by: https://ssum-sec.casalemedia.com/
[2026-08-26 23:41:15.771] [warn]  [Permissions] Denied 'background-sync' requested by: https://m.media-amazon.com/
[2026-08-26 23:41:15.782] [warn]  [Permissions] Denied 'background-sync' requested by: https://ssum-sec.casalemedia.com/
[2026-08-26 23:42:15.775] [warn]  [Permissions] Denied 'background-sync' requested by: https://m.media-amazon.com/
[2026-08-26 23:42:15.780] [warn]  [Permissions] Denied 'background-sync' requested by: https://ssum-sec.casalemedia.com/
[2026-08-26 23:43:15.784] [warn]  [Permissions] Denied 'background-sync' requested by: https://m.media-amazon.com/
[2026-08-26 23:43:15.790] [warn]  [Permissions] Denied 'background-sync' requested by: https://ssum-sec.casalemedia.com/
[2026-08-26 23:44:15.829] [warn]  [Permissions] Denied 'background-sync' requested by: https://m.media-amazon.com/
[2026-08-26 23:44:15.851] [warn]  [Permissions] Denied 'background-sync' requested by: https://ssum-sec.casalemedia.com/
[2026-08-26 23:45:15.837] [warn]  [Permissions] Denied 'background-sync' requested by: https://m.media-amazon.com/
[2026-08-26 23:45:15.859] [warn]  [Permissions] Denied 'background-sync' requested by: https://ssum-sec.casalemedia.com/
[2026-08-26 23:45:20.619] [warn]  [Permissions] Denied 'background-sync' requested by: https://gum.criteo.com/
[2026-08-26 23:45:38.137] [info]  [Updater] Checking for updates...
[2026-08-26 23:45:38.141] [info]           * Current Version: 3.7.16.12965
[2026-08-26 23:45:38.147] [info]           * Channel: latest-ow
[2026-08-26 23:45:38.150] [info]           * URL: https://launcherupdates.lunarclientcdn.com
[2026-08-26 23:45:38.152] [info]           * User Initiated: false
[2026-08-26 23:45:38.419] [info]  [Updater] No updates available.
[2026-08-26 23:45:38.422] [info]  [Updater] Update check returned a result... skipping: {"isUpdateAvailable":false,"versionInfo":{"version":"3.7.16-ow","files":[{"url":"Lunar Client v3.7.16-ow.exe","sha512":"K25vDcT8UO0xbMd4MX5URU+l33+vEILLkpsRkxPMYVfB+yP5gqHGuNWOOGgUOE0gH2g4j+1Mjo9AFnQDC35tng=="}],"path":"Lunar Client v3.7.16-ow.exe","sha512":"K25vDcT8UO0xbMd4MX5URU+l33+vEILLkpsRkxPMYVfB+yP5gqHGuNWOOGgUOE0gH2g4j+1Mjo9AFnQDC35tng==","packages":{"x64":{"size":112473965,"sha512":"f2R8yaxYfUc7t48Bk04LzCImKB27jTxQcAe6RAFE/2lMaHmhsNJCJ47S0XSDCCvUNJp5imIeKLPifHT4z+jt5g==","blockMapSize":116960,"path":"lunarclient-3.7.16-ow-x64.nsis.7z","file":"lunarclient-3.7.16-ow-x64.nsis.7z"}},"releaseDate":"2026-08-24T23:38:30.176Z"},"updateInfo":{"version":"3.7.16-ow","files":[{"url":"Lunar Client v3.7.16-ow.exe","sha512":"K25vDcT8UO0xbMd4MX5URU+l33+vEILLkpsRkxPMYVfB+yP5gqHGuNWOOGgUOE0gH2g4j+1Mjo9AFnQDC35tng=="}],"path":"Lunar Client v3.7.16-ow.exe","sha512":"K25vDcT8UO0xbMd4MX5URU+l33+vEILLkpsRkxPMYVfB+yP5gqHGuNWOOGgUOE0gH2g4j+1Mjo9AFnQDC35tng==","packages":{"x64":{"size":112473965,"sha512":"f2R8yaxYfUc7t48Bk04LzCImKB27jTxQcAe6RAFE/2lMaHmhsNJCJ47S0XSDCCvUNJp5imIeKLPifHT4z+jt5g==","blockMapSize":116960,"path":"lunarclient-3.7.16-ow-x64.nsis.7z","file":"lunarclient-3.7.16-ow-x64.nsis.7z"}},"releaseDate":"2026-08-24T23:38:30.176Z"}}
[2026-08-26 23:46:15.821] [warn]  [Permissions] Denied 'background-sync' requested by: https://m.media-amazon.com/
[2026-08-26 23:46:15.832] [warn]  [Permissions] Denied 'background-sync' requested by: https://ssum-sec.casalemedia.com/
[2026-08-26 23:47:15.818] [warn]  [Permissions] Denied 'background-sync' requested by: https://m.media-amazon.com/
[2026-08-26 23:47:15.823] [warn]  [Permissions] Denied 'background-sync' requested by: https://ssum-sec.casalemedia.com/
[2026-08-26 23:47:55.413] [warn]  [Permissions] Denied 'background-sync' requested by: https://gum.criteo.com/
[2026-08-26 23:48:10.806] [warn]  [Permissions] Denied 'background-sync' requested by: https://gum.criteo.com/
[2026-08-26 23:48:11.259] [warn]  [Permissions] Denied 'background-sync' requested by: https://gum.criteo.com/
[2026-08-26 23:48:15.839] [warn]  [Permissions] Denied 'background-sync' requested by: https://htlb.casalemedia.com/
[2026-08-26 23:48:15.842] [warn]  [Permissions] Denied 'background-sync' requested by: https://m.media-amazon.com/
[2026-08-26 23:48:15.843] [warn]  [Permissions] Denied 'background-sync' requested by: https://ssum-sec.casalemedia.com/
[2026-08-26 23:49:15.843] [warn]  [Permissions] Denied 'background-sync' requested by: https://htlb.casalemedia.com/
[2026-08-26 23:49:15.844] [warn]  [Permissions] Denied 'background-sync' requested by: https://m.media-amazon.com/
[2026-08-26 23:49:15.845] [warn]  [Permissions] Denied 'background-sync' requested by: https://ssum-sec.casalemedia.com/
[2026-08-26 23:50:15.859] [warn]  [Permissions] Denied 'background-sync' requested by: https://htlb.casalemedia.com/
[2026-08-26 23:50:15.863] [warn]  [Permissions] Denied 'background-sync' requested by: https://m.media-amazon.com/
[2026-08-26 23:50:15.864] [warn]  [Permissions] Denied 'background-sync' requested by: https://ssum-sec.casalemedia.com/
[2026-08-26 23:51:15.872] [warn]  [Permissions] Denied 'background-sync' requested by: https://htlb.casalemedia.com/
[2026-08-26 23:51:15.877] [warn]  [Permissions] Denied 'background-sync' requested by: https://m.media-amazon.com/
[2026-08-26 23:51:15.878] [warn]  [Permissions] Denied 'background-sync' requested by: https://ssum-sec.casalemedia.com/
[2026-08-26 23:52:15.879] [warn]  [Permissions] Denied 'background-sync' requested by: https://htlb.casalemedia.com/
[2026-08-26 23:52:15.882] [warn]  [Permissions] Denied 'background-sync' requested by: https://m.media-amazon.com/
[2026-08-26 23:52:15.883] [warn]  [Permissions] Denied 'background-sync' requested by: https://ssum-sec.casalemedia.com/
[2026-08-26 23:53:15.888] [warn]  [Permissions] Denied 'background-sync' requested by: https://htlb.casalemedia.com/
[2026-08-26 23:54:15.891] [warn]  [Permissions] Denied 'background-sync' requested by: https://htlb.casalemedia.com/
[2026-08-26 23:55:15.912] [warn]  [Permissions] Denied 'background-sync' requested by: https://htlb.casalemedia.com/
[2026-08-26 23:56:15.915] [warn]  [Permissions] Denied 'background-sync' requested by: https://htlb.casalemedia.com/
[2026-08-26 23:57:15.918] [warn]  [Permissions] Denied 'background-sync' requested by: https://htlb.casalemedia.com/
[2026-08-26 23:58:15.935] [warn]  [Permissions] Denied 'background-sync' requested by: https://htlb.casalemedia.com/
[2026-08-26 23:59:07.794] [warn]  [Permissions] Denied 'background-sync' requested by: https://imasdk.googleapis.com/
[2026-08-26 23:59:15.940] [warn]  [Permissions] Denied 'background-sync' requested by: https://htlb.casalemedia.com/
[2026-08-27 00:00:00.956] [info]  [Launch] Log file was recreated, reading from start
[2026-08-27 00:00:02.236] [warn]  [Permissions] Denied 'background-sync' requested by: https://aax-events-cell02-cf.us-east.3px.axp.amazon-adsystem.com/
[2026-08-27 00:00:15.973] [warn]  [Permissions] Denied 'background-sync' requested by: https://htlb.casalemedia.com/
[2026-08-27 00:00:38.154] [info]  [Updater] Checking for updates...
[2026-08-27 00:00:38.159] [info]           * Current Version: 3.7.16.12965
[2026-08-27 00:00:38.161] [info]           * Channel: latest-ow
[2026-08-27 00:00:38.164] [info]           * URL: https://launcherupdates.lunarclientcdn.com
[2026-08-27 00:00:38.168] [info]           * User Initiated: false
[2026-08-27 00:00:38.445] [info]  [Updater] No updates available.
[2026-08-27 00:00:38.450] [info]  [Updater] Update check returned a result... skipping: {"isUpdateAvailable":false,"versionInfo":{"version":"3.7.16-ow","files":[{"url":"Lunar Client v3.7.16-ow.exe","sha512":"K25vDcT8UO0xbMd4MX5URU+l33+vEILLkpsRkxPMYVfB+yP5gqHGuNWOOGgUOE0gH2g4j+1Mjo9AFnQDC35tng=="}],"path":"Lunar Client v3.7.16-ow.exe","sha512":"K25vDcT8UO0xbMd4MX5URU+l33+vEILLkpsRkxPMYVfB+yP5gqHGuNWOOGgUOE0gH2g4j+1Mjo9AFnQDC35tng==","packages":{"x64":{"size":112473965,"sha512":"f2R8yaxYfUc7t48Bk04LzCImKB27jTxQcAe6RAFE/2lMaHmhsNJCJ47S0XSDCCvUNJp5imIeKLPifHT4z+jt5g==","blockMapSize":116960,"path":"lunarclient-3.7.16-ow-x64.nsis.7z","file":"lunarclient-3.7.16-ow-x64.nsis.7z"}},"releaseDate":"2026-08-24T23:38:30.176Z"},"updateInfo":{"version":"3.7.16-ow","files":[{"url":"Lunar Client v3.7.16-ow.exe","sha512":"K25vDcT8UO0xbMd4MX5URU+l33+vEILLkpsRkxPMYVfB+yP5gqHGuNWOOGgUOE0gH2g4j+1Mjo9AFnQDC35tng=="}],"path":"Lunar Client v3.7.16-ow.exe","sha512":"K25vDcT8UO0xbMd4MX5URU+l33+vEILLkpsRkxPMYVfB+yP5gqHGuNWOOGgUOE0gH2g4j+1Mjo9AFnQDC35tng==","packages":{"x64":{"size":112473965,"sha512":"f2R8yaxYfUc7t48Bk04LzCImKB27jTxQcAe6RAFE/2lMaHmhsNJCJ47S0XSDCCvUNJp5imIeKLPifHT4z+jt5g==","blockMapSize":116960,"path":"lunarclient-3.7.16-ow-x64.nsis.7z","file":"lunarclient-3.7.16-ow-x64.nsis.7z"}},"releaseDate":"2026-08-24T23:38:30.176Z"}}
[2026-08-27 00:00:51.536] [warn]  [Permissions] Denied 'background-sync' requested by: 
[2026-08-27 00:00:54.478] [warn]  [Permissions] Denied 'background-sync' requested by: https://imasdk.googleapis.com/
[2026-08-27 00:01:15.969] [warn]  [Permissions] Denied 'background-sync' requested by: https://htlb.casalemedia.com/
[2026-08-27 00:01:19.709] [warn]  [Permissions] Denied 'background-sync' requested by: https://aax-events-cell02-cf.us-east.3px.axp.amazon-adsystem.com/
[2026-08-27 00:01:20.439] [warn]  [Permissions] Denied 'background-sync' requested by: 
[2026-08-27 00:01:51.242] [warn]  [Permissions] Denied 'background-sync' requested by: 
[2026-08-27 00:02:15.975] [warn]  [Permissions] Denied 'background-sync' requested by: https://htlb.casalemedia.com/
[2026-08-27 00:03:15.984] [warn]  [Permissions] Denied 'background-sync' requested by: https://htlb.casalemedia.com/
[2026-08-27 00:04:15.997] [warn]  [Permissions] Denied 'background-sync' requested by: https://htlb.casalemedia.com/
[2026-08-27 00:04:24.596] [warn]  [Permissions] Denied 'background-sync' requested by: 
[2026-08-27 00:04:56.331] [warn]  [Permissions] Denied 'background-sync' requested by: 
[2026-08-27 00:05:16.091] [warn]  [Permissions] Denied 'background-sync' requested by: https://htlb.casalemedia.com/
[2026-08-27 00:05:29.046] [warn]  [Permissions] Denied 'background-sync' requested by: 
[2026-08-27 00:06:12.304] [warn]  [Permissions] Denied 'background-sync' requested by: 
[2026-08-27 00:06:16.098] [warn]  [Permissions] Denied 'background-sync' requested by: https://htlb.casalemedia.com/
[2026-08-27 00:06:43.664] [warn]  [Permissions] Denied 'background-sync' requested by: 
[2026-08-27 00:06:50.106] [warn]  [Permissions] Denied 'background-sync' requested by: https://gum.criteo.com/
[2026-08-27 00:07:14.010] [warn]  [Permissions] Denied 'background-sync' requested by: 
[2026-08-27 00:07:16.097] [warn]  [Permissions] Denied 'background-sync' requested by: https://htlb.casalemedia.com/
[2026-08-27 00:07:30.998] [warn]  [Permissions] Denied 'background-sync' requested by: https://gum.criteo.com/
[2026-08-27 00:07:43.301] [warn]  [Permissions] Denied 'background-sync' requested by: https://gum.criteo.com/
[2026-08-27 00:07:43.671] [warn]  [Permissions] Denied 'background-sync' requested by: https://gum.criteo.com/
[2026-08-27 00:07:46.238] [warn]  [Permissions] Denied 'background-sync' requested by: 
[2026-08-27 00:08:15.892] [warn]  [Permissions] Denied 'background-sync' requested by: 
[2026-08-27 00:08:16.101] [warn]  [Permissions] Denied 'background-sync' requested by: https://htlb.casalemedia.com/
[2026-08-27 00:08:46.348] [warn]  [Permissions] Denied 'background-sync' requested by: 
[2026-08-27 00:09:16.102] [warn]  [Permissions] Denied 'background-sync' requested by: https://htlb.casalemedia.com/
[2026-08-27 00:09:24.322] [warn]  [Permissions] Denied 'background-sync' requested by: 
[2026-08-27 00:09:54.051] [warn]  [Permissions] Denied 'background-sync' requested by: 
[2026-08-27 00:10:16.117] [warn]  [Permissions] Denied 'background-sync' requested by: https://htlb.casalemedia.com/
[2026-08-27 00:10:21.064] [warn]  [Permissions] Denied 'background-sync' requested by: 
[2026-08-27 00:10:52.208] [warn]  [Permissions] Denied 'background-sync' requested by: 
[2026-08-27 00:11:16.118] [warn]  [Permissions] Denied 'background-sync' requested by: https://htlb.casalemedia.com/
[2026-08-27 00:11:22.748] [warn]  [Permissions] Denied 'background-sync' requested by: 
[2026-08-27 00:11:53.788] [warn]  [Permissions] Denied 'background-sync' requested by: 
[2026-08-27 00:12:16.119] [warn]  [Permissions] Denied 'background-sync' requested by: https://htlb.casalemedia.com/
[2026-08-27 00:12:24.766] [warn]  [Permissions] Denied 'background-sync' requested by: 
[2026-08-27 00:13:00.323] [warn]  [Permissions] Denied 'background-sync' requested by: 
[2026-08-27 00:13:16.135] [warn]  [Permissions] Denied 'background-sync' requested by: https://htlb.casalemedia.com/
[2026-08-27 00:13:25.730] [warn]  [Permissions] Denied 'background-sync' requested by: 
[2026-08-27 00:14:16.150] [warn]  [Permissions] Denied 'background-sync' requested by: https://htlb.casalemedia.com/
[2026-08-27 00:14:56.929] [warn]  [Permissions] Denied 'background-sync' requested by: 
[2026-08-27 00:15:16.167] [warn]  [Permissions] Denied 'background-sync' requested by: https://htlb.casalemedia.com/
[2026-08-27 00:15:31.372] [warn]  [Permissions] Denied 'background-sync' requested by: 
[2026-08-27 00:15:38.197] [info]  [Updater] Checking for updates...
[2026-08-27 00:15:38.212] [info]           * Current Version: 3.7.16.12965
[2026-08-27 00:15:38.233] [info]           * Channel: latest-ow
[2026-08-27 00:15:38.244] [info]           * URL: https://launcherupdates.lunarclientcdn.com
[2026-08-27 00:15:38.259] [info]           * User Initiated: false
[2026-08-27 00:15:38.616] [info]  [Updater] No updates available.
[2026-08-27 00:15:38.631] [info]  [Updater] Update check returned a result... skipping: {"isUpdateAvailable":false,"versionInfo":{"version":"3.7.16-ow","files":[{"url":"Lunar Client v3.7.16-ow.exe","sha512":"K25vDcT8UO0xbMd4MX5URU+l33+vEILLkpsRkxPMYVfB+yP5gqHGuNWOOGgUOE0gH2g4j+1Mjo9AFnQDC35tng=="}],"path":"Lunar Client v3.7.16-ow.exe","sha512":"K25vDcT8UO0xbMd4MX5URU+l33+vEILLkpsRkxPMYVfB+yP5gqHGuNWOOGgUOE0gH2g4j+1Mjo9AFnQDC35tng==","packages":{"x64":{"size":112473965,"sha512":"f2R8yaxYfUc7t48Bk04LzCImKB27jTxQcAe6RAFE/2lMaHmhsNJCJ47S0XSDCCvUNJp5imIeKLPifHT4z+jt5g==","blockMapSize":116960,"path":"lunarclient-3.7.16-ow-x64.nsis.7z","file":"lunarclient-3.7.16-ow-x64.nsis.7z"}},"releaseDate":"2026-08-24T23:38:30.176Z"},"updateInfo":{"version":"3.7.16-ow","files":[{"url":"Lunar Client v3.7.16-ow.exe","sha512":"K25vDcT8UO0xbMd4MX5URU+l33+vEILLkpsRkxPMYVfB+yP5gqHGuNWOOGgUOE0gH2g4j+1Mjo9AFnQDC35tng=="}],"path":"Lunar Client v3.7.16-ow.exe","sha512":"K25vDcT8UO0xbMd4MX5URU+l33+vEILLkpsRkxPMYVfB+yP5gqHGuNWOOGgUOE0gH2g4j+1Mjo9AFnQDC35tng==","packages":{"x64":{"size":112473965,"sha512":"f2R8yaxYfUc7t48Bk04LzCImKB27jTxQcAe6RAFE/2lMaHmhsNJCJ47S0XSDCCvUNJp5imIeKLPifHT4z+jt5g==","blockMapSize":116960,"path":"lunarclient-3.7.16-ow-x64.nsis.7z","file":"lunarclient-3.7.16-ow-x64.nsis.7z"}},"releaseDate":"2026-08-24T23:38:30.176Z"}}
[2026-08-27 00:15:59.543] [warn]  [Permissions] Denied 'background-sync' requested by: 
[2026-08-27 00:16:16.175] [warn]  [Permissions] Denied 'background-sync' requested by: https://htlb.casalemedia.com/
[2026-08-27 00:16:30.597] [warn]  [Permissions] Denied 'background-sync' requested by: 
[2026-08-27 00:16:50.040] [warn]  [Permissions] Denied 'background-sync' requested by: https://imasdk.googleapis.com/
[2026-08-27 00:17:00.552] [warn]  [Permissions] Denied 'background-sync' requested by: 
[2026-08-27 00:17:16.190] [warn]  [Permissions] Denied 'background-sync' requested by: https://htlb.casalemedia.com/
[2026-08-27 00:18:16.200] [warn]  [Permissions] Denied 'background-sync' requested by: https://htlb.casalemedia.com/
[2026-08-27 00:19:16.222] [warn]  [Permissions] Denied 'background-sync' requested by: https://htlb.casalemedia.com/
[2026-08-27 00:19:41.053] [warn]  [Permissions] Denied 'background-sync' requested by: 
[2026-08-27 00:20:07.724] [warn]  [Permissions] Denied 'background-sync' requested by: 
[2026-08-27 00:20:16.221] [warn]  [Permissions] Denied 'background-sync' requested by: https://htlb.casalemedia.com/
[2026-08-27 00:20:37.713] [warn]  [Permissions] Denied 'background-sync' requested by: 
[2026-08-27 00:21:16.230] [warn]  [Permissions] Denied 'background-sync' requested by: https://htlb.casalemedia.com/
[2026-08-27 00:22:16.236] [warn]  [Permissions] Denied 'background-sync' requested by: https://htlb.casalemedia.com/
[2026-08-27 00:22:41.868] [warn]  [Permissions] Denied 'background-sync' requested by: 
[2026-08-27 00:23:11.990] [warn]  [Permissions] Denied 'background-sync' requested by: 
[2026-08-27 00:23:16.249] [warn]  [Permissions] Denied 'background-sync' requested by: https://htlb.casalemedia.com/
[2026-08-27 00:23:57.027] [warn]  [Permissions] Denied 'background-sync' requested by: 
[2026-08-27 00:24:07.246] [debug] [Window] [mission-control] Window closing...
[2026-08-27 00:24:12.676] [info]  [DiscordRP] Updating activity status...
[2026-08-27 00:24:16.261] [warn]  [Permissions] Denied 'background-sync' requested by: https://htlb.casalemedia.com/
[2026-08-27 00:24:31.567] [info]  [GameIPC] Client connection has closed. Launch ID: 93ba942f-06b5-4eea-a041-c02f007794c8, Code: 1006, Reason: 
[2026-08-27 00:24:32.229] [info]  [Launch] JVM for launch session 93ba942f-06b5-4eea-a041-c02f007794c8 has exited...
[2026-08-27 00:24:32.230] [info]           * Code: 0
[2026-08-27 00:24:32.344] [info]  [DiscordRP] Updating activity status...
[2026-08-27 00:24:32.350] [info]  [Launch] Game has been closed, resetting to ready...
[2026-08-27 00:24:32.388] [debug] [Window] [main] Window focused
[2026-08-27 00:24:35.658] [debug] [Window] [main] Window minimized
[2026-08-27 00:25:16.282] [warn]  [Permissions] Denied 'background-sync' requested by: https://htlb.casalemedia.com/
[2026-08-27 00:26:16.282] [warn]  [Permissions] Denied 'background-sync' requested by: https://htlb.casalemedia.com/
[2026-08-27 00:27:16.296] [warn]  [Permissions] Denied 'background-sync' requested by: https://htlb.casalemedia.com/
[2026-08-27 00:28:16.306] [warn]  [Permissions] Denied 'background-sync' requested by: https://htlb.casalemedia.com/
[2026-08-27 00:29:16.315] [warn]  [Permissions] Denied 'background-sync' requested by: https://htlb.casalemedia.com/
[2026-08-27 00:30:16.323] [warn]  [Permissions] Denied 'background-sync' requested by: https://htlb.casalemedia.com/
[2026-08-27 00:30:38.289] [info]  [Updater] Checking for updates...
[2026-08-27 00:30:38.291] [info]           * Current Version: 3.7.16.12965
[2026-08-27 00:30:38.293] [info]           * Channel: latest-ow
[2026-08-27 00:30:38.295] [info]           * URL: https://launcherupdates.lunarclientcdn.com
[2026-08-27 00:30:38.296] [info]           * User Initiated: false
[2026-08-27 00:30:39.779] [info]  [Updater] No updates available.
[2026-08-27 00:30:39.781] [info]  [Updater] Update check returned a result... skipping: {"isUpdateAvailable":false,"versionInfo":{"version":"3.7.16-ow","files":[{"url":"Lunar Client v3.7.16-ow.exe","sha512":"K25vDcT8UO0xbMd4MX5URU+l33+vEILLkpsRkxPMYVfB+yP5gqHGuNWOOGgUOE0gH2g4j+1Mjo9AFnQDC35tng=="}],"path":"Lunar Client v3.7.16-ow.exe","sha512":"K25vDcT8UO0xbMd4MX5URU+l33+vEILLkpsRkxPMYVfB+yP5gqHGuNWOOGgUOE0gH2g4j+1Mjo9AFnQDC35tng==","packages":{"x64":{"size":112473965,"sha512":"f2R8yaxYfUc7t48Bk04LzCImKB27jTxQcAe6RAFE/2lMaHmhsNJCJ47S0XSDCCvUNJp5imIeKLPifHT4z+jt5g==","blockMapSize":116960,"path":"lunarclient-3.7.16-ow-x64.nsis.7z","file":"lunarclient-3.7.16-ow-x64.nsis.7z"}},"releaseDate":"2026-08-24T23:38:30.176Z"},"updateInfo":{"version":"3.7.16-ow","files":[{"url":"Lunar Client v3.7.16-ow.exe","sha512":"K25vDcT8UO0xbMd4MX5URU+l33+vEILLkpsRkxPMYVfB+yP5gqHGuNWOOGgUOE0gH2g4j+1Mjo9AFnQDC35tng=="}],"path":"Lunar Client v3.7.16-ow.exe","sha512":"K25vDcT8UO0xbMd4MX5URU+l33+vEILLkpsRkxPMYVfB+yP5gqHGuNWOOGgUOE0gH2g4j+1Mjo9AFnQDC35tng==","packages":{"x64":{"size":112473965,"sha512":"f2R8yaxYfUc7t48Bk04LzCImKB27jTxQcAe6RAFE/2lMaHmhsNJCJ47S0XSDCCvUNJp5imIeKLPifHT4z+jt5g==","blockMapSize":116960,"path":"lunarclient-3.7.16-ow-x64.nsis.7z","file":"lunarclient-3.7.16-ow-x64.nsis.7z"}},"releaseDate":"2026-08-24T23:38:30.176Z"}}
[2026-08-27 00:31:16.325] [warn]  [Permissions] Denied 'background-sync' requested by: https://htlb.casalemedia.com/
[2026-08-27 00:32:16.341] [warn]  [Permissions] Denied 'background-sync' requested by: https://htlb.casalemedia.com/
[2026-08-27 00:33:16.347] [warn]  [Permissions] Denied 'background-sync' requested by: https://htlb.casalemedia.com/
[2026-08-27 00:34:16.358] [warn]  [Permissions] Denied 'background-sync' requested by: https://htlb.casalemedia.com/
[2026-08-27 00:35:16.371] [warn]  [Permissions] Denied 'background-sync' requested by: https://htlb.casalemedia.com/
[2026-08-27 00:36:16.383] [warn]  [Permissions] Denied 'background-sync' requested by: https://htlb.casalemedia.com/
[2026-08-27 00:37:16.385] [warn]  [Permissions] Denied 'background-sync' requested by: https://htlb.casalemedia.com/
[2026-08-27 00:38:16.396] [warn]  [Permissions] Denied 'background-sync' requested by: https://htlb.casalemedia.com/
[2026-08-27 00:39:16.406] [warn]  [Permissions] Denied 'background-sync' requested by: https://htlb.casalemedia.com/
[2026-08-27 00:40:16.414] [warn]  [Permissions] Denied 'background-sync' requested by: https://htlb.casalemedia.com/
[2026-08-27 00:41:16.417] [warn]  [Permissions] Denied 'background-sync' requested by: https://htlb.casalemedia.com/
[2026-08-27 00:42:16.429] [warn]  [Permissions] Denied 'background-sync' requested by: https://htlb.casalemedia.com/
[2026-08-27 00:43:16.432] [warn]  [Permissions] Denied 'background-sync' requested by: https://htlb.casalemedia.com/
[2026-08-27 00:44:16.439] [warn]  [Permissions] Denied 'background-sync' requested by: https://htlb.casalemedia.com/
[2026-08-27 00:45:16.456] [warn]  [Permissions] Denied 'background-sync' requested by: https://htlb.casalemedia.com/
[2026-08-27 00:45:38.160] [info]  [Updater] Checking for updates...
[2026-08-27 00:45:38.162] [info]           * Current Version: 3.7.16.12965
[2026-08-27 00:45:38.164] [info]           * Channel: latest-ow
[2026-08-27 00:45:38.165] [info]           * URL: https://launcherupdates.lunarclientcdn.com
[2026-08-27 00:45:38.167] [info]           * User Initiated: false
[2026-08-27 00:45:38.305] [info]  [Updater] No updates available.
[2026-08-27 00:45:38.307] [info]  [Updater] Update check returned a result... skipping: {"isUpdateAvailable":false,"versionInfo":{"version":"3.7.16-ow","files":[{"url":"Lunar Client v3.7.16-ow.exe","sha512":"K25vDcT8UO0xbMd4MX5URU+l33+vEILLkpsRkxPMYVfB+yP5gqHGuNWOOGgUOE0gH2g4j+1Mjo9AFnQDC35tng=="}],"path":"Lunar Client v3.7.16-ow.exe","sha512":"K25vDcT8UO0xbMd4MX5URU+l33+vEILLkpsRkxPMYVfB+yP5gqHGuNWOOGgUOE0gH2g4j+1Mjo9AFnQDC35tng==","packages":{"x64":{"size":112473965,"sha512":"f2R8yaxYfUc7t48Bk04LzCImKB27jTxQcAe6RAFE/2lMaHmhsNJCJ47S0XSDCCvUNJp5imIeKLPifHT4z+jt5g==","blockMapSize":116960,"path":"lunarclient-3.7.16-ow-x64.nsis.7z","file":"lunarclient-3.7.16-ow-x64.nsis.7z"}},"releaseDate":"2026-08-24T23:38:30.176Z"},"updateInfo":{"version":"3.7.16-ow","files":[{"url":"Lunar Client v3.7.16-ow.exe","sha512":"K25vDcT8UO0xbMd4MX5URU+l33+vEILLkpsRkxPMYVfB+yP5gqHGuNWOOGgUOE0gH2g4j+1Mjo9AFnQDC35tng=="}],"path":"Lunar Client v3.7.16-ow.exe","sha512":"K25vDcT8UO0xbMd4MX5URU+l33+vEILLkpsRkxPMYVfB+yP5gqHGuNWOOGgUOE0gH2g4j+1Mjo9AFnQDC35tng==","packages":{"x64":{"size":112473965,"sha512":"f2R8yaxYfUc7t48Bk04LzCImKB27jTxQcAe6RAFE/2lMaHmhsNJCJ47S0XSDCCvUNJp5imIeKLPifHT4z+jt5g==","blockMapSize":116960,"path":"lunarclient-3.7.16-ow-x64.nsis.7z","file":"lunarclient-3.7.16-ow-x64.nsis.7z"}},"releaseDate":"2026-08-24T23:38:30.176Z"}}
[2026-08-27 00:46:16.466] [warn]  [Permissions] Denied 'background-sync' requested by: https://htlb.casalemedia.com/
[2026-08-27 00:47:16.481] [warn]  [Permissions] Denied 'background-sync' requested by: https://htlb.casalemedia.com/
[2026-08-27 00:48:16.483] [warn]  [Permissions] Denied 'background-sync' requested by: https://htlb.casalemedia.com/
[2026-08-27 00:49:16.486] [warn]  [Permissions] Denied 'background-sync' requested by: https://htlb.casalemedia.com/
[2026-08-27 00:50:16.491] [warn]  [Permissions] Denied 'background-sync' requested by: https://htlb.casalemedia.com/
[2026-08-27 00:50:23.341] [debug] [Window] [main] Window closing...
[2026-08-27 00:50:23.381] [debug] [Window] [main] Window hidden
[2026-08-27 00:51:16.494] [warn]  [Permissions] Denied 'background-sync' requested by: https://htlb.casalemedia.com/
[2026-08-27 00:52:16.495] [warn]  [Permissions] Denied 'background-sync' requested by: https://htlb.casalemedia.com/
[2026-08-27 00:53:16.501] [warn]  [Permissions] Denied 'background-sync' requested by: https://htlb.casalemedia.com/
[2026-08-27 00:54:16.515] [warn]  [Permissions] Denied 'background-sync' requested by: https://htlb.casalemedia.com/
[2026-08-27 00:55:16.519] [warn]  [Permissions] Denied 'background-sync' requested by: https://htlb.casalemedia.com/
[2026-08-27 00:56:16.531] [warn]  [Permissions] Denied 'background-sync' requested by: https://htlb.casalemedia.com/
[2026-08-27 00:57:16.539] [warn]  [Permissions] Denied 'background-sync' requested by: https://htlb.casalemedia.com/
[2026-08-27 00:58:16.548] [warn]  [Permissions] Denied 'background-sync' requested by: https://htlb.casalemedia.com/
[2026-08-27 00:59:16.562] [warn]  [Permissions] Denied 'background-sync' requested by: https://htlb.casalemedia.com/
[2026-08-27 01:00:16.567] [warn]  [Permissions] Denied 'background-sync' requested by: https://htlb.casalemedia.com/
[2026-08-27 01:00:38.164] [info]  [Updater] Checking for updates...
[2026-08-27 01:00:38.166] [info]           * Current Version: 3.7.16.12965
[2026-08-27 01:00:38.168] [info]           * Channel: latest-ow
[2026-08-27 01:00:38.170] [info]           * URL: https://launcherupdates.lunarclientcdn.com
[2026-08-27 01:00:38.172] [info]           * User Initiated: false
[2026-08-27 01:00:38.341] [info]  [Updater] No updates available.
[2026-08-27 01:00:38.343] [info]  [Updater] Update check returned a result... skipping: {"isUpdateAvailable":false,"versionInfo":{"version":"3.7.16-ow","files":[{"url":"Lunar Client v3.7.16-ow.exe","sha512":"K25vDcT8UO0xbMd4MX5URU+l33+vEILLkpsRkxPMYVfB+yP5gqHGuNWOOGgUOE0gH2g4j+1Mjo9AFnQDC35tng=="}],"path":"Lunar Client v3.7.16-ow.exe","sha512":"K25vDcT8UO0xbMd4MX5URU+l33+vEILLkpsRkxPMYVfB+yP5gqHGuNWOOGgUOE0gH2g4j+1Mjo9AFnQDC35tng==","packages":{"x64":{"size":112473965,"sha512":"f2R8yaxYfUc7t48Bk04LzCImKB27jTxQcAe6RAFE/2lMaHmhsNJCJ47S0XSDCCvUNJp5imIeKLPifHT4z+jt5g==","blockMapSize":116960,"path":"lunarclient-3.7.16-ow-x64.nsis.7z","file":"lunarclient-3.7.16-ow-x64.nsis.7z"}},"releaseDate":"2026-08-24T23:38:30.176Z"},"updateInfo":{"version":"3.7.16-ow","files":[{"url":"Lunar Client v3.7.16-ow.exe","sha512":"K25vDcT8UO0xbMd4MX5URU+l33+vEILLkpsRkxPMYVfB+yP5gqHGuNWOOGgUOE0gH2g4j+1Mjo9AFnQDC35tng=="}],"path":"Lunar Client v3.7.16-ow.exe","sha512":"K25vDcT8UO0xbMd4MX5URU+l33+vEILLkpsRkxPMYVfB+yP5gqHGuNWOOGgUOE0gH2g4j+1Mjo9AFnQDC35tng==","packages":{"x64":{"size":112473965,"sha512":"f2R8yaxYfUc7t48Bk04LzCImKB27jTxQcAe6RAFE/2lMaHmhsNJCJ47S0XSDCCvUNJp5imIeKLPifHT4z+jt5g==","blockMapSize":116960,"path":"lunarclient-3.7.16-ow-x64.nsis.7z","file":"lunarclient-3.7.16-ow-x64.nsis.7z"}},"releaseDate":"2026-08-24T23:38:30.176Z"}}
[2026-08-27 01:01:16.568] [warn]  [Permissions] Denied 'background-sync' requested by: https://htlb.casalemedia.com/
[2026-08-27 01:02:16.583] [warn]  [Permissions] Denied 'background-sync' requested by: https://htlb.casalemedia.com/
[2026-08-27 01:03:16.592] [warn]  [Permissions] Denied 'background-sync' requested by: https://htlb.casalemedia.com/
[2026-08-27 01:04:16.594] [warn]  [Permissions] Denied 'background-sync' requested by: https://htlb.casalemedia.com/
[2026-08-27 01:05:16.595] [warn]  [Permissions] Denied 'background-sync' requested by: https://htlb.casalemedia.com/
[2026-08-27 01:06:16.597] [warn]  [Permissions] Denied 'background-sync' requested by: https://htlb.casalemedia.com/
[2026-08-27 01:07:16.599] [warn]  [Permissions] Denied 'background-sync' requested by: https://htlb.casalemedia.com/
[2026-08-27 01:08:16.609] [warn]  [Permissions] Denied 'background-sync' requested by: https://htlb.casalemedia.com/
[2026-08-27 01:09:16.609] [warn]  [Permissions] Denied 'background-sync' requested by: https://htlb.casalemedia.com/
[2026-08-27 01:10:16.615] [warn]  [Permissions] Denied 'background-sync' requested by: https://htlb.casalemedia.com/
[2026-08-27 01:11:16.624] [warn]  [Permissions] Denied 'background-sync' requested by: https://htlb.casalemedia.com/
[2026-08-27 01:12:16.630] [warn]  [Permissions] Denied 'background-sync' requested by: https://htlb.casalemedia.com/
[2026-08-27 01:13:16.645] [warn]  [Permissions] Denied 'background-sync' requested by: https://htlb.casalemedia.com/
[2026-08-27 01:14:16.651] [warn]  [Permissions] Denied 'background-sync' requested by: https://htlb.casalemedia.com/
[2026-08-27 01:15:16.663] [warn]  [Permissions] Denied 'background-sync' requested by: https://htlb.casalemedia.com/
[2026-08-27 01:15:38.168] [info]  [Updater] Checking for updates...
[2026-08-27 01:15:38.170] [info]           * Current Version: 3.7.16.12965
[2026-08-27 01:15:38.171] [info]           * Channel: latest-ow
[2026-08-27 01:15:38.172] [info]           * URL: https://launcherupdates.lunarclientcdn.com
[2026-08-27 01:15:38.174] [info]           * User Initiated: false
[2026-08-27 01:15:38.308] [info]  [Updater] No updates available.
[2026-08-27 01:15:38.310] [info]  [Updater] Update check returned a result... skipping: {"isUpdateAvailable":false,"versionInfo":{"version":"3.7.16-ow","files":[{"url":"Lunar Client v3.7.16-ow.exe","sha512":"K25vDcT8UO0xbMd4MX5URU+l33+vEILLkpsRkxPMYVfB+yP5gqHGuNWOOGgUOE0gH2g4j+1Mjo9AFnQDC35tng=="}],"path":"Lunar Client v3.7.16-ow.exe","sha512":"K25vDcT8UO0xbMd4MX5URU+l33+vEILLkpsRkxPMYVfB+yP5gqHGuNWOOGgUOE0gH2g4j+1Mjo9AFnQDC35tng==","packages":{"x64":{"size":112473965,"sha512":"f2R8yaxYfUc7t48Bk04LzCImKB27jTxQcAe6RAFE/2lMaHmhsNJCJ47S0XSDCCvUNJp5imIeKLPifHT4z+jt5g==","blockMapSize":116960,"path":"lunarclient-3.7.16-ow-x64.nsis.7z","file":"lunarclient-3.7.16-ow-x64.nsis.7z"}},"releaseDate":"2026-08-24T23:38:30.176Z"},"updateInfo":{"version":"3.7.16-ow","files":[{"url":"Lunar Client v3.7.16-ow.exe","sha512":"K25vDcT8UO0xbMd4MX5URU+l33+vEILLkpsRkxPMYVfB+yP5gqHGuNWOOGgUOE0gH2g4j+1Mjo9AFnQDC35tng=="}],"path":"Lunar Client v3.7.16-ow.exe","sha512":"K25vDcT8UO0xbMd4MX5URU+l33+vEILLkpsRkxPMYVfB+yP5gqHGuNWOOGgUOE0gH2g4j+1Mjo9AFnQDC35tng==","packages":{"x64":{"size":112473965,"sha512":"f2R8yaxYfUc7t48Bk04LzCImKB27jTxQcAe6RAFE/2lMaHmhsNJCJ47S0XSDCCvUNJp5imIeKLPifHT4z+jt5g==","blockMapSize":116960,"path":"lunarclient-3.7.16-ow-x64.nsis.7z","file":"lunarclient-3.7.16-ow-x64.nsis.7z"}},"releaseDate":"2026-08-24T23:38:30.176Z"}}
[2026-08-27 01:16:16.677] [warn]  [Permissions] Denied 'background-sync' requested by: https://htlb.casalemedia.com/
[2026-08-27 01:17:16.681] [warn]  [Permissions] Denied 'background-sync' requested by: https://htlb.casalemedia.com/
[2026-08-27 01:18:16.684] [warn]  [Permissions] Denied 'background-sync' requested by: https://htlb.casalemedia.com/
[2026-08-27 01:19:16.687] [warn]  [Permissions] Denied 'background-sync' requested by: https://htlb.casalemedia.com/
[2026-08-27 01:20:16.702] [warn]  [Permissions] Denied 'background-sync' requested by: https://htlb.casalemedia.com/
[2026-08-27 01:21:16.705] [warn]  [Permissions] Denied 'background-sync' requested by: https://htlb.casalemedia.com/
[2026-08-27 01:22:16.711] [warn]  [Permissions] Denied 'background-sync' requested by: https://htlb.casalemedia.com/
[2026-08-27 01:23:16.724] [warn]  [Permissions] Denied 'background-sync' requested by: https://htlb.casalemedia.com/
[2026-08-27 01:24:16.739] [warn]  [Permissions] Denied 'background-sync' requested by: https://htlb.casalemedia.com/
[2026-08-27 01:25:16.745] [warn]  [Permissions] Denied 'background-sync' requested by: https://htlb.casalemedia.com/
[2026-08-27 01:26:16.751] [warn]  [Permissions] Denied 'background-sync' requested by: https://htlb.casalemedia.com/
[2026-08-27 01:27:16.764] [warn]  [Permissions] Denied 'background-sync' requested by: https://htlb.casalemedia.com/
[2026-08-27 01:28:16.767] [warn]  [Permissions] Denied 'background-sync' requested by: https://htlb.casalemedia.com/
[2026-08-27 01:29:16.774] [warn]  [Permissions] Denied 'background-sync' requested by: https://htlb.casalemedia.com/
[2026-08-27 01:30:16.781] [warn]  [Permissions] Denied 'background-sync' requested by: https://htlb.casalemedia.com/
[2026-08-27 01:30:38.172] [info]  [Updater] Checking for updates...
[2026-08-27 01:30:38.174] [info]           * Current Version: 3.7.16.12965
[2026-08-27 01:30:38.175] [info]           * Channel: latest-ow
[2026-08-27 01:30:38.177] [info]           * URL: https://launcherupdates.lunarclientcdn.com
[2026-08-27 01:30:38.178] [info]           * User Initiated: false
[2026-08-27 01:30:38.310] [info]  [Updater] No updates available.
[2026-08-27 01:30:38.312] [info]  [Updater] Update check returned a result... skipping: {"isUpdateAvailable":false,"versionInfo":{"version":"3.7.16-ow","files":[{"url":"Lunar Client v3.7.16-ow.exe","sha512":"K25vDcT8UO0xbMd4MX5URU+l33+vEILLkpsRkxPMYVfB+yP5gqHGuNWOOGgUOE0gH2g4j+1Mjo9AFnQDC35tng=="}],"path":"Lunar Client v3.7.16-ow.exe","sha512":"K25vDcT8UO0xbMd4MX5URU+l33+vEILLkpsRkxPMYVfB+yP5gqHGuNWOOGgUOE0gH2g4j+1Mjo9AFnQDC35tng==","packages":{"x64":{"size":112473965,"sha512":"f2R8yaxYfUc7t48Bk04LzCImKB27jTxQcAe6RAFE/2lMaHmhsNJCJ47S0XSDCCvUNJp5imIeKLPifHT4z+jt5g==","blockMapSize":116960,"path":"lunarclient-3.7.16-ow-x64.nsis.7z","file":"lunarclient-3.7.16-ow-x64.nsis.7z"}},"releaseDate":"2026-08-24T23:38:30.176Z"},"updateInfo":{"version":"3.7.16-ow","files":[{"url":"Lunar Client v3.7.16-ow.exe","sha512":"K25vDcT8UO0xbMd4MX5URU+l33+vEILLkpsRkxPMYVfB+yP5gqHGuNWOOGgUOE0gH2g4j+1Mjo9AFnQDC35tng=="}],"path":"Lunar Client v3.7.16-ow.exe","sha512":"K25vDcT8UO0xbMd4MX5URU+l33+vEILLkpsRkxPMYVfB+yP5gqHGuNWOOGgUOE0gH2g4j+1Mjo9AFnQDC35tng==","packages":{"x64":{"size":112473965,"sha512":"f2R8yaxYfUc7t48Bk04LzCImKB27jTxQcAe6RAFE/2lMaHmhsNJCJ47S0XSDCCvUNJp5imIeKLPifHT4z+jt5g==","blockMapSize":116960,"path":"lunarclient-3.7.16-ow-x64.nsis.7z","file":"lunarclient-3.7.16-ow-x64.nsis.7z"}},"releaseDate":"2026-08-24T23:38:30.176Z"}}
[2026-08-27 01:31:16.785] [warn]  [Permissions] Denied 'background-sync' requested by: https://htlb.casalemedia.com/
[2026-08-27 01:32:16.786] [warn]  [Permissions] Denied 'background-sync' requested by: https://htlb.casalemedia.com/
[2026-08-27 01:33:16.800] [warn]  [Permissions] Denied 'background-sync' requested by: https://htlb.casalemedia.com/
[2026-08-27 01:34:16.802] [warn]  [Permissions] Denied 'background-sync' requested by: https://htlb.casalemedia.com/
[2026-08-27 01:35:16.818] [warn]  [Permissions] Denied 'background-sync' requested by: https://htlb.casalemedia.com/
[2026-08-27 01:36:16.818] [warn]  [Permissions] Denied 'background-sync' requested by: https://htlb.casalemedia.com/
[2026-08-27 01:37:16.820] [warn]  [Permissions] Denied 'background-sync' requested by: https://htlb.casalemedia.com/
[2026-08-27 01:39:52.182] [error] [Connection] Error checking connection: TimeoutError: operation timed out
    at c (C:\Users\CARLOS_JR\AppData\Local\Programs\Lunar Client\resources\app.asar\dist-electron\electron\main.js:437:811)
    at Timeout._onTimeout (C:\Users\CARLOS_JR\AppData\Local\Programs\Lunar Client\resources\app.asar\dist-electron\electron\main.js:437:1114)
    at listOnTimeout (node:internal/timers:585:17)
    at process.processTimers (node:internal/timers:521:7)
[2026-08-27 01:39:52.193] [info]  [Connection] Probe failed (1/2), waiting for another failure before going offline...
[2026-08-27 01:45:38.247] [info]  [Updater] Checking for updates...
[2026-08-27 01:45:38.249] [info]           * Current Version: 3.7.16.12965
[2026-08-27 01:45:38.261] [info]           * Channel: latest-ow
[2026-08-27 01:45:38.265] [info]           * URL: https://launcherupdates.lunarclientcdn.com
[2026-08-27 01:45:38.268] [info]           * User Initiated: false
[2026-08-27 01:45:38.501] [info]  [Updater] No updates available.
[2026-08-27 01:45:38.503] [info]  [Updater] Update check returned a result... skipping: {"isUpdateAvailable":false,"versionInfo":{"version":"3.7.16-ow","files":[{"url":"Lunar Client v3.7.16-ow.exe","sha512":"K25vDcT8UO0xbMd4MX5URU+l33+vEILLkpsRkxPMYVfB+yP5gqHGuNWOOGgUOE0gH2g4j+1Mjo9AFnQDC35tng=="}],"path":"Lunar Client v3.7.16-ow.exe","sha512":"K25vDcT8UO0xbMd4MX5URU+l33+vEILLkpsRkxPMYVfB+yP5gqHGuNWOOGgUOE0gH2g4j+1Mjo9AFnQDC35tng==","packages":{"x64":{"size":112473965,"sha512":"f2R8yaxYfUc7t48Bk04LzCImKB27jTxQcAe6RAFE/2lMaHmhsNJCJ47S0XSDCCvUNJp5imIeKLPifHT4z+jt5g==","blockMapSize":116960,"path":"lunarclient-3.7.16-ow-x64.nsis.7z","file":"lunarclient-3.7.16-ow-x64.nsis.7z"}},"releaseDate":"2026-08-24T23:38:30.176Z"},"updateInfo":{"version":"3.7.16-ow","files":[{"url":"Lunar Client v3.7.16-ow.exe","sha512":"K25vDcT8UO0xbMd4MX5URU+l33+vEILLkpsRkxPMYVfB+yP5gqHGuNWOOGgUOE0gH2g4j+1Mjo9AFnQDC35tng=="}],"path":"Lunar Client v3.7.16-ow.exe","sha512":"K25vDcT8UO0xbMd4MX5URU+l33+vEILLkpsRkxPMYVfB+yP5gqHGuNWOOGgUOE0gH2g4j+1Mjo9AFnQDC35tng==","packages":{"x64":{"size":112473965,"sha512":"f2R8yaxYfUc7t48Bk04LzCImKB27jTxQcAe6RAFE/2lMaHmhsNJCJ47S0XSDCCvUNJp5imIeKLPifHT4z+jt5g==","blockMapSize":116960,"path":"lunarclient-3.7.16-ow-x64.nsis.7z","file":"lunarclient-3.7.16-ow-x64.nsis.7z"}},"releaseDate":"2026-08-24T23:38:30.176Z"}}
[2026-08-27 02:00:24.353] [error] [Connection] Error checking connection: TimeoutError: operation timed out
    at c (C:\Users\CARLOS_JR\AppData\Local\Programs\Lunar Client\resources\app.asar\dist-electron\electron\main.js:437:811)
    at Timeout._onTimeout (C:\Users\CARLOS_JR\AppData\Local\Programs\Lunar Client\resources\app.asar\dist-electron\electron\main.js:437:1114)
    at listOnTimeout (node:internal/timers:585:17)
    at process.processTimers (node:internal/timers:521:7)
[2026-08-27 02:00:24.362] [info]  [Connection] Probe failed (1/2), waiting for another failure before going offline...
[2026-08-27 02:00:29.367] [error] [Connection] Error checking connection: TimeoutError: operation timed out
    at c (C:\Users\CARLOS_JR\AppData\Local\Programs\Lunar Client\resources\app.asar\dist-electron\electron\main.js:437:811)
    at Timeout._onTimeout (C:\Users\CARLOS_JR\AppData\Local\Programs\Lunar Client\resources\app.asar\dist-electron\electron\main.js:437:1114)
    at listOnTimeout (node:internal/timers:585:17)
    at process.processTimers (node:internal/timers:521:7)
[2026-08-27 02:00:29.369] [info]  [Connection] You are now offline, waiting for connection to resume...
[2026-08-27 02:00:29.525] [info]  [Connection] Back online!
[2026-08-27 02:00:29.528] [info]  [Connection] Refetching metadata, more than 15 minutes since last fetch...
[2026-08-27 02:00:29.534] [info]  [Metadata] Loading game profile: 66e9766e-a0c3-4951-b7e4-c8946c428ff5
[2026-08-27 02:00:29.566] [info]  [Connection] Initializing auth after connection resume...
[2026-08-27 02:00:29.571] [info]  [Auth] Initializing authentication...
[2026-08-27 02:00:29.588] [info]  [Auth] Account Junior_00 is currently active
[2026-08-27 02:00:29.593] [warn]  [Profiles] No icon file found for profile Diosesmon Oficial (ID: 66e9766e-a0c3-4951-b7e4-c8946c428ff5)
[2026-08-27 02:00:29.594] [warn]  [Profiles] No featured image file found for profile Diosesmon Oficial (ID: 66e9766e-a0c3-4951-b7e4-c8946c428ff5)
[2026-08-27 02:00:29.610] [info]  [Profiles] Loaded profile Diosesmon Oficial (ID: 66e9766e-a0c3-4951-b7e4-c8946c428ff5)
[2026-08-27 02:00:29.629] [info]  [Metadata] Badlion versions metadata fetched successfully
[2026-08-27 02:00:29.665] [info]  [Auth] Validating account Junior_00 owns Minecraft...
[2026-08-27 02:00:30.027] [info]  [Metadata] Layout metadata fetched successfully
[2026-08-27 02:00:30.052] [info]  [Metadata] Terms 'privacy' is up to date!
[2026-08-27 02:00:30.055] [info]  [Metadata] Terms 'terms' is up to date!
[2026-08-27 02:00:30.057] [info]  [Metadata] Misc metadata fetched successfully
[2026-08-27 02:00:30.061] [info]  [Metadata] Feature Flags enabled: ServersCTA, SocialMessaging, LunarOAuthApp, LaunchCancelling, SelectModpack, ServerRecommendedModpack, EmbeddedBrowserOpens, MissionControl, ExternalLinkSSO, HomeAdOverwolf, MissionControlAdOverwolf, Radio, RadioPremium, AMDDriverFix, ExploreModsAdOverwolf, MissionControlTopAdOverwolf, OverwolfCRN, YoutubeLinking, HomeTopAdOverwolf, SatelliteGifPicker, VersionsCreateProfile
[2026-08-27 02:00:30.063] [info]  [Metadata] Feature Flags disabled: CustomizableQuickPlay, CommunityServers, ProfileModsExploreCTA, LoaderVersionSetting, InstallVCRedistributable, OverwolfOverlay, TopbarOutplayedPromotion
[2026-08-27 02:00:30.065] [info]  [Metadata] Updater stream channel and URL are the same as before, skipping...
[2026-08-27 02:00:30.067] [info]  [Metadata] Checking cache for language es_ES with remote hash 8f46e49889e93b6bf3f73b7fe8dcafd6bb24f562
[2026-08-27 02:00:30.102] [info]  [Metadata] Language es_ES is already cached, skipping...
[2026-08-27 02:00:30.104] [info]  [Metadata] Languages successfully processed, sending updates...
[2026-08-27 02:00:30.114] [info]  [Metadata] Lunar versions metadata fetched successfully
[2026-08-27 02:00:30.122] [info]  [Metadata] Vanilla versions metadata fetched successfully
[2026-08-27 02:00:30.130] [info]  [Metadata] Setting up virtual profiles
[2026-08-27 02:00:30.132] [info]  [Metadata] Cleaning up non-existent virtual profiles...
[2026-08-27 02:00:30.134] [info]  [Metadata] No non-existent virtual profiles were found to clean up!
[2026-08-27 02:00:30.136] [info]  [Metadata] Profile selected, using Diosesmon Oficial (ID: 66e9766e-a0c3-4951-b7e4-c8946c428ff5, type: user-modpack, version: 1.21.1)...
[2026-08-27 02:00:30.139] [info]  [Metadata] Cleaning up profile modules...
[2026-08-27 02:00:30.142] [info]  [Metadata] No profiles were found to have bad modules!
[2026-08-27 02:00:30.144] [info]  [Connection] Successfully refetched metadata after connection resume!
[2026-08-27 02:00:30.679] [info]  [Auth] Account Junior_00 successfully validated to own Minecraft, proceeding with profile retrieval...
[2026-08-27 02:00:31.416] [info]  [Auth] Successfully retrieved Minecraft profile for account Junior_00, checking multiplayer privileges...
[2026-08-27 02:00:31.418] [info]  [Auth] Successfully validated account Junior_00 owns Minecraft, checking banned status...
[2026-08-27 02:00:31.420] [info]  [Auth] Account Junior_00 has multiplayer access and is not banned, proceeding with login...
[2026-08-27 02:00:31.428] [info]  [AssetServer] Found an existing connection... killing before starting a new one!
[2026-08-27 02:00:31.440] [info]  [AssetServer] No reconnect JWT available, going to Authenticator...
[2026-08-27 02:00:31.466] [info]  [AssetServer] Registered 42 push handlers
[2026-08-27 02:00:31.477] [info]  [Overwolf] Set cached OWAEH in Overwolf registry for aa35297e424044cb8b676659959d35eb
[2026-08-27 02:00:31.485] [info]  [Connection] Successfully initialized auth after connection resume!
[2026-08-27 02:00:31.494] [info]  [Auth] [Authenticator] Getting Lunar Client Token for Junior_00 (aa35297e424044cb8b676659959d35eb). Initiator is LAUNCHER_WEBSOCKET
[2026-08-27 02:00:31.496] [info]  [Auth] [Authenticator] No cached token found for Junior_00 (aa35297e424044cb8b676659959d35eb), requesting new token...
[2026-08-27 02:00:31.533] [info]  [AssetServer] Connection closed! Code: 1000 - Reason: Bye
[2026-08-27 02:00:31.537] [info]  [AssetServer] Resetting stores...
[2026-08-27 02:00:31.541] [info]  [AssetServer] Reconnects are being prevented, skipping...
[2026-08-27 02:00:31.705] [info]  [Auth] [Authenticator] Connection opened for Junior_00 (aa35297e424044cb8b676659959d35eb)
[2026-08-27 02:00:31.753] [info]  [Auth] [Authenticator] Creating Minecraft session for Junior_00 (aa35297e424044cb8b676659959d35eb)...
[2026-08-27 02:00:32.409] [info]  [Auth] [Authenticator] Created Minecraft session for Junior_00 (aa35297e424044cb8b676659959d35eb)
[2026-08-27 02:00:32.669] [info]  [Auth] [Authenticator] Got Lunar Client Token for Junior_00 (aa35297e424044cb8b676659959d35eb)
[2026-08-27 02:00:32.763] [info]  [Auth] [Authenticator] Connection disconnected for Junior_00 (aa35297e424044cb8b676659959d35eb)
[2026-08-27 02:00:32.766] [info]  [Auth] [Authenticator] Code: 1000 - Reason: Issued.
[2026-08-27 02:00:33.089] [info]  [AssetServer] Connection opened!
[2026-08-27 02:00:33.091] [info]  [AssetServer] Sending initial connection handshake
[2026-08-27 02:00:33.093] [info]  [AssetServer] Starting service logins in parallel...
[2026-08-27 02:00:33.218] [info]  [AssetServer] Received session ID: a234a0b8-db19-41ad-bb70-4e39b655d6ed
[2026-08-27 02:00:33.269] [info]  [Settings] Setting socials-visibility to 1...
[2026-08-27 02:00:33.292] [info]  [Settings] Setting default-screenshot-upload-privacy to 2...
[2026-08-27 02:00:33.304] [info]  [Settings] Setting incoming-gift-privacy to 1...
[2026-08-27 02:00:33.316] [info]  [Settings] Setting wrapped-leaderboard-visibility to 1...
[2026-08-27 02:00:33.340] [info]  [Promotions] Corner promotion exempt? false
[2026-08-27 02:00:33.341] [info]  [Settings] Setting cosmetic-ownership-visibility to 1...
[2026-08-27 02:00:33.354] [info]  [Settings] Setting radio-playing-visibility to 1...
[2026-08-27 02:00:33.367] [info]  [Settings] Setting allow-friend-requests to true...
[2026-08-27 02:00:33.379] [info]  [Settings] Setting last-seen-visibility to 1...
[2026-08-27 02:00:33.393] [info]  [AssetServer] Completed service logins!
[2026-08-27 02:00:38.250] [info]  [Updater] Checking for updates...
[2026-08-27 02:00:38.251] [info]           * Current Version: 3.7.16.12965
[2026-08-27 02:00:38.253] [info]           * Channel: latest-ow
[2026-08-27 02:00:38.254] [info]           * URL: https://launcherupdates.lunarclientcdn.com
[2026-08-27 02:00:38.256] [info]           * User Initiated: false
[2026-08-27 02:00:38.712] [info]  [Updater] No updates available.
[2026-08-27 02:00:38.713] [info]  [Updater] Update check returned a result... skipping: {"isUpdateAvailable":false,"versionInfo":{"version":"3.7.16-ow","files":[{"url":"Lunar Client v3.7.16-ow.exe","sha512":"K25vDcT8UO0xbMd4MX5URU+l33+vEILLkpsRkxPMYVfB+yP5gqHGuNWOOGgUOE0gH2g4j+1Mjo9AFnQDC35tng=="}],"path":"Lunar Client v3.7.16-ow.exe","sha512":"K25vDcT8UO0xbMd4MX5URU+l33+vEILLkpsRkxPMYVfB+yP5gqHGuNWOOGgUOE0gH2g4j+1Mjo9AFnQDC35tng==","packages":{"x64":{"size":112473965,"sha512":"f2R8yaxYfUc7t48Bk04LzCImKB27jTxQcAe6RAFE/2lMaHmhsNJCJ47S0XSDCCvUNJp5imIeKLPifHT4z+jt5g==","blockMapSize":116960,"path":"lunarclient-3.7.16-ow-x64.nsis.7z","file":"lunarclient-3.7.16-ow-x64.nsis.7z"}},"releaseDate":"2026-08-24T23:38:30.176Z"},"updateInfo":{"version":"3.7.16-ow","files":[{"url":"Lunar Client v3.7.16-ow.exe","sha512":"K25vDcT8UO0xbMd4MX5URU+l33+vEILLkpsRkxPMYVfB+yP5gqHGuNWOOGgUOE0gH2g4j+1Mjo9AFnQDC35tng=="}],"path":"Lunar Client v3.7.16-ow.exe","sha512":"K25vDcT8UO0xbMd4MX5URU+l33+vEILLkpsRkxPMYVfB+yP5gqHGuNWOOGgUOE0gH2g4j+1Mjo9AFnQDC35tng==","packages":{"x64":{"size":112473965,"sha512":"f2R8yaxYfUc7t48Bk04LzCImKB27jTxQcAe6RAFE/2lMaHmhsNJCJ47S0XSDCCvUNJp5imIeKLPifHT4z+jt5g==","blockMapSize":116960,"path":"lunarclient-3.7.16-ow-x64.nsis.7z","file":"lunarclient-3.7.16-ow-x64.nsis.7z"}},"releaseDate":"2026-08-24T23:38:30.176Z"}}
[2026-08-27 02:22:12.046] [info]  [Electron] Starting application...
[2026-08-27 02:22:12.049] [info]  [Electron] Lunar Client directory permissions: 666
[2026-08-27 02:22:12.049] [info]  [Electron] Resources path: C:\Users\CARLOS_JR\AppData\Local\Programs\Lunar Client\resources
[2026-08-27 02:22:12.050] [info]  [Electron] Crashdumps path: C:\Users\CARLOS_JR\AppData\Roaming\lunarclient\Crashpad
[2026-08-27 02:22:12.056] [info]  [Electron] Launcher is running with standard permissions.
[2026-08-27 02:22:12.069] [info]  [Identifiers] Installation ID found, ID: bc6a3018-85a4-47b1-9ac9-b04a5a4cf48e
[2026-08-27 02:22:12.073] [info]  [Identifiers] Installation ID first seen at: 2026-07-31T15:25:34.410Z
[2026-08-27 02:22:12.074] [info]  [Electron] Overwolf MUID: 45bcb4ce-2aed-422f-843e-955bc85343b3
[2026-08-27 02:22:12.075] [info]  [Electron] Starting Lunar Client Launcher...
[2026-08-27 02:22:12.076] [info]           * Session ID: e121d3e4-f9a2-4bc5-966a-6e969cb942ed
[2026-08-27 02:22:12.077] [info]           * Operating System: win32 x64 10.0.26200
[2026-08-27 02:22:12.077] [info]           * Electron Version: 39.8.12 (Chrome v142.0.7444.265, Node v22.22.1)
[2026-08-27 02:22:12.078] [info]           * Binaries Type: @overwolf/ow-electron
[2026-08-27 02:22:12.078] [info]           * Version: 3.7.16
[2026-08-27 02:22:12.079] [info]           * Stream: latest-ow
[2026-08-27 02:22:12.079] [info]           * Branch: master
[2026-08-27 02:22:12.080] [info]           * Build Number: 12965
[2026-08-27 02:22:12.080] [info]           * Commit Hash: 218f614c33c57017dab2b661a5c3f019ed489648
[2026-08-27 02:22:12.081] [info]           * Short Commit Hash: 218f614
[2026-08-27 02:22:12.081] [info]           * Overwolf App UID: N/A
[2026-08-27 02:22:12.084] [info]  [Sentry] Initializing Sentry in main process...
[2026-08-27 02:22:12.085] [info]           * DSN: https://2b19802000444b71b53899a26418c0ef@o923049.ingest.sentry.io/6029601
[2026-08-27 02:22:12.085] [info]           * Sample Rate: 0.05
[2026-08-27 02:22:12.086] [info]           * Traces Sample rate: 0.01
[2026-08-27 02:22:12.086] [info]           * Debug: disabled
[2026-08-27 02:22:12.087] [info]           * Trace ID: 5b4dcda022d1a24b8e154dd4f2f3d953
[2026-08-27 02:22:12.087] [info]           * Environment: production
[2026-08-27 02:22:12.088] [info]           * Spotlight: disabled
[2026-08-27 02:22:12.207] [info]  [Store] Initializing redux store (dev tools: disabled)...
[2026-08-27 02:22:12.210] [info]  [Store] Initialized redux store (auth,badges,cosmetics,deviceCodeAuth,embeddedBrowser,emotes,metadata,friends,installQueue,launch,logUpload,notifications,profiles,servers,settings,socials,updater,styngr,misc,conversations)
[2026-08-27 02:22:12.249] [info]  [DB] Schema up to date (2 migration(s))
[2026-08-27 02:22:12.249] [info]  [DB] Initialized at C:\Users\CARLOS_JR\.lunarclient\db\profiles.db
[2026-08-27 02:22:12.250] [info]  [Settings] Initialising store on path: C:\Users\CARLOS_JR\.lunarclient\settings
[2026-08-27 02:22:12.278] [info]  [Settings] Sent initial settings payload to redux
[2026-08-27 02:22:12.360] [info]  [Cache] Initialising store on path: C:\Users\CARLOS_JR\.lunarclient\settings
[2026-08-27 02:22:12.362] [info]  [Cache] Cache store initialised.
[2026-08-27 02:22:12.363] [info]  [Cache] Cache loaded.
[2026-08-27 02:22:12.365] [info]  [Electron] Setting up protocol (non-default app)...
[2026-08-27 02:22:12.366] [info]  [Electron] Hardware acceleration: enabled
[2026-08-27 02:22:12.373] [info]  [Electron] Ads optimization is enabled.
[2026-08-27 02:22:12.374] [info]  [Electron] Attempting to run app entrypoint...
[2026-08-27 02:22:14.151] [info]  [Electron] Ready signal received.
[2026-08-27 02:22:14.159] [info]  [Electron] Production mode detected.
[2026-08-27 02:22:14.161] [info]  [Electron] Setting up login options... (with startup setting: CLOSED)
[2026-08-27 02:22:14.206] [debug] [Electron] Overwolf UTM params: {"hashParams":{},"source":"client-site","medium":"download-page","campaign":"direct","referrer":"www.lunarclient.com"}
[2026-08-27 02:22:14.269] [error] [Module] Attempted to get module assetserver while it's not setup!
[2026-08-27 02:22:14.270] [error] [Module] Attempted to get module assetserver while it's not setup!
[2026-08-27 02:22:14.272] [info]  [Window] Setting up (Silent startup: false)...
[2026-08-27 02:22:14.393] [warn]  [Permissions] Denied 'media' requested by: 
[2026-08-27 02:22:14.394] [warn]  [Permissions] Denied 'media' requested by: 
[2026-08-27 02:22:14.395] [warn]  [Permissions] Denied 'geolocation' requested by: 
[2026-08-27 02:22:14.397] [warn]  [Permissions] Denied 'window-management' requested by: 
[2026-08-27 02:22:14.415] [info]  [Window] [main] Loading file: C:\Users\CARLOS_JR\AppData\Local\Programs\Lunar Client\resources\app.asar\dist\html\main.html#/
[2026-08-27 02:22:14.422] [info]  [Window] Setup complete!
[2026-08-27 02:22:14.427] [info]  [Module] Setting up...
[2026-08-27 02:22:14.467] [info]  [Module] Starting assetserver
[2026-08-27 02:22:14.469] [info]  [Module] Started assetserver
[2026-08-27 02:22:14.471] [info]  [Module] Starting auth
[2026-08-27 02:22:14.475] [info]  [Auth] Initializing authentication...
[2026-08-27 02:22:14.479] [info]  [Module] Started auth
[2026-08-27 02:22:14.481] [info]  [Module] Starting badlion
[2026-08-27 02:22:14.482] [info]  [Badlion] Starting Badlion initialization
[2026-08-27 02:22:14.484] [info]  [Badlion] Badlion appdata exists: false, Downloaded from Badlion: false
[2026-08-27 02:22:14.485] [info]  [Badlion] Should opt in to Badlion services: false
[2026-08-27 02:22:14.486] [info]  [Module] Started badlion
[2026-08-27 02:22:14.487] [info]  [Module] Starting metadata
[2026-08-27 02:22:14.490] [info]  [Metadata] Loading game profile: 66e9766e-a0c3-4951-b7e4-c8946c428ff5
[2026-08-27 02:22:14.496] [info]  [Module] Started metadata
[2026-08-27 02:22:14.497] [info]  [Module] Starting satellite
[2026-08-27 02:22:14.499] [info]  [Module] Started satellite
[2026-08-27 02:22:14.501] [info]  [Module] Starting profiles
[2026-08-27 02:22:14.503] [info]  [Profiles] Loading profiles...
[2026-08-27 02:22:14.506] [info]  [Module] Started profiles
[2026-08-27 02:22:14.507] [info]  [Module] Starting modrinth
[2026-08-27 02:22:14.509] [info]  [Module] Started modrinth
[2026-08-27 02:22:14.511] [info]  [Module] Starting curseforge
[2026-08-27 02:22:14.512] [info]  [Module] Started curseforge
[2026-08-27 02:22:14.513] [info]  [Module] Starting external-import
[2026-08-27 02:22:14.515] [info]  [Module] Started external-import
[2026-08-27 02:22:14.516] [info]  [Module] Starting installs
[2026-08-27 02:22:14.518] [info]  [Module] Started installs
[2026-08-27 02:22:14.519] [info]  [Module] Starting launch
[2026-08-27 02:22:14.520] [info]  [Module] Started launch
[2026-08-27 02:22:14.522] [info]  [Module] Starting gameipc
[2026-08-27 02:22:14.524] [info]  [GameIPC] Using WebSocketServer directly
[2026-08-27 02:22:14.528] [info]  [Module] Started gameipc
[2026-08-27 02:22:14.529] [info]  [Module] Starting connection
[2026-08-27 02:22:14.531] [info]  [Module] Started connection
[2026-08-27 02:22:14.532] [info]  [Module] Starting hosts-check
[2026-08-27 02:22:14.534] [info]  [Module] Started hosts-check
[2026-08-27 02:22:14.535] [info]  [Module] Starting deeplink
[2026-08-27 02:22:14.537] [info]  [Module] Started deeplink
[2026-08-27 02:22:14.538] [info]  [Module] Starting discord
[2026-08-27 02:22:14.543] [info]  [Module] Started discord
[2026-08-27 02:22:14.545] [info]  [Module] Starting socials
[2026-08-27 02:22:14.546] [info]  [Module] Started socials
[2026-08-27 02:22:14.547] [info]  [Module] Starting styngr
[2026-08-27 02:22:14.548] [info]  [Module] Started styngr
[2026-08-27 02:22:14.549] [info]  [Module] Starting notifications
[2026-08-27 02:22:14.550] [info]  [Module] Started notifications
[2026-08-27 02:22:14.551] [info]  [Module] Starting cosmetics
[2026-08-27 02:22:14.556] [info]  [Module] Started cosmetics
[2026-08-27 02:22:14.557] [info]  [Module] Starting promotions
[2026-08-27 02:22:14.558] [info]  [Module] Started promotions
[2026-08-27 02:22:14.559] [info]  [Module] Starting logs
[2026-08-27 02:22:14.560] [info]  [Module] Started logs
[2026-08-27 02:22:14.562] [info]  [Module] Starting logupload
[2026-08-27 02:22:14.563] [info]  [Module] Started logupload
[2026-08-27 02:22:14.564] [info]  [Module] Starting checkout
[2026-08-27 02:22:14.566] [info]  [Module] Started checkout
[2026-08-27 02:22:14.567] [info]  [Module] Starting overwolf
[2026-08-27 02:22:14.568] [info]  [Module] Started overwolf
[2026-08-27 02:22:14.569] [info]  [Module] Starting servers
[2026-08-27 02:22:14.570] [info]  [Module] Started servers
[2026-08-27 02:22:14.572] [info]  [Module] Starting worlds
[2026-08-27 02:22:14.573] [info]  [Module] Started worlds
[2026-08-27 02:22:14.574] [info]  [Module] Starting screenshots
[2026-08-27 02:22:14.576] [info]  [Module] Started screenshots
[2026-08-27 02:22:14.577] [info]  [Module] Successfully setup 28 modules!
[2026-08-27 02:22:14.580] [info]  [Log Retention] Applying log retention policy: ONE_WEEK. Deleting logs older than 7 days.
[2026-08-27 02:22:14.581] [error] [Log Retention] No profile found, skipping cleanup.
[2026-08-27 02:22:14.586] [info]  [Profiles] Registering directory watcher at C:\Users\CARLOS_JR\.lunarclient\profiles...
[2026-08-27 02:22:14.593] [info]  [Updater] Checking for updates...
[2026-08-27 02:22:14.595] [info]           * Current Version: 3.7.16.12965
[2026-08-27 02:22:14.597] [info]           * Channel: latest-ow
[2026-08-27 02:22:14.598] [info]           * URL: https://launcherupdates.lunarclientcdn.com
[2026-08-27 02:22:14.600] [info]           * User Initiated: false
[2026-08-27 02:22:14.616] [info]  [GameIPC] Server listening on port 28190
[2026-08-27 02:22:14.624] [info]  [Profiles] Found 4 profiles in SQLite
[2026-08-27 02:22:14.628] [info]  [Profiles] Loaded profile Minecraft 26 (ID: 862e3fe1-3710-48b1-b677-390765926149)
[2026-08-27 02:22:14.653] [info]  [Electron] Auto-launch has been detected as disabled
[2026-08-27 02:22:14.655] [warn]  [Watchdog] Main process event loop stalled for ~1448ms (cpu: ~1343ms)
[2026-08-27 02:22:14.723] [info]  [Profiles] Loaded profile JUNIOR_ (ID: ca09900b-3645-4e81-8129-aa5e00073a6a)
[2026-08-27 02:22:14.744] [info]  [Auth] Account Junior_00 is currently active
[2026-08-27 02:22:14.840] [info]  [Auth] Validating account Junior_00 owns Minecraft...
[2026-08-27 02:22:14.934] [warn]  [Profiles] No icon file found for profile Diosesmon Oficial (ID: 66e9766e-a0c3-4951-b7e4-c8946c428ff5)
[2026-08-27 02:22:14.935] [warn]  [Profiles] No featured image file found for profile Diosesmon Oficial (ID: 66e9766e-a0c3-4951-b7e4-c8946c428ff5)
[2026-08-27 02:22:14.938] [info]  [Profiles] Loaded profile Diosesmon Oficial (ID: 66e9766e-a0c3-4951-b7e4-c8946c428ff5)
[2026-08-27 02:22:15.637] [info]  [Metadata] Badlion versions metadata fetched successfully
[2026-08-27 02:22:15.661] [warn]  [Profiles] No icon file found for profile Diosesmon Oficial (ID: 66e9766e-a0c3-4951-b7e4-c8946c428ff5)
[2026-08-27 02:22:15.662] [warn]  [Profiles] No featured image file found for profile Diosesmon Oficial (ID: 66e9766e-a0c3-4951-b7e4-c8946c428ff5)
[2026-08-27 02:22:15.666] [info]  [Profiles] Loaded profile Diosesmon Oficial (ID: 66e9766e-a0c3-4951-b7e4-c8946c428ff5)
[2026-08-27 02:22:15.789] [info]  [Profiles] Loaded profile MCC Island for Lunar Client (ID: 67380c89-129f-43ea-96eb-7cd979e24a9a)
[2026-08-27 02:22:15.790] [info]  [Profiles] Loaded 4 profiles (0 virtual, 4 saved)
[2026-08-27 02:22:15.793] [info]  [Metadata] Setting up virtual profiles
[2026-08-27 02:22:15.794] [info]  [Metadata] Profile selected, using Diosesmon Oficial (ID: 66e9766e-a0c3-4951-b7e4-c8946c428ff5, type: user-modpack, version: 1.21.1)...
[2026-08-27 02:22:15.796] [info]  [Metadata] Cleaning up profile modules...
[2026-08-27 02:22:15.797] [info]  [Metadata] No profiles were found to have bad modules!
[2026-08-27 02:22:15.806] [info]  [Updater] No updates available.
[2026-08-27 02:22:15.809] [info]  [Updater] Update check returned a result... skipping: {"isUpdateAvailable":false,"versionInfo":{"version":"3.7.16-ow","files":[{"url":"Lunar Client v3.7.16-ow.exe","sha512":"K25vDcT8UO0xbMd4MX5URU+l33+vEILLkpsRkxPMYVfB+yP5gqHGuNWOOGgUOE0gH2g4j+1Mjo9AFnQDC35tng=="}],"path":"Lunar Client v3.7.16-ow.exe","sha512":"K25vDcT8UO0xbMd4MX5URU+l33+vEILLkpsRkxPMYVfB+yP5gqHGuNWOOGgUOE0gH2g4j+1Mjo9AFnQDC35tng==","packages":{"x64":{"size":112473965,"sha512":"f2R8yaxYfUc7t48Bk04LzCImKB27jTxQcAe6RAFE/2lMaHmhsNJCJ47S0XSDCCvUNJp5imIeKLPifHT4z+jt5g==","blockMapSize":116960,"path":"lunarclient-3.7.16-ow-x64.nsis.7z","file":"lunarclient-3.7.16-ow-x64.nsis.7z"}},"releaseDate":"2026-08-24T23:38:30.176Z"},"updateInfo":{"version":"3.7.16-ow","files":[{"url":"Lunar Client v3.7.16-ow.exe","sha512":"K25vDcT8UO0xbMd4MX5URU+l33+vEILLkpsRkxPMYVfB+yP5gqHGuNWOOGgUOE0gH2g4j+1Mjo9AFnQDC35tng=="}],"path":"Lunar Client v3.7.16-ow.exe","sha512":"K25vDcT8UO0xbMd4MX5URU+l33+vEILLkpsRkxPMYVfB+yP5gqHGuNWOOGgUOE0gH2g4j+1Mjo9AFnQDC35tng==","packages":{"x64":{"size":112473965,"sha512":"f2R8yaxYfUc7t48Bk04LzCImKB27jTxQcAe6RAFE/2lMaHmhsNJCJ47S0XSDCCvUNJp5imIeKLPifHT4z+jt5g==","blockMapSize":116960,"path":"lunarclient-3.7.16-ow-x64.nsis.7z","file":"lunarclient-3.7.16-ow-x64.nsis.7z"}},"releaseDate":"2026-08-24T23:38:30.176Z"}}
[2026-08-27 02:22:15.951] [warn]  [Permissions] Denied 'media' requested by: 
[2026-08-27 02:22:15.952] [warn]  [Permissions] Denied 'media' requested by: 
[2026-08-27 02:22:15.953] [warn]  [Permissions] Denied 'geolocation' requested by: 
[2026-08-27 02:22:15.954] [warn]  [Permissions] Denied 'window-management' requested by: 
[2026-08-27 02:22:16.090] [info]  [Metadata] Terms 'privacy' is up to date!
[2026-08-27 02:22:16.092] [info]  [Metadata] Terms 'terms' is up to date!
[2026-08-27 02:22:16.094] [info]  [Metadata] Misc metadata fetched successfully
[2026-08-27 02:22:16.097] [info]  [Metadata] Feature Flags enabled: ServersCTA, SocialMessaging, LunarOAuthApp, LaunchCancelling, SelectModpack, ServerRecommendedModpack, EmbeddedBrowserOpens, MissionControl, ExternalLinkSSO, HomeAdOverwolf, MissionControlAdOverwolf, Radio, RadioPremium, AMDDriverFix, ExploreModsAdOverwolf, MissionControlTopAdOverwolf, OverwolfCRN, YoutubeLinking, HomeTopAdOverwolf, SatelliteGifPicker, VersionsCreateProfile
[2026-08-27 02:22:16.098] [info]  [Metadata] Feature Flags disabled: CustomizableQuickPlay, CommunityServers, ProfileModsExploreCTA, LoaderVersionSetting, InstallVCRedistributable, OverwolfOverlay, TopbarOutplayedPromotion
[2026-08-27 02:22:16.099] [info]  [Metadata] Updater stream channel and URL are the same as before, skipping...
[2026-08-27 02:22:16.102] [info]  [Metadata] Checking cache for language es_ES with remote hash 8f46e49889e93b6bf3f73b7fe8dcafd6bb24f562
[2026-08-27 02:22:16.108] [info]  [Metadata] Language es_ES is already cached, skipping...
[2026-08-27 02:22:16.110] [info]  [Metadata] Languages successfully processed, sending updates...
[2026-08-27 02:22:16.114] [info]  [DiscordRP] Updating activity status...
[2026-08-27 02:22:16.128] [info]  [Metadata] Layout metadata fetched successfully
[2026-08-27 02:22:16.136] [info]  [Metadata] Lunar versions metadata fetched successfully
[2026-08-27 02:22:16.143] [info]  [Metadata] Vanilla versions metadata fetched successfully
[2026-08-27 02:22:16.149] [info]  [Metadata] Setting up virtual profiles
[2026-08-27 02:22:16.187] [info]  [Metadata] Profile selected, using Diosesmon Oficial (ID: 66e9766e-a0c3-4951-b7e4-c8946c428ff5, type: user-modpack, version: 1.21.1)...
[2026-08-27 02:22:16.188] [info]  [Metadata] Cleaning up profile modules...
[2026-08-27 02:22:16.189] [info]  [Metadata] No profiles were found to have bad modules!
[2026-08-27 02:22:16.225] [info]  [Sentry] Initializing Sentry in app renderer...
[2026-08-27 02:22:16.227] [info]           * DSN: https://2b19802000444b71b53899a26418c0ef@o923049.ingest.sentry.io/6029601
[2026-08-27 02:22:16.227] [info]           * Sample rate: 0.05
[2026-08-27 02:22:16.227] [info]           * Traces Sample rate: 0.01
[2026-08-27 02:22:16.227] [info]           * Debug: disabled
[2026-08-27 02:22:16.227] [info]           * ANR: disabled
[2026-08-27 02:22:16.227] [info]           * Environment: production
[2026-08-27 02:22:16.259] [warn]  [Permissions] Denied 'media' requested by: file:///
[2026-08-27 02:22:16.260] [warn]  [Permissions] Denied 'media' requested by: file:///
[2026-08-27 02:22:16.261] [warn]  [Permissions] Denied 'geolocation' requested by: file:///
[2026-08-27 02:22:16.262] [warn]  [Permissions] Denied 'window-management' requested by: file:///
[2026-08-27 02:22:16.723] [info]  [Styngr] [Player] Binding event listeners to audio element...
[2026-08-27 02:22:16.739] [info]  [Auth] Account Junior_00 successfully validated to own Minecraft, proceeding with profile retrieval...
[2026-08-27 02:22:16.744] [info]  [Window] Renderer ready for window 'main'
[2026-08-27 02:22:16.793] [debug] [Window] [main] Window focused
[2026-08-27 02:22:17.404] [info]  [Auth] Successfully retrieved Minecraft profile for account Junior_00, checking multiplayer privileges...
[2026-08-27 02:22:17.407] [info]  [Auth] Successfully validated account Junior_00 owns Minecraft, checking banned status...
[2026-08-27 02:22:17.409] [info]  [Auth] Account Junior_00 has multiplayer access and is not banned, proceeding with login...
[2026-08-27 02:22:17.413] [info]  [AssetServer] No reconnect JWT available, going to Authenticator...
[2026-08-27 02:22:17.420] [info]  [AssetServer] Registered 42 push handlers
[2026-08-27 02:22:17.426] [info]  [Overwolf] Set cached OWAEH in Overwolf registry for aa35297e424044cb8b676659959d35eb
[2026-08-27 02:22:17.434] [info]  [Auth] [Authenticator] Getting Lunar Client Token for Junior_00 (aa35297e424044cb8b676659959d35eb). Initiator is LAUNCHER_WEBSOCKET
[2026-08-27 02:22:17.436] [info]  [Auth] [Authenticator] No cached token found for Junior_00 (aa35297e424044cb8b676659959d35eb), requesting new token...
[2026-08-27 02:22:17.651] [info]  [Auth] [Authenticator] Connection opened for Junior_00 (aa35297e424044cb8b676659959d35eb)
[2026-08-27 02:22:17.715] [info]  [Auth] [Authenticator] Creating Minecraft session for Junior_00 (aa35297e424044cb8b676659959d35eb)...
[2026-08-27 02:22:18.783] [info]  [Auth] [Authenticator] Created Minecraft session for Junior_00 (aa35297e424044cb8b676659959d35eb)
[2026-08-27 02:22:19.002] [info]  [Auth] [Authenticator] Got Lunar Client Token for Junior_00 (aa35297e424044cb8b676659959d35eb)
[2026-08-27 02:22:19.185] [info]  [Overwolf] Received ready signal for overlay v2.0.10
[2026-08-27 02:22:21.529] [info]  [Overwolf] Received ready signal for crn v279.0.3
[2026-08-27 02:22:21.563] [info]  [Auth] [Authenticator] Connection disconnected for Junior_00 (aa35297e424044cb8b676659959d35eb)
[2026-08-27 02:22:21.566] [info]  [Auth] [Authenticator] Code: 1000 - Reason: Issued.
[2026-08-27 02:22:21.572] [warn]  [Watchdog] Main process event loop stalled for ~1896ms (cpu: ~1188ms)
[2026-08-27 02:22:22.306] [warn]  [Permissions] Denied 'media' requested by: file:///
[2026-08-27 02:22:22.307] [warn]  [Permissions] Denied 'media' requested by: file:///
[2026-08-27 02:22:22.309] [warn]  [Permissions] Denied 'geolocation' requested by: file:///
[2026-08-27 02:22:22.311] [warn]  [Permissions] Denied 'window-management' requested by: file:///
[2026-08-27 02:22:22.331] [warn]  [Permissions] Denied 'media' requested by: 
[2026-08-27 02:22:22.332] [warn]  [Permissions] Denied 'media' requested by: 
[2026-08-27 02:22:22.334] [warn]  [Permissions] Denied 'geolocation' requested by: 
[2026-08-27 02:22:22.335] [warn]  [Permissions] Denied 'window-management' requested by: 
[2026-08-27 02:22:24.108] [info]  [AssetServer] Connection opened!
[2026-08-27 02:22:24.111] [info]  [AssetServer] Sending initial connection handshake
[2026-08-27 02:22:24.115] [info]  [AssetServer] Starting service logins in parallel...
[2026-08-27 02:22:24.284] [info]  [AssetServer] Received session ID: d717ef68-61bd-4645-80c4-fccf922c6951
[2026-08-27 02:22:24.298] [info]  [Settings] Setting socials-visibility to 1...
[2026-08-27 02:22:24.316] [info]  [Settings] Setting default-screenshot-upload-privacy to 2...
[2026-08-27 02:22:24.342] [info]  [Settings] Setting incoming-gift-privacy to 1...
[2026-08-27 02:22:24.355] [info]  [Settings] Setting wrapped-leaderboard-visibility to 1...
[2026-08-27 02:22:24.369] [info]  [Settings] Setting cosmetic-ownership-visibility to 1...
[2026-08-27 02:22:24.396] [info]  [Promotions] Corner promotion exempt? false
[2026-08-27 02:22:24.398] [info]  [Settings] Setting allow-friend-requests to true...
[2026-08-27 02:22:24.420] [info]  [Settings] Setting last-seen-visibility to 1...
[2026-08-27 02:22:24.433] [info]  [Settings] Setting radio-playing-visibility to 1...
[2026-08-27 02:22:24.454] [info]  [AssetServer] Completed service logins!
[2026-08-27 02:22:31.060] [warn]  [Permissions] Denied 'background-sync' requested by: https://gum.criteo.com/
[2026-08-27 02:23:01.893] [debug] [Window] [main] Window focused
[2026-08-27 02:23:03.764] [info]  [Profiles] Setting up logs configuration for Diosesmon Oficial at C:\Users\CARLOS_JR\.lunarclient\profiles\diosesmon-oficial\logs\config.xml...
[2026-08-27 02:23:03.842] [info]  [Launch] Starting new session (ID: 4da8f02c-4c66-42fa-9e38-417a265d810d)
[2026-08-27 02:23:03.852] [info]  [Launch] [Request] Starting check...
[2026-08-27 02:23:03.883] [warn]  [Permissions] Denied 'media' requested by: 
[2026-08-27 02:23:03.885] [warn]  [Permissions] Denied 'media' requested by: 
[2026-08-27 02:23:03.887] [warn]  [Permissions] Denied 'geolocation' requested by: 
[2026-08-27 02:23:03.888] [warn]  [Permissions] Denied 'window-management' requested by: 
[2026-08-27 02:23:03.898] [info]  [Window] [mission-control] Loading file: C:\Users\CARLOS_JR\AppData\Local\Programs\Lunar Client\resources\app.asar\dist\html\mission-control.html#undefined
[2026-08-27 02:23:03.902] [info]  [Window] Opening Mission Control on primary display (Display ID: 2623434305)...
[2026-08-27 02:23:03.975] [warn]  [Permissions] Denied 'background-sync' requested by: https://imasdk.googleapis.com/
[2026-08-27 02:23:04.395] [info]  [Launch] [Request] Finished check (543ms)
[2026-08-27 02:23:04.426] [info]  [Launch] [Parallel-stages] Starting check...
[2026-08-27 02:23:04.428] [info]  [Launch]   [Licenses] Starting check...
[2026-08-27 02:23:04.430] [info]  [Launch]   [Textures] Starting check...
[2026-08-27 02:23:04.431] [info]  [Launch]   [Assets] Starting check...
[2026-08-27 02:23:04.433] [info]  [Launch]   [Artifacts-and-natives] Starting check...
[2026-08-27 02:23:04.435] [info]  [Launch]   [Jre] Starting check...
[2026-08-27 02:23:04.436] [info]  [Launch]   [Ui] Starting check...
[2026-08-27 02:23:04.440] [info]  [Launch]     [Artifacts] Starting check...
[2026-08-27 02:23:04.443] [info]  [Launch]   [Jre] JRE folder permissions: 666
[2026-08-27 02:23:04.680] [info]  [Sentry] Initializing Sentry in mission-control renderer...
[2026-08-27 02:23:04.682] [info]           * DSN: https://2b19802000444b71b53899a26418c0ef@o923049.ingest.sentry.io/6029601
[2026-08-27 02:23:04.683] [info]           * Sample rate: 0.05
[2026-08-27 02:23:04.683] [info]           * Traces Sample rate: 0.01
[2026-08-27 02:23:04.683] [info]           * Debug: disabled
[2026-08-27 02:23:04.684] [info]           * ANR: disabled
[2026-08-27 02:23:04.684] [info]           * Environment: production
[2026-08-27 02:23:04.751] [warn]  [Permissions] Denied 'media' requested by: file:///
[2026-08-27 02:23:04.753] [warn]  [Permissions] Denied 'media' requested by: file:///
[2026-08-27 02:23:04.754] [warn]  [Permissions] Denied 'geolocation' requested by: file:///
[2026-08-27 02:23:04.756] [warn]  [Permissions] Denied 'window-management' requested by: file:///
[2026-08-27 02:23:04.862] [info]  [Launch]   [Ui] Checking HKLM for VC++ Redistributable...
[2026-08-27 02:23:04.896] [warn]  [Permissions] Denied 'background-sync' requested by: https://tpc.googlesyndication.com/
[2026-08-27 02:23:05.378] [info]  [Launch]   [Ui] Found VC++ Redistributable version v14.50.35719.00
[2026-08-27 02:23:05.520] [info]  [Launch]   [Textures] Index is valid, using it...
[2026-08-27 02:23:05.531] [info]  [Window] Renderer ready for window 'mission-control'
[2026-08-27 02:23:05.584] [info]  [Launch] [Licenses] No new files needed, skipping download phase...
[2026-08-27 02:23:05.585] [info]  [Launch]   [Licenses] Finished check (1157ms)
[2026-08-27 02:23:05.613] [debug] [Window] [mission-control] Window focused
[2026-08-27 02:23:05.701] [info]  [Launch]   [Assets] Index is valid, using it...
[2026-08-27 02:23:06.301] [warn]  [Permissions] Denied 'media' requested by: file:///
[2026-08-27 02:23:06.303] [warn]  [Permissions] Denied 'media' requested by: file:///
[2026-08-27 02:23:06.304] [warn]  [Permissions] Denied 'geolocation' requested by: file:///
[2026-08-27 02:23:06.305] [warn]  [Permissions] Denied 'window-management' requested by: file:///
[2026-08-27 02:23:06.322] [warn]  [Permissions] Denied 'media' requested by: 
[2026-08-27 02:23:06.323] [warn]  [Permissions] Denied 'media' requested by: 
[2026-08-27 02:23:06.324] [warn]  [Permissions] Denied 'geolocation' requested by: 
[2026-08-27 02:23:06.326] [warn]  [Permissions] Denied 'window-management' requested by: 
[2026-08-27 02:23:06.334] [warn]  [Permissions] Denied 'media' requested by: file:///
[2026-08-27 02:23:06.336] [warn]  [Permissions] Denied 'media' requested by: file:///
[2026-08-27 02:23:06.337] [warn]  [Permissions] Denied 'geolocation' requested by: file:///
[2026-08-27 02:23:06.340] [warn]  [Permissions] Denied 'window-management' requested by: file:///
[2026-08-27 02:23:06.353] [warn]  [Permissions] Denied 'media' requested by: 
[2026-08-27 02:23:06.355] [warn]  [Permissions] Denied 'media' requested by: 
[2026-08-27 02:23:06.357] [warn]  [Permissions] Denied 'geolocation' requested by: 
[2026-08-27 02:23:06.358] [warn]  [Permissions] Denied 'window-management' requested by: 
[2026-08-27 02:23:06.421] [warn]  [Permissions] Denied 'media' requested by: file:///
[2026-08-27 02:23:06.423] [warn]  [Permissions] Denied 'media' requested by: file:///
[2026-08-27 02:23:06.424] [warn]  [Permissions] Denied 'geolocation' requested by: file:///
[2026-08-27 02:23:06.426] [warn]  [Permissions] Denied 'window-management' requested by: file:///
[2026-08-27 02:23:08.723] [info]  [Launch]   [Ui] UI zip already downloaded and verified.
[2026-08-27 02:23:24.071] [info]  [Launch] [Textures] No new files needed, skipping download phase...
[2026-08-27 02:23:24.073] [info]  [Launch]   [Textures] Finished check (19643ms)
[2026-08-27 02:23:24.916] [warn]  [Permissions] Denied 'background-sync' requested by: https://tpc.googlesyndication.com/
[2026-08-27 02:23:26.634] [warn]  [Permissions] Denied 'background-sync' requested by: https://gum.criteo.com/
[2026-08-27 02:23:27.293] [warn]  [Permissions] Denied 'background-sync' requested by: https://gum.criteo.com/
[2026-08-27 02:23:28.031] [info]  [Launch]   [Ui] Zip contains 2 file entries.
[2026-08-27 02:23:28.035] [info]  [Launch]   [Ui] All 2 expected files are present.
[2026-08-27 02:23:28.038] [info]  [Launch]   [Ui] UI 7c408ec0c875ded4aaa94f426f3b31dcec957c5f already extracted, reusing.
[2026-08-27 02:23:28.046] [info]  [Launch] [Assets] No new files needed, skipping download phase...
[2026-08-27 02:23:28.048] [info]  [Launch]   [Assets] Finished check (23617ms)
[2026-08-27 02:23:28.082] [info]  [Launch]   [Ui] Index is valid, using it...
[2026-08-27 02:23:28.280] [info]  [Launch] [Ui] No new files needed, skipping download phase...
[2026-08-27 02:23:28.281] [info]  [Launch]   [Ui] Finished check (23845ms)
[2026-08-27 02:23:28.448] [info]  [Launch] [Artifacts] No new files needed, skipping download phase...
[2026-08-27 02:23:28.449] [info]  [Launch]     [Artifacts] Finished check (24009ms)
[2026-08-27 02:23:28.450] [info]  [Launch]     [Natives] Starting check...
[2026-08-27 02:23:28.454] [info]  [Launch]     [Natives] Extracting 4 natives to C:\Users\CARLOS_JR\.lunarclient\offline\multiver\natives...
[2026-08-27 02:23:28.940] [info]  [Launch]   [Jre] No new files needed, skipping download phase...
[2026-08-27 02:23:28.941] [info]  [Launch]   [Jre] Unable to perform Windows JavaW fix (missing data), skipping...
[2026-08-27 02:23:28.942] [info]  [Launch]   [Jre] Performing JavaW integrity check...
[2026-08-27 02:23:28.944] [info]  [Launch]   [Jre] Current JavaW file permissions: 666
[2026-08-27 02:23:28.945] [info]  [Launch]   [Jre] Finished check (24510ms)
[2026-08-27 02:23:29.166] [warn]  [Permissions] Denied 'background-sync' requested by: https://gum.criteo.com/
[2026-08-27 02:23:31.705] [info]  [Launch]     [Natives] Finished check (3255ms)
[2026-08-27 02:23:31.707] [info]  [Launch]   [Artifacts-and-natives] Finished check (27274ms)
[2026-08-27 02:23:31.708] [info]  [Launch] [Parallel-stages] Finished check (27282ms)
[2026-08-27 02:23:31.779] [info]  [Launch] [Jar-validation] Starting check...
[2026-08-27 02:23:31.781] [info]  [Launch] [Jar-validation] Validating jar files in C:\Users\CARLOS_JR\.lunarclient\profiles\diosesmon-oficial\mods...
[2026-08-27 02:23:31.801] [info]  [Launch] [Jar-validation] Found 174 jar file(s) to validate
[2026-08-27 02:23:38.667] [info]  [Launch] [Jar-validation] Validation complete: 174 valid, 0 invalid
[2026-08-27 02:23:38.668] [info]  [Launch] [Jar-validation] Finished check (6889ms)
[2026-08-27 02:23:41.244] [info]  [Launch] Spawning JVM process with following configuration...
[2026-08-27 02:23:41.246] [info]           * Version: 1.21
[2026-08-27 02:23:41.247] [info]           * Subversion: 1.21.1
[2026-08-27 02:23:41.248] [info]           * Module: fabric
[2026-08-27 02:23:41.249] [info]           * Directory: C:\Users\CARLOS_JR\.lunarclient\profiles\diosesmon-oficial
[2026-08-27 02:23:41.250] [info]           * Resolution: 1920x1080
[2026-08-27 02:23:41.252] [info]           * Fullscreen?: false
[2026-08-27 02:23:41.253] [info]           * Memory: 4096MB
[2026-08-27 02:23:41.254] [info]           * Branch: master
[2026-08-27 02:23:41.255] [info]           * Quick Join: N/A
[2026-08-27 02:23:41.257] [info]           * Profile ID: 66e9766e-a0c3-4951-b7e4-c8946c428ff5
[2026-08-27 02:23:41.259] [info]           * Loader Version: automatic
[2026-08-27 02:23:41.261] [info]           * Custom JVM Arguments: N/A
[2026-08-27 02:23:41.262] [info]           * IPC Port: 28190
[2026-08-27 02:23:41.267] [info]           * Pre-launch Command: N/A
[2026-08-27 02:23:41.268] [info]           * Wrapper Command: N/A
[2026-08-27 02:23:41.269] [info]           * Post-exit Command: N/A
[2026-08-27 02:23:41.270] [info]           * Mods Directory: C:\Users\CARLOS_JR\.lunarclient\profiles\diosesmon-oficial\mods
[2026-08-27 02:23:41.273] [info]  [Launch] System properties: ["-Dlog4j2.formatMsgNoLookups=true","-DTrickNvidiaDriversForPerformance=' net.minecraft.client.main.Main '","-Dichor.filteredGenesisSentries=.*lcqt.*|.*Some of your mods are incompatible with the game or each other.*","-Dlunar.webosr.url=file:index.html","-Dichor.fabric.profileModPath=C:\\Users\\CARLOS_JR\\.lunarclient\\profiles\\diosesmon-oficial\\mods","-Djava.library.path=C:\\Users\\CARLOS_JR\\.lunarclient\\offline\\multiver\\natives","-Dlog4j.configurationFile=C:\\Users\\CARLOS_JR\\.lunarclient\\profiles\\diosesmon-oficial\\logs\\config.xml","-Dichor.logsFile=C:\\Users\\CARLOS_JR\\.lunarclient\\profiles\\diosesmon-oficial\\logs\\ichor-boot.log","-Dichor.usingIsolatedProfiles=true"]
[2026-08-27 02:23:41.301] [info]  [Launch] JVM process started with following outputs...
[2026-08-27 02:23:41.302] [info]           * PID: 17904
[2026-08-27 02:23:41.303] [info]           * Start Time: 27/8/2026, 2:23:41 a.m.
[2026-08-27 02:23:42.541] [warn]  [Permissions] Denied 'background-sync' requested by: https://gum.criteo.com/
[2026-08-27 02:23:45.915] [warn]  [Permissions] Denied 'background-sync' requested by: https://gum.criteo.com/
[2026-08-27 02:24:04.900] [warn]  [Permissions] Denied 'background-sync' requested by: https://tpc.googlesyndication.com/
[2026-08-27 02:24:05.071] [warn]  [Permissions] Denied 'background-sync' requested by: https://imasdk.googleapis.com/
[2026-08-27 02:24:05.979] [warn]  [Permissions] Denied 'background-sync' requested by: https://tpc.googlesyndication.com/
[2026-08-27 02:24:06.657] [warn]  [Permissions] Denied 'background-sync' requested by: https://imasdk.googleapis.com/
[2026-08-27 02:24:36.801] [error] [Connection] Error checking connection: TimeoutError: operation timed out
    at c (C:\Users\CARLOS_JR\AppData\Local\Programs\Lunar Client\resources\app.asar\dist-electron\electron\main.js:437:811)
    at Timeout._onTimeout (C:\Users\CARLOS_JR\AppData\Local\Programs\Lunar Client\resources\app.asar\dist-electron\electron\main.js:437:1114)
    at listOnTimeout (node:internal/timers:585:17)
    at process.processTimers (node:internal/timers:521:7)
[2026-08-27 02:24:36.804] [info]  [Connection] Probe failed (1/2), waiting for another failure before going offline...
[2026-08-27 02:24:41.137] [warn]  [Permissions] Denied 'background-sync' requested by: https://tpc.googlesyndication.com/
[2026-08-27 02:24:41.808] [error] [Connection] Error checking connection: TimeoutError: operation timed out
    at c (C:\Users\CARLOS_JR\AppData\Local\Programs\Lunar Client\resources\app.asar\dist-electron\electron\main.js:437:811)
    at Timeout._onTimeout (C:\Users\CARLOS_JR\AppData\Local\Programs\Lunar Client\resources\app.asar\dist-electron\electron\main.js:437:1114)
    at listOnTimeout (node:internal/timers:585:17)
    at process.processTimers (node:internal/timers:521:7)
[2026-08-27 02:24:41.810] [info]  [Connection] You are now offline, waiting for connection to resume...
[2026-08-27 02:24:46.819] [error] [Connection] Error checking connection: TimeoutError: operation timed out
    at c (C:\Users\CARLOS_JR\AppData\Local\Programs\Lunar Client\resources\app.asar\dist-electron\electron\main.js:437:811)
    at Timeout._onTimeout (C:\Users\CARLOS_JR\AppData\Local\Programs\Lunar Client\resources\app.asar\dist-electron\electron\main.js:437:1114)
    at listOnTimeout (node:internal/timers:585:17)
    at process.processTimers (node:internal/timers:521:7)
[2026-08-27 02:24:51.828] [error] [Connection] Error checking connection: TimeoutError: operation timed out
    at c (C:\Users\CARLOS_JR\AppData\Local\Programs\Lunar Client\resources\app.asar\dist-electron\electron\main.js:437:811)
    at Timeout._onTimeout (C:\Users\CARLOS_JR\AppData\Local\Programs\Lunar Client\resources\app.asar\dist-electron\electron\main.js:437:1114)
    at listOnTimeout (node:internal/timers:585:17)
    at process.processTimers (node:internal/timers:521:7)
[2026-08-27 02:24:52.402] [debug] [Window] [mission-control] Window focused
[2026-08-27 02:24:54.766] [info]  [Connection] Back online!
[2026-08-27 02:24:54.768] [info]  [Connection] Not retrying metadata, already fetched or less than 15 minutes...
[2026-08-27 02:24:54.770] [info]  [Connection] Initializing auth after connection resume...
[2026-08-27 02:24:54.774] [info]  [Auth] Initializing authentication...
[2026-08-27 02:24:54.782] [info]  [Auth] Account Junior_00 is currently active
[2026-08-27 02:24:54.802] [info]  [Auth] Validating account Junior_00 owns Minecraft...
[2026-08-27 02:25:00.041] [warn]  [Permissions] Denied 'background-sync' requested by: https://imasdk.googleapis.com/
[2026-08-27 02:25:04.900] [warn]  [Permissions] Denied 'background-sync' requested by: https://htlb.casalemedia.com/
[2026-08-27 02:25:04.901] [warn]  [Permissions] Denied 'background-sync' requested by: https://tpc.googlesyndication.com/
[2026-08-27 02:25:09.850] [error] [Connection] Error initializing auth after connection resume: Error: Failed to check Minecraft ownership
    at tB (C:\Users\CARLOS_JR\AppData\Local\Programs\Lunar Client\resources\app.asar\dist-electron\electron\main.js:207:851666)
    at process.processTicksAndRejections (node:internal/process/task_queues:103:5)
    at async Zbe.executeWithAccessToken (C:\Users\CARLOS_JR\AppData\Local\Programs\Lunar Client\resources\app.asar\dist-electron\electron\main.js:230:45243)
    at async Zbe.initAuthInternal (C:\Users\CARLOS_JR\AppData\Local\Programs\Lunar Client\resources\app.asar\dist-electron\electron\main.js:230:35367)
[2026-08-27 02:25:11.541] [warn]  [Permissions] Denied 'background-sync' requested by: https://imasdk.googleapis.com/
[2026-08-27 02:25:14.495] [info]  [Settings] Setting mission-control-console-log-density to "COMPACT"...
[2026-08-27 02:25:19.737] [info]  [Settings] Setting mission-control-console-dividers to false...
[2026-08-27 02:25:26.875] [error] [Connection] Error checking connection: TimeoutError: operation timed out
    at c (C:\Users\CARLOS_JR\AppData\Local\Programs\Lunar Client\resources\app.asar\dist-electron\electron\main.js:437:811)
    at Timeout._onTimeout (C:\Users\CARLOS_JR\AppData\Local\Programs\Lunar Client\resources\app.asar\dist-electron\electron\main.js:437:1114)
    at listOnTimeout (node:internal/timers:585:17)
    at process.processTimers (node:internal/timers:521:7)
[2026-08-27 02:25:26.877] [info]  [Connection] Probe failed (1/2), waiting for another failure before going offline...
[2026-08-27 02:25:27.131] [info]  [Settings] Setting mission-control-console-sensitive-mode to false...
[2026-08-27 02:25:31.884] [error] [Connection] Error checking connection: TimeoutError: operation timed out
    at c (C:\Users\CARLOS_JR\AppData\Local\Programs\Lunar Client\resources\app.asar\dist-electron\electron\main.js:437:811)
    at Timeout._onTimeout (C:\Users\CARLOS_JR\AppData\Local\Programs\Lunar Client\resources\app.asar\dist-electron\electron\main.js:437:1114)
    at listOnTimeout (node:internal/timers:585:17)
    at process.processTimers (node:internal/timers:521:7)
[2026-08-27 02:25:31.885] [info]  [Connection] You are now offline, waiting for connection to resume...
[2026-08-27 02:25:35.427] [info]  [Settings] Setting mission-control-console-hidden-log-types to ["info"]...
[2026-08-27 02:25:36.515] [warn]  [Permissions] Denied 'background-sync' requested by: https://imasdk.googleapis.com/
[2026-08-27 02:25:36.649] [info]  [Connection] Back online! (Offline for 41 seconds)
[2026-08-27 02:25:36.651] [info]  [Connection] Not retrying metadata, already fetched or less than 15 minutes...
[2026-08-27 02:25:36.652] [info]  [Connection] Skipping auth re-init, within cooldown after a recent resume...
[2026-08-27 02:25:37.935] [info]  [Settings] Setting mission-control-console-hidden-log-types to ["info","warning"]...
[2026-08-27 02:25:40.292] [error] [Analytics] Failed to send events to analytics service after 2 retries: AxiosError: timeout of 5000ms exceeded
[2026-08-27 02:25:41.879] [warn]  [Permissions] Denied 'background-sync' requested by: https://tpc.googlesyndication.com/
[2026-08-27 02:26:00.169] [warn]  [Permissions] Denied 'background-sync' requested by: https://imasdk.googleapis.com/
[2026-08-27 02:26:04.902] [warn]  [Permissions] Denied 'background-sync' requested by: https://htlb.casalemedia.com/
[2026-08-27 02:26:04.904] [warn]  [Permissions] Denied 'background-sync' requested by: https://tpc.googlesyndication.com/
[2026-08-27 02:26:13.011] [warn]  [Permissions] Denied 'background-sync' requested by: https://imasdk.googleapis.com/
[2026-08-27 02:26:50.629] [debug] [Window] [mission-control] Window focused
[2026-08-27 02:26:52.033] [error] [Connection] Error checking connection: TimeoutError: operation timed out
    at c (C:\Users\CARLOS_JR\AppData\Local\Programs\Lunar Client\resources\app.asar\dist-electron\electron\main.js:437:811)
    at Timeout._onTimeout (C:\Users\CARLOS_JR\AppData\Local\Programs\Lunar Client\resources\app.asar\dist-electron\electron\main.js:437:1114)
    at listOnTimeout (node:internal/timers:585:17)
    at process.processTimers (node:internal/timers:521:7)
[2026-08-27 02:26:52.035] [info]  [Connection] Probe failed (1/2), waiting for another failure before going offline...
[2026-08-27 02:26:54.940] [debug] [Window] [mission-control] Window minimized
[2026-08-27 02:27:04.905] [warn]  [Permissions] Denied 'background-sync' requested by: https://htlb.casalemedia.com/
[2026-08-27 02:27:04.907] [warn]  [Permissions] Denied 'background-sync' requested by: https://tpc.googlesyndication.com/
[2026-08-27 02:27:14.506] [info]  [StorageInfo] Getting storage info...
[2026-08-27 02:27:14.514] [info]  [StorageInfo] Directory C:\Users\CARLOS_JR\.lunarclient\logs\game does not exist, skipping calculation...
[2026-08-27 02:27:18.875] [info]  [StorageInfo] Successfully calculated storage info
[2026-08-27 02:27:56.249] [debug] [Window] [main] Window focused
[2026-08-27 02:27:58.238] [debug] [Window] [main] Window minimized
[2026-08-27 02:28:04.913] [warn]  [Permissions] Denied 'background-sync' requested by: https://htlb.casalemedia.com/
[2026-08-27 02:28:04.914] [warn]  [Permissions] Denied 'background-sync' requested by: https://tpc.googlesyndication.com/
[2026-08-27 02:28:24.833] [info]  [Window] Hiding all windows except mission-control...
[2026-08-27 02:28:24.846] [debug] [Window] [main] Window hidden
[2026-08-27 02:28:24.990] [info]  [Overwolf] [Overlay] Game launched, skipping injection because the feature is currently disabled
[2026-08-27 02:28:25.979] [info]  [Overwolf] [CRN] 'before-notification' event was fired
[2026-08-27 02:29:05.356] [warn]  [Permissions] Denied 'background-sync' requested by: https://htlb.casalemedia.com/
[2026-08-27 02:29:05.401] [warn]  [Permissions] Denied 'background-sync' requested by: https://tpc.googlesyndication.com/
[2026-08-27 02:29:06.466] [info]  [GameIPC] Received handshake from headers!
[2026-08-27 02:29:06.511] [info]  [GameIPC] Registered 9 services
[2026-08-27 02:29:06.517] [info]  [GameIPC] No pending pushes to flush
[2026-08-27 02:29:26.652] [info]  [Launch] Starting log file polling
[2026-08-27 02:30:05.336] [warn]  [Permissions] Denied 'background-sync' requested by: https://htlb.casalemedia.com/
[2026-08-27 02:30:05.349] [warn]  [Permissions] Denied 'background-sync' requested by: https://tpc.googlesyndication.com/
[2026-08-27 02:32:03.709] [info]  [DiscordRP] Updating activity status...
[2026-08-27 02:37:12.455] [info]  [Updater] Checking for updates...
[2026-08-27 02:37:12.465] [info]           * Current Version: 3.7.16.12965
[2026-08-27 02:37:12.471] [info]           * Channel: latest-ow
[2026-08-27 02:37:12.474] [info]           * URL: https://launcherupdates.lunarclientcdn.com
[2026-08-27 02:37:12.478] [info]           * User Initiated: false
[2026-08-27 02:37:13.102] [info]  [Updater] No updates available.
[2026-08-27 02:37:13.105] [info]  [Updater] Update check returned a result... skipping: {"isUpdateAvailable":false,"versionInfo":{"version":"3.7.16-ow","files":[{"url":"Lunar Client v3.7.16-ow.exe","sha512":"K25vDcT8UO0xbMd4MX5URU+l33+vEILLkpsRkxPMYVfB+yP5gqHGuNWOOGgUOE0gH2g4j+1Mjo9AFnQDC35tng=="}],"path":"Lunar Client v3.7.16-ow.exe","sha512":"K25vDcT8UO0xbMd4MX5URU+l33+vEILLkpsRkxPMYVfB+yP5gqHGuNWOOGgUOE0gH2g4j+1Mjo9AFnQDC35tng==","packages":{"x64":{"size":112473965,"sha512":"f2R8yaxYfUc7t48Bk04LzCImKB27jTxQcAe6RAFE/2lMaHmhsNJCJ47S0XSDCCvUNJp5imIeKLPifHT4z+jt5g==","blockMapSize":116960,"path":"lunarclient-3.7.16-ow-x64.nsis.7z","file":"lunarclient-3.7.16-ow-x64.nsis.7z"}},"releaseDate":"2026-08-24T23:38:30.176Z"},"updateInfo":{"version":"3.7.16-ow","files":[{"url":"Lunar Client v3.7.16-ow.exe","sha512":"K25vDcT8UO0xbMd4MX5URU+l33+vEILLkpsRkxPMYVfB+yP5gqHGuNWOOGgUOE0gH2g4j+1Mjo9AFnQDC35tng=="}],"path":"Lunar Client v3.7.16-ow.exe","sha512":"K25vDcT8UO0xbMd4MX5URU+l33+vEILLkpsRkxPMYVfB+yP5gqHGuNWOOGgUOE0gH2g4j+1Mjo9AFnQDC35tng==","packages":{"x64":{"size":112473965,"sha512":"f2R8yaxYfUc7t48Bk04LzCImKB27jTxQcAe6RAFE/2lMaHmhsNJCJ47S0XSDCCvUNJp5imIeKLPifHT4z+jt5g==","blockMapSize":116960,"path":"lunarclient-3.7.16-ow-x64.nsis.7z","file":"lunarclient-3.7.16-ow-x64.nsis.7z"}},"releaseDate":"2026-08-24T23:38:30.176Z"}}
[2026-08-27 02:45:54.332] [error] [Connection] Error checking connection: TimeoutError: operation timed out
    at c (C:\Users\CARLOS_JR\AppData\Local\Programs\Lunar Client\resources\app.asar\dist-electron\electron\main.js:437:811)
    at Timeout._onTimeout (C:\Users\CARLOS_JR\AppData\Local\Programs\Lunar Client\resources\app.asar\dist-electron\electron\main.js:437:1114)
    at listOnTimeout (node:internal/timers:585:17)
    at process.processTimers (node:internal/timers:521:7)
[2026-08-27 02:45:54.347] [info]  [Connection] Probe failed (1/2), waiting for another failure before going offline...
[2026-08-27 02:47:04.442] [error] [Connection] Error checking connection: TimeoutError: operation timed out
    at c (C:\Users\CARLOS_JR\AppData\Local\Programs\Lunar Client\resources\app.asar\dist-electron\electron\main.js:437:811)
    at Timeout._onTimeout (C:\Users\CARLOS_JR\AppData\Local\Programs\Lunar Client\resources\app.asar\dist-electron\electron\main.js:437:1114)
    at listOnTimeout (node:internal/timers:585:17)
    at process.processTimers (node:internal/timers:521:7)
[2026-08-27 02:47:04.444] [info]  [Connection] Probe failed (1/2), waiting for another failure before going offline...
[2026-08-27 02:47:09.457] [error] [Connection] Error checking connection: TimeoutError: operation timed out
    at c (C:\Users\CARLOS_JR\AppData\Local\Programs\Lunar Client\resources\app.asar\dist-electron\electron\main.js:437:811)
    at Timeout._onTimeout (C:\Users\CARLOS_JR\AppData\Local\Programs\Lunar Client\resources\app.asar\dist-electron\electron\main.js:437:1114)
    at listOnTimeout (node:internal/timers:585:17)
    at process.processTimers (node:internal/timers:521:7)
[2026-08-27 02:47:09.458] [info]  [Connection] You are now offline, waiting for connection to resume...
[2026-08-27 02:47:14.460] [error] [Connection] Error checking connection: TimeoutError: operation timed out
    at c (C:\Users\CARLOS_JR\AppData\Local\Programs\Lunar Client\resources\app.asar\dist-electron\electron\main.js:437:811)
    at Timeout._onTimeout (C:\Users\CARLOS_JR\AppData\Local\Programs\Lunar Client\resources\app.asar\dist-electron\electron\main.js:437:1114)
    at listOnTimeout (node:internal/timers:585:17)
    at process.processTimers (node:internal/timers:521:7)
[2026-08-27 02:47:16.656] [info]  [Connection] Back online! (Offline for 1300 seconds)
[2026-08-27 02:47:16.658] [info]  [Connection] Refetching metadata, more than 15 minutes since last fetch...
[2026-08-27 02:47:16.663] [info]  [Metadata] Loading game profile: 66e9766e-a0c3-4951-b7e4-c8946c428ff5
[2026-08-27 02:47:16.684] [info]  [Connection] Initializing auth after connection resume...
[2026-08-27 02:47:16.689] [info]  [Auth] Initializing authentication...
[2026-08-27 02:47:16.701] [warn]  [Profiles] No icon file found for profile Diosesmon Oficial (ID: 66e9766e-a0c3-4951-b7e4-c8946c428ff5)
[2026-08-27 02:47:16.703] [warn]  [Profiles] No featured image file found for profile Diosesmon Oficial (ID: 66e9766e-a0c3-4951-b7e4-c8946c428ff5)
[2026-08-27 02:47:16.722] [info]  [Profiles] Loaded profile Diosesmon Oficial (ID: 66e9766e-a0c3-4951-b7e4-c8946c428ff5)
[2026-08-27 02:47:16.762] [info]  [Metadata] Badlion versions metadata fetched successfully
[2026-08-27 02:47:16.831] [info]  [Auth] Account Junior_00 is currently active
[2026-08-27 02:47:16.842] [info]  [Auth] Validating account Junior_00 owns Minecraft...
[2026-08-27 02:47:17.251] [info]  [Metadata] Layout metadata fetched successfully
[2026-08-27 02:47:17.266] [info]  [Metadata] Terms 'privacy' is up to date!
[2026-08-27 02:47:17.269] [info]  [Metadata] Terms 'terms' is up to date!
[2026-08-27 02:47:17.271] [info]  [Metadata] Misc metadata fetched successfully
[2026-08-27 02:47:17.275] [info]  [Metadata] Feature Flags enabled: ServersCTA, SocialMessaging, LunarOAuthApp, LaunchCancelling, SelectModpack, ServerRecommendedModpack, EmbeddedBrowserOpens, MissionControl, ExternalLinkSSO, HomeAdOverwolf, MissionControlAdOverwolf, Radio, RadioPremium, AMDDriverFix, ExploreModsAdOverwolf, MissionControlTopAdOverwolf, OverwolfCRN, YoutubeLinking, HomeTopAdOverwolf, SatelliteGifPicker, VersionsCreateProfile
[2026-08-27 02:47:17.277] [info]  [Metadata] Feature Flags disabled: CustomizableQuickPlay, CommunityServers, ProfileModsExploreCTA, LoaderVersionSetting, InstallVCRedistributable, OverwolfOverlay, TopbarOutplayedPromotion
[2026-08-27 02:47:17.280] [info]  [Metadata] Updater stream channel and URL are the same as before, skipping...
[2026-08-27 02:47:17.284] [info]  [Metadata] Checking cache for language es_ES with remote hash 8f46e49889e93b6bf3f73b7fe8dcafd6bb24f562
[2026-08-27 02:47:17.369] [info]  [Metadata] Language es_ES is already cached, skipping...
[2026-08-27 02:47:17.370] [info]  [Metadata] Languages successfully processed, sending updates...
[2026-08-27 02:47:17.392] [info]  [DiscordRP] Updating activity status...
[2026-08-27 02:47:17.399] [info]  [Metadata] Lunar versions metadata fetched successfully
[2026-08-27 02:47:17.421] [info]  [Metadata] Vanilla versions metadata fetched successfully
[2026-08-27 02:47:17.434] [info]  [Metadata] Setting up virtual profiles
[2026-08-27 02:47:17.439] [info]  [Metadata] Cleaning up non-existent virtual profiles...
[2026-08-27 02:47:17.442] [info]  [Metadata] No non-existent virtual profiles were found to clean up!
[2026-08-27 02:47:17.447] [info]  [Metadata] Profile selected, using Diosesmon Oficial (ID: 66e9766e-a0c3-4951-b7e4-c8946c428ff5, type: user-modpack, version: 1.21.1)...
[2026-08-27 02:47:17.450] [info]  [Metadata] Cleaning up profile modules...
[2026-08-27 02:47:17.452] [info]  [Metadata] No profiles were found to have bad modules!
[2026-08-27 02:47:17.455] [info]  [Connection] Successfully refetched metadata after connection resume!
[2026-08-27 02:47:18.084] [info]  [Auth] Account Junior_00 successfully validated to own Minecraft, proceeding with profile retrieval...
[2026-08-27 02:47:18.764] [info]  [Auth] Successfully retrieved Minecraft profile for account Junior_00, checking multiplayer privileges...
[2026-08-27 02:47:18.767] [info]  [Auth] Successfully validated account Junior_00 owns Minecraft, checking banned status...
[2026-08-27 02:47:18.770] [info]  [Auth] Account Junior_00 has multiplayer access and is not banned, proceeding with login...
[2026-08-27 02:47:18.782] [info]  [AssetServer] Found an existing connection... killing before starting a new one!
[2026-08-27 02:47:18.801] [info]  [AssetServer] No reconnect JWT available, going to Authenticator...
[2026-08-27 02:47:18.823] [info]  [AssetServer] Registered 42 push handlers
[2026-08-27 02:47:18.839] [info]  [Overwolf] Set cached OWAEH in Overwolf registry for aa35297e424044cb8b676659959d35eb
[2026-08-27 02:47:18.843] [info]  [Connection] Successfully initialized auth after connection resume!
[2026-08-27 02:47:18.857] [info]  [Auth] [Authenticator] Getting Lunar Client Token for Junior_00 (aa35297e424044cb8b676659959d35eb). Initiator is LAUNCHER_WEBSOCKET
[2026-08-27 02:47:18.869] [info]  [Auth] [Authenticator] Found cached token for Junior_00 (aa35297e424044cb8b676659959d35eb), reusing it.
[2026-08-27 02:47:18.998] [info]  [AssetServer] Connection closed! Code: 1000 - Reason: Bye
[2026-08-27 02:47:19.003] [info]  [AssetServer] Resetting stores...
[2026-08-27 02:47:19.009] [info]  [AssetServer] Reconnects are being prevented, skipping...
[2026-08-27 02:47:19.294] [info]  [AssetServer] Connection opened!
[2026-08-27 02:47:19.297] [info]  [AssetServer] Sending initial connection handshake
[2026-08-27 02:47:19.300] [info]  [AssetServer] Starting service logins in parallel...
[2026-08-27 02:47:19.408] [info]  [AssetServer] Received session ID: 88a8364e-89e3-404b-89c5-d953a80182e4
[2026-08-27 02:47:19.420] [info]  [Settings] Setting socials-visibility to 1...
[2026-08-27 02:47:19.458] [info]  [Settings] Setting default-screenshot-upload-privacy to 2...
[2026-08-27 02:47:19.469] [info]  [Settings] Setting incoming-gift-privacy to 1...
[2026-08-27 02:47:19.479] [info]  [Settings] Setting wrapped-leaderboard-visibility to 1...
[2026-08-27 02:47:19.491] [info]  [Settings] Setting cosmetic-ownership-visibility to 1...
[2026-08-27 02:47:19.509] [info]  [Settings] Setting radio-playing-visibility to 1...
[2026-08-27 02:47:19.526] [info]  [Promotions] Corner promotion exempt? false
[2026-08-27 02:47:19.527] [info]  [Settings] Setting allow-friend-requests to true...
[2026-08-27 02:47:19.538] [info]  [Settings] Setting last-seen-visibility to 1...
[2026-08-27 02:47:19.548] [info]  [AssetServer] Completed service logins!
[2026-08-27 02:47:39.901] [info]  [DiscordRP] Updating activity status...
[2026-08-27 02:47:54.674] [error] [Connection] Error checking connection: TimeoutError: operation timed out
    at c (C:\Users\CARLOS_JR\AppData\Local\Programs\Lunar Client\resources\app.asar\dist-electron\electron\main.js:437:811)
    at Timeout._onTimeout (C:\Users\CARLOS_JR\AppData\Local\Programs\Lunar Client\resources\app.asar\dist-electron\electron\main.js:437:1114)
    at listOnTimeout (node:internal/timers:585:17)
    at process.processTimers (node:internal/timers:521:7)
[2026-08-27 02:47:54.693] [info]  [Connection] Probe failed (1/2), waiting for another failure before going offline...
[2026-08-27 02:48:10.530] [info]  [GameIPC] Client connection has closed. Launch ID: 4da8f02c-4c66-42fa-9e38-417a265d810d, Code: 1006, Reason: 
[2026-08-27 02:48:11.391] [info]  [Launch] JVM for launch session 4da8f02c-4c66-42fa-9e38-417a265d810d has exited...
[2026-08-27 02:48:11.395] [info]           * Code: 0
[2026-08-27 02:48:11.728] [info]  [DiscordRP] Updating activity status...
[2026-08-27 02:48:11.743] [info]  [Launch] Game has been closed, resetting to ready...
[2026-08-27 02:48:11.841] [debug] [Window] [main] Window focused
[2026-08-27 02:48:11.869] [debug] [Window] [main] Window focused
[2026-08-27 12:20:33.455] [info]  [Electron] Starting application...
[2026-08-27 12:20:33.457] [info]  [Electron] Lunar Client directory permissions: 666
[2026-08-27 12:20:33.458] [info]  [Electron] Resources path: C:\Users\CARLOS_JR\AppData\Local\Programs\Lunar Client\resources
[2026-08-27 12:20:33.459] [info]  [Electron] Crashdumps path: C:\Users\CARLOS_JR\AppData\Roaming\lunarclient\Crashpad
[2026-08-27 12:20:33.501] [info]  [Electron] Launcher is running with standard permissions.
[2026-08-27 12:20:33.511] [info]  [Identifiers] Installation ID found, ID: bc6a3018-85a4-47b1-9ac9-b04a5a4cf48e
[2026-08-27 12:20:33.514] [info]  [Identifiers] Installation ID first seen at: 2026-07-31T15:25:34.410Z
[2026-08-27 12:20:33.516] [info]  [Electron] Overwolf MUID: 45bcb4ce-2aed-422f-843e-955bc85343b3
[2026-08-27 12:20:33.517] [info]  [Electron] Starting Lunar Client Launcher...
[2026-08-27 12:20:33.517] [info]           * Session ID: bb28ab4a-b183-40cc-b9e7-b501b707db97
[2026-08-27 12:20:33.518] [info]           * Operating System: win32 x64 10.0.26200
[2026-08-27 12:20:33.518] [info]           * Electron Version: 39.8.12 (Chrome v142.0.7444.265, Node v22.22.1)
[2026-08-27 12:20:33.519] [info]           * Binaries Type: @overwolf/ow-electron
[2026-08-27 12:20:33.520] [info]           * Version: 3.7.16
[2026-08-27 12:20:33.520] [info]           * Stream: latest-ow
[2026-08-27 12:20:33.521] [info]           * Branch: master
[2026-08-27 12:20:33.521] [info]           * Build Number: 12965
[2026-08-27 12:20:33.522] [info]           * Commit Hash: 218f614c33c57017dab2b661a5c3f019ed489648
[2026-08-27 12:20:33.523] [info]           * Short Commit Hash: 218f614
[2026-08-27 12:20:33.524] [info]           * Overwolf App UID: N/A
[2026-08-27 12:20:33.526] [info]  [Sentry] Initializing Sentry in main process...
[2026-08-27 12:20:33.527] [info]           * DSN: https://2b19802000444b71b53899a26418c0ef@o923049.ingest.sentry.io/6029601
[2026-08-27 12:20:33.527] [info]           * Sample Rate: 0.05
[2026-08-27 12:20:33.528] [info]           * Traces Sample rate: 0.01
[2026-08-27 12:20:33.528] [info]           * Debug: disabled
[2026-08-27 12:20:33.529] [info]           * Trace ID: 0dd4772cb422db58edb0e83fccb319dc
[2026-08-27 12:20:33.529] [info]           * Environment: production
[2026-08-27 12:20:33.529] [info]           * Spotlight: disabled
[2026-08-27 12:20:33.620] [info]  [Store] Initializing redux store (dev tools: disabled)...
[2026-08-27 12:20:33.622] [info]  [Store] Initialized redux store (auth,badges,cosmetics,deviceCodeAuth,embeddedBrowser,emotes,metadata,friends,installQueue,launch,logUpload,notifications,profiles,servers,settings,socials,updater,styngr,misc,conversations)
[2026-08-27 12:20:33.699] [info]  [DB] Schema up to date (2 migration(s))
[2026-08-27 12:20:33.699] [info]  [DB] Initialized at C:\Users\CARLOS_JR\.lunarclient\db\profiles.db
[2026-08-27 12:20:33.700] [info]  [Settings] Initialising store on path: C:\Users\CARLOS_JR\.lunarclient\settings
[2026-08-27 12:20:33.721] [info]  [Settings] Sent initial settings payload to redux
[2026-08-27 12:20:33.795] [info]  [Cache] Initialising store on path: C:\Users\CARLOS_JR\.lunarclient\settings
[2026-08-27 12:20:33.796] [info]  [Cache] Cache store initialised.
[2026-08-27 12:20:33.797] [info]  [Cache] Cache loaded.
[2026-08-27 12:20:33.798] [info]  [Electron] Setting up protocol (non-default app)...
[2026-08-27 12:20:33.799] [info]  [Electron] Hardware acceleration: enabled
[2026-08-27 12:20:33.806] [info]  [Electron] Ads optimization is enabled.
[2026-08-27 12:20:33.807] [info]  [Electron] Attempting to run app entrypoint...
[2026-08-27 12:20:35.108] [info]  [Electron] Ready signal received.
[2026-08-27 12:20:35.114] [info]  [Electron] Production mode detected.
[2026-08-27 12:20:35.116] [info]  [Electron] Setting up login options... (with startup setting: CLOSED)
[2026-08-27 12:20:35.142] [debug] [Electron] Overwolf UTM params: {"hashParams":{},"source":"client-site","medium":"download-page","campaign":"direct","referrer":"www.lunarclient.com"}
[2026-08-27 12:20:35.177] [error] [Module] Attempted to get module assetserver while it's not setup!
[2026-08-27 12:20:35.177] [error] [Module] Attempted to get module assetserver while it's not setup!
[2026-08-27 12:20:35.179] [info]  [Window] Setting up (Silent startup: false)...
[2026-08-27 12:20:35.211] [warn]  [Permissions] Denied 'media' requested by: 
[2026-08-27 12:20:35.212] [warn]  [Permissions] Denied 'media' requested by: 
[2026-08-27 12:20:35.213] [warn]  [Permissions] Denied 'geolocation' requested by: 
[2026-08-27 12:20:35.213] [warn]  [Permissions] Denied 'window-management' requested by: 
[2026-08-27 12:20:35.229] [info]  [Window] [main] Loading file: C:\Users\CARLOS_JR\AppData\Local\Programs\Lunar Client\resources\app.asar\dist\html\main.html#/
[2026-08-27 12:20:35.235] [info]  [Window] Setup complete!
[2026-08-27 12:20:35.239] [info]  [Module] Setting up...
[2026-08-27 12:20:35.266] [info]  [Module] Starting assetserver
[2026-08-27 12:20:35.267] [info]  [Module] Started assetserver
[2026-08-27 12:20:35.269] [info]  [Module] Starting auth
[2026-08-27 12:20:35.272] [info]  [Auth] Initializing authentication...
[2026-08-27 12:20:35.277] [info]  [Module] Started auth
[2026-08-27 12:20:35.278] [info]  [Module] Starting badlion
[2026-08-27 12:20:35.279] [info]  [Badlion] Starting Badlion initialization
[2026-08-27 12:20:35.282] [info]  [Badlion] Badlion appdata exists: false, Downloaded from Badlion: false
[2026-08-27 12:20:35.283] [info]  [Badlion] Should opt in to Badlion services: false
[2026-08-27 12:20:35.284] [info]  [Module] Started badlion
[2026-08-27 12:20:35.285] [info]  [Module] Starting metadata
[2026-08-27 12:20:35.293] [info]  [Metadata] Loading game profile: 66e9766e-a0c3-4951-b7e4-c8946c428ff5
[2026-08-27 12:20:35.298] [info]  [Module] Started metadata
[2026-08-27 12:20:35.299] [info]  [Module] Starting satellite
[2026-08-27 12:20:35.301] [info]  [Module] Started satellite
[2026-08-27 12:20:35.302] [info]  [Module] Starting profiles
[2026-08-27 12:20:35.304] [info]  [Profiles] Loading profiles...
[2026-08-27 12:20:35.306] [info]  [Module] Started profiles
[2026-08-27 12:20:35.308] [info]  [Module] Starting modrinth
[2026-08-27 12:20:35.310] [info]  [Module] Started modrinth
[2026-08-27 12:20:35.311] [info]  [Module] Starting curseforge
[2026-08-27 12:20:35.313] [info]  [Module] Started curseforge
[2026-08-27 12:20:35.314] [info]  [Module] Starting external-import
[2026-08-27 12:20:35.316] [info]  [Module] Started external-import
[2026-08-27 12:20:35.317] [info]  [Module] Starting installs
[2026-08-27 12:20:35.318] [info]  [Module] Started installs
[2026-08-27 12:20:35.319] [info]  [Module] Starting launch
[2026-08-27 12:20:35.320] [info]  [Module] Started launch
[2026-08-27 12:20:35.321] [info]  [Module] Starting gameipc
[2026-08-27 12:20:35.324] [info]  [GameIPC] Using WebSocketServer directly
[2026-08-27 12:20:35.327] [info]  [Module] Started gameipc
[2026-08-27 12:20:35.328] [info]  [Module] Starting connection
[2026-08-27 12:20:35.329] [info]  [Module] Started connection
[2026-08-27 12:20:35.331] [info]  [Module] Starting hosts-check
[2026-08-27 12:20:35.332] [info]  [Module] Started hosts-check
[2026-08-27 12:20:35.333] [info]  [Module] Starting deeplink
[2026-08-27 12:20:35.335] [info]  [Module] Started deeplink
[2026-08-27 12:20:35.337] [info]  [Module] Starting discord
[2026-08-27 12:20:35.341] [info]  [Module] Started discord
[2026-08-27 12:20:35.342] [info]  [Module] Starting socials
[2026-08-27 12:20:35.343] [info]  [Module] Started socials
[2026-08-27 12:20:35.344] [info]  [Module] Starting styngr
[2026-08-27 12:20:35.345] [info]  [Module] Started styngr
[2026-08-27 12:20:35.347] [info]  [Module] Starting notifications
[2026-08-27 12:20:35.348] [info]  [Module] Started notifications
[2026-08-27 12:20:35.349] [info]  [Module] Starting cosmetics
[2026-08-27 12:20:35.353] [info]  [Module] Started cosmetics
[2026-08-27 12:20:35.354] [info]  [Module] Starting promotions
[2026-08-27 12:20:35.356] [info]  [Module] Started promotions
[2026-08-27 12:20:35.357] [info]  [Module] Starting logs
[2026-08-27 12:20:35.358] [info]  [Module] Started logs
[2026-08-27 12:20:35.360] [info]  [Module] Starting logupload
[2026-08-27 12:20:35.361] [info]  [Module] Started logupload
[2026-08-27 12:20:35.362] [info]  [Module] Starting checkout
[2026-08-27 12:20:35.363] [info]  [Module] Started checkout
[2026-08-27 12:20:35.365] [info]  [Module] Starting overwolf
[2026-08-27 12:20:35.366] [info]  [Module] Started overwolf
[2026-08-27 12:20:35.367] [info]  [Module] Starting servers
[2026-08-27 12:20:35.368] [info]  [Module] Started servers
[2026-08-27 12:20:35.370] [info]  [Module] Starting worlds
[2026-08-27 12:20:35.371] [info]  [Module] Started worlds
[2026-08-27 12:20:35.372] [info]  [Module] Starting screenshots
[2026-08-27 12:20:35.374] [info]  [Module] Started screenshots
[2026-08-27 12:20:35.375] [info]  [Module] Successfully setup 28 modules!
[2026-08-27 12:20:35.379] [info]  [Log Retention] Applying log retention policy: ONE_WEEK. Deleting logs older than 7 days.
[2026-08-27 12:20:35.380] [error] [Log Retention] No profile found, skipping cleanup.
[2026-08-27 12:20:35.384] [info]  [Profiles] Registering directory watcher at C:\Users\CARLOS_JR\.lunarclient\profiles...
[2026-08-27 12:20:35.391] [info]  [Updater] Checking for updates...
[2026-08-27 12:20:35.393] [info]           * Current Version: 3.7.16.12965
[2026-08-27 12:20:35.395] [info]           * Channel: latest-ow
[2026-08-27 12:20:35.397] [info]           * URL: https://launcherupdates.lunarclientcdn.com
[2026-08-27 12:20:35.398] [info]           * User Initiated: false
[2026-08-27 12:20:35.408] [info]  [GameIPC] Server listening on port 28190
[2026-08-27 12:20:35.414] [info]  [Profiles] Found 4 profiles in SQLite
[2026-08-27 12:20:35.421] [info]  [Profiles] Loaded profile Minecraft 26 (ID: 862e3fe1-3710-48b1-b677-390765926149)
[2026-08-27 12:20:35.440] [info]  [Electron] Auto-launch has been detected as disabled
[2026-08-27 12:20:35.506] [info]  [Profiles] Loaded profile JUNIOR_ (ID: ca09900b-3645-4e81-8129-aa5e00073a6a)
[2026-08-27 12:20:35.526] [info]  [Auth] Account Junior_00 is currently active
[2026-08-27 12:20:35.631] [info]  [Auth] Validating account Junior_00 owns Minecraft...
[2026-08-27 12:20:35.635] [info]  [Auth] Refreshing profile for account Junior_00...
[2026-08-27 12:20:35.637] [info]  [Auth] Fetching new Minecraft access token using the refresh token...
[2026-08-27 12:20:35.764] [info]  [Updater] No updates available.
[2026-08-27 12:20:35.767] [info]  [Updater] Update check returned a result... skipping: {"isUpdateAvailable":false,"versionInfo":{"version":"3.7.16-ow","files":[{"url":"Lunar Client v3.7.16-ow.exe","sha512":"K25vDcT8UO0xbMd4MX5URU+l33+vEILLkpsRkxPMYVfB+yP5gqHGuNWOOGgUOE0gH2g4j+1Mjo9AFnQDC35tng=="}],"path":"Lunar Client v3.7.16-ow.exe","sha512":"K25vDcT8UO0xbMd4MX5URU+l33+vEILLkpsRkxPMYVfB+yP5gqHGuNWOOGgUOE0gH2g4j+1Mjo9AFnQDC35tng==","packages":{"x64":{"size":112473965,"sha512":"f2R8yaxYfUc7t48Bk04LzCImKB27jTxQcAe6RAFE/2lMaHmhsNJCJ47S0XSDCCvUNJp5imIeKLPifHT4z+jt5g==","blockMapSize":116960,"path":"lunarclient-3.7.16-ow-x64.nsis.7z","file":"lunarclient-3.7.16-ow-x64.nsis.7z"}},"releaseDate":"2026-08-24T23:38:30.176Z"},"updateInfo":{"version":"3.7.16-ow","files":[{"url":"Lunar Client v3.7.16-ow.exe","sha512":"K25vDcT8UO0xbMd4MX5URU+l33+vEILLkpsRkxPMYVfB+yP5gqHGuNWOOGgUOE0gH2g4j+1Mjo9AFnQDC35tng=="}],"path":"Lunar Client v3.7.16-ow.exe","sha512":"K25vDcT8UO0xbMd4MX5URU+l33+vEILLkpsRkxPMYVfB+yP5gqHGuNWOOGgUOE0gH2g4j+1Mjo9AFnQDC35tng==","packages":{"x64":{"size":112473965,"sha512":"f2R8yaxYfUc7t48Bk04LzCImKB27jTxQcAe6RAFE/2lMaHmhsNJCJ47S0XSDCCvUNJp5imIeKLPifHT4z+jt5g==","blockMapSize":116960,"path":"lunarclient-3.7.16-ow-x64.nsis.7z","file":"lunarclient-3.7.16-ow-x64.nsis.7z"}},"releaseDate":"2026-08-24T23:38:30.176Z"}}
[2026-08-27 12:20:35.772] [warn]  [Profiles] No icon file found for profile Diosesmon Oficial (ID: 66e9766e-a0c3-4951-b7e4-c8946c428ff5)
[2026-08-27 12:20:35.773] [warn]  [Profiles] No featured image file found for profile Diosesmon Oficial (ID: 66e9766e-a0c3-4951-b7e4-c8946c428ff5)
[2026-08-27 12:20:35.775] [info]  [Profiles] Loaded profile Diosesmon Oficial (ID: 66e9766e-a0c3-4951-b7e4-c8946c428ff5)
[2026-08-27 12:20:36.493] [info]  [Metadata] Badlion versions metadata fetched successfully
[2026-08-27 12:20:36.516] [warn]  [Profiles] No icon file found for profile Diosesmon Oficial (ID: 66e9766e-a0c3-4951-b7e4-c8946c428ff5)
[2026-08-27 12:20:36.517] [warn]  [Profiles] No featured image file found for profile Diosesmon Oficial (ID: 66e9766e-a0c3-4951-b7e4-c8946c428ff5)
[2026-08-27 12:20:36.520] [info]  [Profiles] Loaded profile Diosesmon Oficial (ID: 66e9766e-a0c3-4951-b7e4-c8946c428ff5)
[2026-08-27 12:20:36.677] [info]  [Profiles] Loaded profile MCC Island for Lunar Client (ID: 67380c89-129f-43ea-96eb-7cd979e24a9a)
[2026-08-27 12:20:36.678] [info]  [Profiles] Loaded 4 profiles (0 virtual, 4 saved)
[2026-08-27 12:20:36.680] [info]  [Metadata] Setting up virtual profiles
[2026-08-27 12:20:36.681] [info]  [Metadata] Profile selected, using Diosesmon Oficial (ID: 66e9766e-a0c3-4951-b7e4-c8946c428ff5, type: user-modpack, version: 1.21.1)...
[2026-08-27 12:20:36.683] [info]  [Metadata] Cleaning up profile modules...
[2026-08-27 12:20:36.684] [info]  [Metadata] No profiles were found to have bad modules!
[2026-08-27 12:20:36.782] [warn]  [Permissions] Denied 'media' requested by: 
[2026-08-27 12:20:36.783] [warn]  [Permissions] Denied 'media' requested by: 
[2026-08-27 12:20:36.783] [warn]  [Permissions] Denied 'geolocation' requested by: 
[2026-08-27 12:20:36.784] [warn]  [Permissions] Denied 'window-management' requested by: 
[2026-08-27 12:20:36.972] [info]  [Metadata] Terms 'privacy' is up to date!
[2026-08-27 12:20:36.973] [info]  [Metadata] Terms 'terms' is up to date!
[2026-08-27 12:20:36.974] [info]  [Metadata] Misc metadata fetched successfully
[2026-08-27 12:20:36.977] [info]  [Metadata] Feature Flags enabled: ServersCTA, SocialMessaging, LunarOAuthApp, LaunchCancelling, SelectModpack, ServerRecommendedModpack, EmbeddedBrowserOpens, MissionControl, ExternalLinkSSO, HomeAdOverwolf, MissionControlAdOverwolf, Radio, RadioPremium, AMDDriverFix, ExploreModsAdOverwolf, MissionControlTopAdOverwolf, OverwolfCRN, YoutubeLinking, HomeTopAdOverwolf, SatelliteGifPicker, VersionsCreateProfile
[2026-08-27 12:20:36.978] [info]  [Metadata] Feature Flags disabled: CustomizableQuickPlay, CommunityServers, ProfileModsExploreCTA, LoaderVersionSetting, InstallVCRedistributable, OverwolfOverlay, TopbarOutplayedPromotion
[2026-08-27 12:20:36.979] [info]  [Metadata] Updater stream channel and URL are the same as before, skipping...
[2026-08-27 12:20:36.981] [info]  [Metadata] Checking cache for language es_ES with remote hash 8f46e49889e93b6bf3f73b7fe8dcafd6bb24f562
[2026-08-27 12:20:36.986] [info]  [Metadata] Language es_ES is already cached, skipping...
[2026-08-27 12:20:36.987] [info]  [Metadata] Languages successfully processed, sending updates...
[2026-08-27 12:20:36.990] [info]  [DiscordRP] Updating activity status...
[2026-08-27 12:20:37.013] [info]  [Metadata] Layout metadata fetched successfully
[2026-08-27 12:20:37.022] [info]  [Metadata] Lunar versions metadata fetched successfully
[2026-08-27 12:20:37.036] [info]  [Metadata] Vanilla versions metadata fetched successfully
[2026-08-27 12:20:37.045] [info]  [Metadata] Setting up virtual profiles
[2026-08-27 12:20:37.095] [info]  [Metadata] Profile selected, using Diosesmon Oficial (ID: 66e9766e-a0c3-4951-b7e4-c8946c428ff5, type: user-modpack, version: 1.21.1)...
[2026-08-27 12:20:37.097] [info]  [Metadata] Cleaning up profile modules...
[2026-08-27 12:20:37.098] [info]  [Metadata] No profiles were found to have bad modules!
[2026-08-27 12:20:37.157] [info]  [Sentry] Initializing Sentry in app renderer...
[2026-08-27 12:20:37.158] [info]           * DSN: https://2b19802000444b71b53899a26418c0ef@o923049.ingest.sentry.io/6029601
[2026-08-27 12:20:37.158] [info]           * Sample rate: 0.05
[2026-08-27 12:20:37.159] [info]           * Traces Sample rate: 0.01
[2026-08-27 12:20:37.159] [info]           * Debug: disabled
[2026-08-27 12:20:37.159] [info]           * ANR: disabled
[2026-08-27 12:20:37.159] [info]           * Environment: production
[2026-08-27 12:20:37.206] [warn]  [Permissions] Denied 'media' requested by: file:///
[2026-08-27 12:20:37.207] [warn]  [Permissions] Denied 'media' requested by: file:///
[2026-08-27 12:20:37.208] [warn]  [Permissions] Denied 'geolocation' requested by: file:///
[2026-08-27 12:20:37.209] [warn]  [Permissions] Denied 'window-management' requested by: file:///
[2026-08-27 12:20:37.580] [info]  [Styngr] [Player] Binding event listeners to audio element...
[2026-08-27 12:20:37.594] [info]  [Window] Renderer ready for window 'main'
[2026-08-27 12:20:37.646] [debug] [Window] [main] Window focused
[2026-08-27 12:20:39.315] [info]  [Auth] Minecraft login successful, profile refresh complete. Updating accounts file with new access token and expiry...
[2026-08-27 12:20:39.320] [info]  [Auth] Saving accounts file...
[2026-08-27 12:20:39.325] [info]  [Auth] Accounts file successfully updated with refreshed access token for account Junior_00.
[2026-08-27 12:20:39.734] [info]  [Auth] Account Junior_00 successfully validated to own Minecraft, proceeding with profile retrieval...
[2026-08-27 12:20:39.838] [info]  [Overwolf] Received ready signal for overlay v2.0.10
[2026-08-27 12:20:40.056] [info]  [Overwolf] Received ready signal for crn v279.0.3
[2026-08-27 12:20:40.075] [info]  [Auth] Successfully retrieved Minecraft profile for account Junior_00, checking multiplayer privileges...
[2026-08-27 12:20:40.077] [info]  [Auth] Successfully validated account Junior_00 owns Minecraft, checking banned status...
[2026-08-27 12:20:40.080] [info]  [Auth] Account Junior_00 has multiplayer access and is not banned, proceeding with login...
[2026-08-27 12:20:40.084] [info]  [AssetServer] No reconnect JWT available, going to Authenticator...
[2026-08-27 12:20:40.091] [info]  [AssetServer] Registered 42 push handlers
[2026-08-27 12:20:40.095] [info]  [Overwolf] Set cached OWAEH in Overwolf registry for aa35297e424044cb8b676659959d35eb
[2026-08-27 12:20:40.127] [info]  [Auth] [Authenticator] Getting Lunar Client Token for Junior_00 (aa35297e424044cb8b676659959d35eb). Initiator is LAUNCHER_WEBSOCKET
[2026-08-27 12:20:40.130] [info]  [Auth] [Authenticator] No cached token found for Junior_00 (aa35297e424044cb8b676659959d35eb), requesting new token...
[2026-08-27 12:20:40.278] [info]  [Auth] [Authenticator] Connection opened for Junior_00 (aa35297e424044cb8b676659959d35eb)
[2026-08-27 12:20:40.311] [info]  [Auth] [Authenticator] Creating Minecraft session for Junior_00 (aa35297e424044cb8b676659959d35eb)...
[2026-08-27 12:20:40.827] [info]  [Auth] [Authenticator] Created Minecraft session for Junior_00 (aa35297e424044cb8b676659959d35eb)
[2026-08-27 12:20:41.084] [info]  [Auth] [Authenticator] Got Lunar Client Token for Junior_00 (aa35297e424044cb8b676659959d35eb)
[2026-08-27 12:20:41.237] [info]  [Auth] [Authenticator] Connection disconnected for Junior_00 (aa35297e424044cb8b676659959d35eb)
[2026-08-27 12:20:41.239] [info]  [Auth] [Authenticator] Code: 1000 - Reason: Issued.
[2026-08-27 12:20:41.496] [info]  [AssetServer] Connection opened!
[2026-08-27 12:20:41.499] [info]  [AssetServer] Sending initial connection handshake
[2026-08-27 12:20:41.504] [info]  [AssetServer] Starting service logins in parallel...
[2026-08-27 12:20:41.581] [info]  [AssetServer] Received session ID: 694523d2-c3c4-4b60-8282-2417efe5474d
[2026-08-27 12:20:41.600] [info]  [Settings] Setting socials-visibility to 1...
[2026-08-27 12:20:41.621] [info]  [Settings] Setting default-screenshot-upload-privacy to 2...
[2026-08-27 12:20:41.637] [info]  [Settings] Setting incoming-gift-privacy to 1...
[2026-08-27 12:20:41.652] [info]  [Settings] Setting wrapped-leaderboard-visibility to 1...
[2026-08-27 12:20:41.671] [info]  [Settings] Setting cosmetic-ownership-visibility to 1...
[2026-08-27 12:20:41.694] [info]  [Promotions] Corner promotion exempt? false
[2026-08-27 12:20:41.695] [info]  [Settings] Setting radio-playing-visibility to 1...
[2026-08-27 12:20:41.709] [info]  [Settings] Setting allow-friend-requests to true...
[2026-08-27 12:20:41.719] [info]  [Settings] Setting last-seen-visibility to 1...
[2026-08-27 12:20:41.735] [info]  [AssetServer] Completed service logins!
[2026-08-27 12:20:42.947] [warn]  [Permissions] Denied 'media' requested by: file:///
[2026-08-27 12:20:42.948] [warn]  [Permissions] Denied 'media' requested by: file:///
[2026-08-27 12:20:42.949] [warn]  [Permissions] Denied 'geolocation' requested by: file:///
[2026-08-27 12:20:42.950] [warn]  [Permissions] Denied 'window-management' requested by: file:///
[2026-08-27 12:20:42.962] [warn]  [Permissions] Denied 'media' requested by: 
[2026-08-27 12:20:42.964] [warn]  [Permissions] Denied 'media' requested by: 
[2026-08-27 12:20:42.965] [warn]  [Permissions] Denied 'geolocation' requested by: 
[2026-08-27 12:20:42.966] [warn]  [Permissions] Denied 'window-management' requested by: 
[2026-08-27 12:20:48.318] [warn]  [Permissions] Denied 'background-sync' requested by: https://gum.criteo.com/
[2026-08-27 12:20:50.328] [warn]  [Permissions] Denied 'background-sync' requested by: https://tpc.googlesyndication.com/
[2026-08-27 12:20:52.476] [warn]  [Permissions] Denied 'notifications' requested by: https://tpc.googlesyndication.com/
[2026-08-27 12:20:52.477] [warn]  [Permissions] Denied 'notifications' requested by: https://tpc.googlesyndication.com/
[2026-08-27 12:20:52.481] [warn]  [Permissions] Denied 'notifications' requested by: https://tpc.googlesyndication.com/
[2026-08-27 12:21:22.818] [info]  [Profiles] Setting up logs configuration for Diosesmon Oficial at C:\Users\CARLOS_JR\.lunarclient\profiles\diosesmon-oficial\logs\config.xml...
[2026-08-27 12:21:22.823] [info]  [Launch] Starting new session (ID: 2274adbb-0276-4076-a132-434ad6e67e39)
[2026-08-27 12:21:22.829] [info]  [Launch] [Request] Starting check...
[2026-08-27 12:21:22.852] [warn]  [Permissions] Denied 'media' requested by: 
[2026-08-27 12:21:22.853] [warn]  [Permissions] Denied 'media' requested by: 
[2026-08-27 12:21:22.855] [warn]  [Permissions] Denied 'geolocation' requested by: 
[2026-08-27 12:21:22.856] [warn]  [Permissions] Denied 'window-management' requested by: 
[2026-08-27 12:21:22.866] [info]  [Window] [mission-control] Loading file: C:\Users\CARLOS_JR\AppData\Local\Programs\Lunar Client\resources\app.asar\dist\html\mission-control.html#undefined
[2026-08-27 12:21:22.871] [info]  [Window] Opening Mission Control on primary display (Display ID: 2623434305)...
[2026-08-27 12:21:23.057] [info]  [Launch] [Request] Finished check (229ms)
[2026-08-27 12:21:23.061] [info]  [Launch] [Parallel-stages] Starting check...
[2026-08-27 12:21:23.063] [info]  [Launch]   [Licenses] Starting check...
[2026-08-27 12:21:23.064] [info]  [Launch]   [Textures] Starting check...
[2026-08-27 12:21:23.068] [info]  [Launch]   [Assets] Starting check...
[2026-08-27 12:21:23.070] [info]  [Launch]   [Artifacts-and-natives] Starting check...
[2026-08-27 12:21:23.073] [info]  [Launch]   [Jre] Starting check...
[2026-08-27 12:21:23.074] [info]  [Launch]   [Ui] Starting check...
[2026-08-27 12:21:23.079] [info]  [Launch]     [Artifacts] Starting check...
[2026-08-27 12:21:23.081] [info]  [Launch]   [Jre] JRE folder permissions: 666
[2026-08-27 12:21:23.573] [info]  [Launch]   [Ui] Checking HKLM for VC++ Redistributable...
[2026-08-27 12:21:24.092] [info]  [Launch]   [Ui] Found VC++ Redistributable version v14.50.35719.00
[2026-08-27 12:21:24.115] [info]  [Sentry] Initializing Sentry in mission-control renderer...
[2026-08-27 12:21:24.118] [info]           * DSN: https://2b19802000444b71b53899a26418c0ef@o923049.ingest.sentry.io/6029601
[2026-08-27 12:21:24.118] [info]           * Sample rate: 0.05
[2026-08-27 12:21:24.119] [info]           * Traces Sample rate: 0.01
[2026-08-27 12:21:24.119] [info]           * Debug: disabled
[2026-08-27 12:21:24.119] [info]           * ANR: disabled
[2026-08-27 12:21:24.120] [info]           * Environment: production
[2026-08-27 12:21:24.179] [warn]  [Permissions] Denied 'media' requested by: file:///
[2026-08-27 12:21:24.181] [warn]  [Permissions] Denied 'media' requested by: file:///
[2026-08-27 12:21:24.182] [warn]  [Permissions] Denied 'geolocation' requested by: file:///
[2026-08-27 12:21:24.184] [warn]  [Permissions] Denied 'window-management' requested by: file:///
[2026-08-27 12:21:24.330] [info]  [Launch]   [Textures] Index is valid, using it...
[2026-08-27 12:21:24.371] [info]  [Launch] [Licenses] No new files needed, skipping download phase...
[2026-08-27 12:21:24.373] [info]  [Launch]   [Licenses] Finished check (1309ms)
[2026-08-27 12:21:24.437] [info]  [Launch]   [Assets] Index is valid, using it...
[2026-08-27 12:21:25.051] [info]  [Window] Renderer ready for window 'mission-control'
[2026-08-27 12:21:25.084] [debug] [Window] [mission-control] Window focused
[2026-08-27 12:21:25.944] [warn]  [Permissions] Denied 'media' requested by: file:///
[2026-08-27 12:21:25.945] [warn]  [Permissions] Denied 'media' requested by: file:///
[2026-08-27 12:21:25.947] [warn]  [Permissions] Denied 'geolocation' requested by: file:///
[2026-08-27 12:21:25.948] [warn]  [Permissions] Denied 'window-management' requested by: file:///
[2026-08-27 12:21:25.963] [warn]  [Permissions] Denied 'media' requested by: 
[2026-08-27 12:21:25.964] [warn]  [Permissions] Denied 'media' requested by: 
[2026-08-27 12:21:25.965] [warn]  [Permissions] Denied 'geolocation' requested by: 
[2026-08-27 12:21:25.967] [warn]  [Permissions] Denied 'window-management' requested by: 
[2026-08-27 12:21:25.974] [warn]  [Permissions] Denied 'media' requested by: file:///
[2026-08-27 12:21:25.976] [warn]  [Permissions] Denied 'media' requested by: file:///
[2026-08-27 12:21:25.977] [warn]  [Permissions] Denied 'geolocation' requested by: file:///
[2026-08-27 12:21:25.978] [warn]  [Permissions] Denied 'window-management' requested by: file:///
[2026-08-27 12:21:25.990] [warn]  [Permissions] Denied 'media' requested by: 
[2026-08-27 12:21:25.992] [warn]  [Permissions] Denied 'media' requested by: 
[2026-08-27 12:21:25.994] [warn]  [Permissions] Denied 'geolocation' requested by: 
[2026-08-27 12:21:25.996] [warn]  [Permissions] Denied 'window-management' requested by: 
[2026-08-27 12:21:26.078] [warn]  [Permissions] Denied 'media' requested by: file:///
[2026-08-27 12:21:26.079] [warn]  [Permissions] Denied 'media' requested by: file:///
[2026-08-27 12:21:26.082] [warn]  [Permissions] Denied 'geolocation' requested by: file:///
[2026-08-27 12:21:26.083] [warn]  [Permissions] Denied 'window-management' requested by: file:///
[2026-08-27 12:21:28.365] [info]  [Launch]   [Ui] UI zip already downloaded and verified.
[2026-08-27 12:21:32.124] [debug] [Window] [mission-control] Window focused
[2026-08-27 12:21:32.746] [warn]  [Permissions] Denied 'background-sync' requested by: https://gum.criteo.com/
[2026-08-27 12:21:34.196] [warn]  [Permissions] Denied 'background-sync' requested by: https://imasdk.googleapis.com/
[2026-08-27 12:21:34.535] [warn]  [Permissions] Denied 'background-sync' requested by: https://gum.criteo.com/
[2026-08-27 12:21:45.478] [info]  [Launch] [Textures] No new files needed, skipping download phase...
[2026-08-27 12:21:45.479] [info]  [Launch]   [Textures] Finished check (22415ms)
[2026-08-27 12:21:45.620] [warn]  [Permissions] Denied 'background-sync' requested by: https://gum.criteo.com/
[2026-08-27 12:21:46.888] [warn]  [Permissions] Denied 'background-sync' requested by: https://gum.criteo.com/
[2026-08-27 12:21:49.313] [info]  [Launch]   [Ui] Zip contains 2 file entries.
[2026-08-27 12:21:49.328] [info]  [Launch] [Assets] No new files needed, skipping download phase...
[2026-08-27 12:21:49.330] [info]  [Launch]   [Assets] Finished check (26262ms)
[2026-08-27 12:21:49.332] [info]  [Launch]   [Ui] All 2 expected files are present.
[2026-08-27 12:21:49.334] [info]  [Launch]   [Ui] UI 7c408ec0c875ded4aaa94f426f3b31dcec957c5f already extracted, reusing.
[2026-08-27 12:21:49.375] [info]  [Launch]   [Ui] Index is valid, using it...
[2026-08-27 12:21:49.567] [info]  [Launch] [Ui] No new files needed, skipping download phase...
[2026-08-27 12:21:49.569] [info]  [Launch]   [Ui] Finished check (26495ms)
[2026-08-27 12:21:49.734] [info]  [Launch] [Artifacts] No new files needed, skipping download phase...
[2026-08-27 12:21:49.736] [info]  [Launch]     [Artifacts] Finished check (26657ms)
[2026-08-27 12:21:49.738] [info]  [Launch]     [Natives] Starting check...
[2026-08-27 12:21:49.740] [info]  [Launch]     [Natives] Extracting 4 natives to C:\Users\CARLOS_JR\.lunarclient\offline\multiver\natives...
[2026-08-27 12:21:50.122] [info]  [Launch]   [Jre] No new files needed, skipping download phase...
[2026-08-27 12:21:50.124] [info]  [Launch]   [Jre] Unable to perform Windows JavaW fix (missing data), skipping...
[2026-08-27 12:21:50.125] [info]  [Launch]   [Jre] Performing JavaW integrity check...
[2026-08-27 12:21:50.127] [info]  [Launch]   [Jre] Current JavaW file permissions: 666
[2026-08-27 12:21:50.128] [info]  [Launch]   [Jre] Finished check (27055ms)
[2026-08-27 12:21:50.330] [warn]  [Permissions] Denied 'background-sync' requested by: https://tpc.googlesyndication.com/
[2026-08-27 12:21:53.326] [info]  [Launch]     [Natives] Finished check (3587ms)
[2026-08-27 12:21:53.328] [info]  [Launch]   [Artifacts-and-natives] Finished check (30258ms)
[2026-08-27 12:21:53.329] [info]  [Launch] [Parallel-stages] Finished check (30268ms)
[2026-08-27 12:21:53.332] [info]  [Launch] [Jar-validation] Starting check...
[2026-08-27 12:21:53.335] [info]  [Launch] [Jar-validation] Validating jar files in C:\Users\CARLOS_JR\.lunarclient\profiles\diosesmon-oficial\mods...
[2026-08-27 12:21:53.359] [info]  [Launch] [Jar-validation] Found 174 jar file(s) to validate
[2026-08-27 12:21:59.773] [info]  [Launch] [Jar-validation] Validation complete: 174 valid, 0 invalid
[2026-08-27 12:21:59.774] [info]  [Launch] [Jar-validation] Finished check (6442ms)
[2026-08-27 12:22:02.296] [info]  [Launch] Spawning JVM process with following configuration...
[2026-08-27 12:22:02.297] [info]           * Version: 1.21
[2026-08-27 12:22:02.298] [info]           * Subversion: 1.21.1
[2026-08-27 12:22:02.299] [info]           * Module: fabric
[2026-08-27 12:22:02.301] [info]           * Directory: C:\Users\CARLOS_JR\.lunarclient\profiles\diosesmon-oficial
[2026-08-27 12:22:02.302] [info]           * Resolution: 1920x1080
[2026-08-27 12:22:02.303] [info]           * Fullscreen?: false
[2026-08-27 12:22:02.305] [info]           * Memory: 4096MB
[2026-08-27 12:22:02.306] [info]           * Branch: master
[2026-08-27 12:22:02.307] [info]           * Quick Join: N/A
[2026-08-27 12:22:02.309] [info]           * Profile ID: 66e9766e-a0c3-4951-b7e4-c8946c428ff5
[2026-08-27 12:22:02.310] [info]           * Loader Version: automatic
[2026-08-27 12:22:02.311] [info]           * Custom JVM Arguments: N/A
[2026-08-27 12:22:02.313] [info]           * IPC Port: 28190
[2026-08-27 12:22:02.316] [info]           * Pre-launch Command: N/A
[2026-08-27 12:22:02.317] [info]           * Wrapper Command: N/A
[2026-08-27 12:22:02.319] [info]           * Post-exit Command: N/A
[2026-08-27 12:22:02.320] [info]           * Mods Directory: C:\Users\CARLOS_JR\.lunarclient\profiles\diosesmon-oficial\mods
[2026-08-27 12:22:02.324] [info]  [Launch] System properties: ["-Dlog4j2.formatMsgNoLookups=true","-DTrickNvidiaDriversForPerformance=' net.minecraft.client.main.Main '","-Dichor.filteredGenesisSentries=.*lcqt.*|.*Some of your mods are incompatible with the game or each other.*","-Dlunar.webosr.url=file:index.html","-Dichor.fabric.profileModPath=C:\\Users\\CARLOS_JR\\.lunarclient\\profiles\\diosesmon-oficial\\mods","-Djava.library.path=C:\\Users\\CARLOS_JR\\.lunarclient\\offline\\multiver\\natives","-Dlog4j.configurationFile=C:\\Users\\CARLOS_JR\\.lunarclient\\profiles\\diosesmon-oficial\\logs\\config.xml","-Dichor.logsFile=C:\\Users\\CARLOS_JR\\.lunarclient\\profiles\\diosesmon-oficial\\logs\\ichor-boot.log","-Dichor.usingIsolatedProfiles=true"]
[2026-08-27 12:22:02.372] [info]  [Launch] JVM process started with following outputs...
[2026-08-27 12:22:02.373] [info]           * PID: 16336
[2026-08-27 12:22:02.374] [info]           * Start Time: 27/8/2026, 12:22:02 p.m.
[2026-08-27 12:22:08.609] [warn]  [Permissions] Denied 'background-sync' requested by: https://imasdk.googleapis.com/
[2026-08-27 12:22:22.161] [warn]  [Permissions] Denied 'background-sync' requested by: 
[2026-08-27 12:22:50.332] [warn]  [Permissions] Denied 'background-sync' requested by: https://tpc.googlesyndication.com/
[2026-08-27 12:23:50.339] [warn]  [Permissions] Denied 'background-sync' requested by: https://tpc.googlesyndication.com/
[2026-08-27 12:23:53.900] [warn]  [Permissions] Denied 'background-sync' requested by: 
[2026-08-27 12:24:23.669] [warn]  [Permissions] Denied 'background-sync' requested by: 
[2026-08-27 12:24:50.342] [warn]  [Permissions] Denied 'background-sync' requested by: https://tpc.googlesyndication.com/
[2026-08-27 12:24:59.951] [debug] [Window] [mission-control] Window focused
[2026-08-27 12:25:26.779] [warn]  [Permissions] Denied 'background-sync' requested by: https://imasdk.googleapis.com/
[2026-08-27 12:25:35.306] [info]  [StorageInfo] Getting storage info...
[2026-08-27 12:25:35.322] [info]  [StorageInfo] Directory C:\Users\CARLOS_JR\.lunarclient\logs\game does not exist, skipping calculation...
[2026-08-27 12:25:38.607] [info]  [StorageInfo] Successfully calculated storage info
[2026-08-27 12:25:43.408] [warn]  [Permissions] Denied 'background-sync' requested by: https://imasdk.googleapis.com/
[2026-08-27 12:25:50.357] [warn]  [Permissions] Denied 'background-sync' requested by: https://tpc.googlesyndication.com/
[2026-08-27 12:26:50.362] [warn]  [Permissions] Denied 'background-sync' requested by: https://tpc.googlesyndication.com/
[2026-08-27 12:27:34.083] [warn]  [Permissions] Denied 'background-sync' requested by: 
[2026-08-27 12:27:50.362] [warn]  [Permissions] Denied 'background-sync' requested by: https://tpc.googlesyndication.com/
[2026-08-27 12:27:59.871] [warn]  [Permissions] Denied 'background-sync' requested by: 
[2026-08-27 12:28:34.627] [warn]  [Permissions] Denied 'background-sync' requested by: 
[2026-08-27 12:28:36.615] [info]  [Window] Hiding all windows except mission-control...
[2026-08-27 12:28:36.691] [debug] [Window] [main] Window hidden
[2026-08-27 12:28:36.971] [info]  [Overwolf] [Overlay] Game launched, skipping injection because the feature is currently disabled
[2026-08-27 12:28:38.616] [info]  [Overwolf] [CRN] 'before-notification' event was fired
[2026-08-27 12:28:50.377] [warn]  [Permissions] Denied 'background-sync' requested by: https://tpc.googlesyndication.com/
[2026-08-27 12:29:50.391] [warn]  [Permissions] Denied 'background-sync' requested by: https://tpc.googlesyndication.com/
[2026-08-27 12:30:18.364] [info]  [GameIPC] Received handshake from headers!
[2026-08-27 12:30:18.382] [info]  [GameIPC] Registered 9 services
[2026-08-27 12:30:18.391] [info]  [GameIPC] No pending pushes to flush
[2026-08-27 12:30:50.392] [warn]  [Permissions] Denied 'background-sync' requested by: https://tpc.googlesyndication.com/
[2026-08-27 12:31:05.696] [info]  [Launch] Starting log file polling
[2026-08-27 12:31:50.398] [warn]  [Permissions] Denied 'background-sync' requested by: https://tpc.googlesyndication.com/
[2026-08-27 12:34:29.118] [warn]  [Permissions] Denied 'background-sync' requested by: https://aax-events-cell02-cf.us-east.3px.axp.amazon-adsystem.com/
[2026-08-27 12:34:58.775] [warn]  [Permissions] Denied 'background-sync' requested by: https://aax-events-cell02-cf.us-east.3px.axp.amazon-adsystem.com/
[2026-08-27 12:35:33.836] [info]  [Updater] Checking for updates...
[2026-08-27 12:35:33.840] [info]           * Current Version: 3.7.16.12965
[2026-08-27 12:35:33.843] [info]           * Channel: latest-ow
[2026-08-27 12:35:33.845] [info]           * URL: https://launcherupdates.lunarclientcdn.com
[2026-08-27 12:35:33.847] [info]           * User Initiated: false
[2026-08-27 12:35:34.036] [info]  [Updater] No updates available.
[2026-08-27 12:35:34.037] [info]  [Updater] Update check returned a result... skipping: {"isUpdateAvailable":false,"versionInfo":{"version":"3.7.16-ow","files":[{"url":"Lunar Client v3.7.16-ow.exe","sha512":"K25vDcT8UO0xbMd4MX5URU+l33+vEILLkpsRkxPMYVfB+yP5gqHGuNWOOGgUOE0gH2g4j+1Mjo9AFnQDC35tng=="}],"path":"Lunar Client v3.7.16-ow.exe","sha512":"K25vDcT8UO0xbMd4MX5URU+l33+vEILLkpsRkxPMYVfB+yP5gqHGuNWOOGgUOE0gH2g4j+1Mjo9AFnQDC35tng==","packages":{"x64":{"size":112473965,"sha512":"f2R8yaxYfUc7t48Bk04LzCImKB27jTxQcAe6RAFE/2lMaHmhsNJCJ47S0XSDCCvUNJp5imIeKLPifHT4z+jt5g==","blockMapSize":116960,"path":"lunarclient-3.7.16-ow-x64.nsis.7z","file":"lunarclient-3.7.16-ow-x64.nsis.7z"}},"releaseDate":"2026-08-24T23:38:30.176Z"},"updateInfo":{"version":"3.7.16-ow","files":[{"url":"Lunar Client v3.7.16-ow.exe","sha512":"K25vDcT8UO0xbMd4MX5URU+l33+vEILLkpsRkxPMYVfB+yP5gqHGuNWOOGgUOE0gH2g4j+1Mjo9AFnQDC35tng=="}],"path":"Lunar Client v3.7.16-ow.exe","sha512":"K25vDcT8UO0xbMd4MX5URU+l33+vEILLkpsRkxPMYVfB+yP5gqHGuNWOOGgUOE0gH2g4j+1Mjo9AFnQDC35tng==","packages":{"x64":{"size":112473965,"sha512":"f2R8yaxYfUc7t48Bk04LzCImKB27jTxQcAe6RAFE/2lMaHmhsNJCJ47S0XSDCCvUNJp5imIeKLPifHT4z+jt5g==","blockMapSize":116960,"path":"lunarclient-3.7.16-ow-x64.nsis.7z","file":"lunarclient-3.7.16-ow-x64.nsis.7z"}},"releaseDate":"2026-08-24T23:38:30.176Z"}}
[2026-08-27 12:36:45.013] [warn]  [Permissions] Denied 'background-sync' requested by: 
[2026-08-27 12:38:47.221] [warn]  [Permissions] Denied 'background-sync' requested by: 
[2026-08-27 12:39:10.219] [warn]  [Permissions] Denied 'background-sync' requested by: 
[2026-08-27 12:40:40.110] [error] [Connection] Error checking connection: TimeoutError: operation timed out
    at c (C:\Users\CARLOS_JR\AppData\Local\Programs\Lunar Client\resources\app.asar\dist-electron\electron\main.js:437:811)
    at Timeout._onTimeout (C:\Users\CARLOS_JR\AppData\Local\Programs\Lunar Client\resources\app.asar\dist-electron\electron\main.js:437:1114)
    at listOnTimeout (node:internal/timers:585:17)
    at process.processTimers (node:internal/timers:521:7)
[2026-08-27 12:40:40.174] [info]  [Connection] Probe failed (1/2), waiting for another failure before going offline...
[2026-08-27 12:40:44.774] [error] [Connection] Error checking connection: TimeoutError: operation timed out
    at c (C:\Users\CARLOS_JR\AppData\Local\Programs\Lunar Client\resources\app.asar\dist-electron\electron\main.js:437:811)
    at Timeout._onTimeout (C:\Users\CARLOS_JR\AppData\Local\Programs\Lunar Client\resources\app.asar\dist-electron\electron\main.js:437:1114)
    at listOnTimeout (node:internal/timers:585:17)
    at process.processTimers (node:internal/timers:521:7)
[2026-08-27 12:40:44.802] [info]  [Connection] You are now offline, waiting for connection to resume...
[2026-08-27 12:40:46.931] [info]  [Connection] Back online!
[2026-08-27 12:40:46.962] [info]  [Connection] Refetching metadata, more than 15 minutes since last fetch...
[2026-08-27 12:40:47.006] [info]  [Metadata] Loading game profile: 66e9766e-a0c3-4951-b7e4-c8946c428ff5
[2026-08-27 12:40:47.259] [info]  [Connection] Initializing auth after connection resume...
[2026-08-27 12:40:47.267] [info]  [Auth] Initializing authentication...
[2026-08-27 12:40:47.444] [info]  [Auth] Account Junior_00 is currently active
[2026-08-27 12:40:47.466] [info]  [Auth] Validating account Junior_00 owns Minecraft...
[2026-08-27 12:40:47.822] [warn]  [Profiles] No icon file found for profile Diosesmon Oficial (ID: 66e9766e-a0c3-4951-b7e4-c8946c428ff5)
[2026-08-27 12:40:47.827] [warn]  [Profiles] No featured image file found for profile Diosesmon Oficial (ID: 66e9766e-a0c3-4951-b7e4-c8946c428ff5)
[2026-08-27 12:40:47.847] [info]  [Profiles] Loaded profile Diosesmon Oficial (ID: 66e9766e-a0c3-4951-b7e4-c8946c428ff5)
[2026-08-27 12:40:47.915] [info]  [Metadata] Badlion versions metadata fetched successfully
[2026-08-27 12:40:49.040] [info]  [Metadata] Terms 'privacy' is up to date!
[2026-08-27 12:40:49.043] [info]  [Metadata] Terms 'terms' is up to date!
[2026-08-27 12:40:49.045] [info]  [Metadata] Misc metadata fetched successfully
[2026-08-27 12:40:49.059] [info]  [Metadata] Feature Flags enabled: ServersCTA, SocialMessaging, LunarOAuthApp, LaunchCancelling, SelectModpack, ServerRecommendedModpack, EmbeddedBrowserOpens, MissionControl, ExternalLinkSSO, HomeAdOverwolf, MissionControlAdOverwolf, Radio, RadioPremium, AMDDriverFix, ExploreModsAdOverwolf, MissionControlTopAdOverwolf, OverwolfCRN, YoutubeLinking, HomeTopAdOverwolf, SatelliteGifPicker, VersionsCreateProfile
[2026-08-27 12:40:49.062] [info]  [Metadata] Feature Flags disabled: CustomizableQuickPlay, CommunityServers, ProfileModsExploreCTA, LoaderVersionSetting, InstallVCRedistributable, OverwolfOverlay, TopbarOutplayedPromotion
[2026-08-27 12:40:49.066] [info]  [Metadata] Updater stream channel and URL are the same as before, skipping...
[2026-08-27 12:40:49.071] [info]  [Metadata] Checking cache for language es_ES with remote hash 8f46e49889e93b6bf3f73b7fe8dcafd6bb24f562
[2026-08-27 12:40:49.245] [info]  [Metadata] Language es_ES is already cached, skipping...
[2026-08-27 12:40:49.247] [info]  [Metadata] Languages successfully processed, sending updates...
[2026-08-27 12:40:49.298] [info]  [Auth] Account Junior_00 successfully validated to own Minecraft, proceeding with profile retrieval...
[2026-08-27 12:40:49.325] [info]  [Metadata] Lunar versions metadata fetched successfully
[2026-08-27 12:40:49.361] [info]  [Metadata] Layout metadata fetched successfully
[2026-08-27 12:40:49.582] [info]  [Metadata] Vanilla versions metadata fetched successfully
[2026-08-27 12:40:49.618] [info]  [Metadata] Setting up virtual profiles
[2026-08-27 12:40:49.627] [info]  [Metadata] Cleaning up non-existent virtual profiles...
[2026-08-27 12:40:49.631] [info]  [Metadata] No non-existent virtual profiles were found to clean up!
[2026-08-27 12:40:49.846] [info]  [Metadata] Profile selected, using Diosesmon Oficial (ID: 66e9766e-a0c3-4951-b7e4-c8946c428ff5, type: user-modpack, version: 1.21.1)...
[2026-08-27 12:40:49.860] [info]  [Metadata] Cleaning up profile modules...
[2026-08-27 12:40:49.864] [info]  [Metadata] No profiles were found to have bad modules!
[2026-08-27 12:40:49.867] [info]  [Connection] Successfully refetched metadata after connection resume!
[2026-08-27 12:40:50.526] [info]  [Auth] Successfully retrieved Minecraft profile for account Junior_00, checking multiplayer privileges...
[2026-08-27 12:40:50.532] [info]  [Auth] Successfully validated account Junior_00 owns Minecraft, checking banned status...
[2026-08-27 12:40:50.534] [info]  [Auth] Account Junior_00 has multiplayer access and is not banned, proceeding with login...
[2026-08-27 12:40:50.556] [info]  [AssetServer] Found an existing connection... killing before starting a new one!
[2026-08-27 12:40:50.583] [info]  [AssetServer] No reconnect JWT available, going to Authenticator...
[2026-08-27 12:40:50.641] [info]  [AssetServer] Registered 42 push handlers
[2026-08-27 12:40:50.661] [info]  [Overwolf] Set cached OWAEH in Overwolf registry for aa35297e424044cb8b676659959d35eb
[2026-08-27 12:40:50.666] [info]  [Connection] Successfully initialized auth after connection resume!
[2026-08-27 12:40:50.716] [info]  [AssetServer] Connection closed! Code: 1000 - Reason: Bye
[2026-08-27 12:40:50.723] [info]  [AssetServer] Resetting stores...
[2026-08-27 12:40:50.730] [info]  [AssetServer] Reconnects are being prevented, skipping...
[2026-08-27 12:40:50.774] [info]  [Auth] [Authenticator] Getting Lunar Client Token for Junior_00 (aa35297e424044cb8b676659959d35eb). Initiator is LAUNCHER_WEBSOCKET
[2026-08-27 12:40:50.779] [info]  [Auth] [Authenticator] Found cached token for Junior_00 (aa35297e424044cb8b676659959d35eb), reusing it.
[2026-08-27 12:40:51.540] [info]  [AssetServer] Connection opened!
[2026-08-27 12:40:51.543] [info]  [AssetServer] Sending initial connection handshake
[2026-08-27 12:40:51.547] [info]  [AssetServer] Starting service logins in parallel...
[2026-08-27 12:40:51.629] [info]  [AssetServer] Received session ID: 3e4d1142-eb42-43ac-8eac-645d9db6e725
[2026-08-27 12:40:51.731] [info]  [Settings] Setting socials-visibility to 1...
[2026-08-27 12:40:51.814] [info]  [Settings] Setting default-screenshot-upload-privacy to 2...
[2026-08-27 12:40:51.856] [info]  [Settings] Setting incoming-gift-privacy to 1...
[2026-08-27 12:40:51.872] [info]  [Settings] Setting wrapped-leaderboard-visibility to 1...
[2026-08-27 12:40:51.895] [info]  [Settings] Setting cosmetic-ownership-visibility to 1...
[2026-08-27 12:40:51.945] [info]  [Settings] Setting allow-friend-requests to true...
[2026-08-27 12:40:51.971] [info]  [Settings] Setting last-seen-visibility to 1...
[2026-08-27 12:40:51.988] [info]  [Settings] Setting radio-playing-visibility to 1...
[2026-08-27 12:40:52.015] [info]  [Promotions] Corner promotion exempt? false
[2026-08-27 12:40:52.017] [info]  [AssetServer] Completed service logins!
[2026-08-27 12:41:41.313] [warn]  [Watchdog] Main process event loop stalled for ~1094ms (cpu: ~109ms)
[2026-08-27 12:42:06.999] [warn]  [Watchdog] Main process event loop stalled for ~1278ms (cpu: ~0ms)
[2026-08-27 12:42:16.324] [warn]  [Watchdog] Main process event loop stalled for ~1108ms (cpu: ~109ms)
[2026-08-27 12:44:43.261] [warn]  [Permissions] Denied 'background-sync' requested by: https://gum.criteo.com/
[2026-08-27 12:45:14.611] [warn]  [Permissions] Denied 'background-sync' requested by: https://gum.criteo.com/
[2026-08-27 12:45:15.125] [warn]  [Permissions] Denied 'background-sync' requested by: https://gum.criteo.com/
[2026-08-27 12:46:19.815] [warn]  [Permissions] Denied 'background-sync' requested by: https://gum.criteo.com/
[2026-08-27 12:46:31.174] [warn]  [Permissions] Denied 'background-sync' requested by: https://gum.criteo.com/
[2026-08-27 12:46:32.070] [warn]  [Permissions] Denied 'background-sync' requested by: https://gum.criteo.com/
[2026-08-27 12:50:33.842] [info]  [Updater] Checking for updates...
[2026-08-27 12:50:33.848] [info]           * Current Version: 3.7.16.12965
[2026-08-27 12:50:33.854] [info]           * Channel: latest-ow
[2026-08-27 12:50:33.857] [info]           * URL: https://launcherupdates.lunarclientcdn.com
[2026-08-27 12:50:33.860] [info]           * User Initiated: false
[2026-08-27 12:50:34.057] [info]  [Updater] No updates available.
[2026-08-27 12:50:34.062] [info]  [Updater] Update check returned a result... skipping: {"isUpdateAvailable":false,"versionInfo":{"version":"3.7.16-ow","files":[{"url":"Lunar Client v3.7.16-ow.exe","sha512":"K25vDcT8UO0xbMd4MX5URU+l33+vEILLkpsRkxPMYVfB+yP5gqHGuNWOOGgUOE0gH2g4j+1Mjo9AFnQDC35tng=="}],"path":"Lunar Client v3.7.16-ow.exe","sha512":"K25vDcT8UO0xbMd4MX5URU+l33+vEILLkpsRkxPMYVfB+yP5gqHGuNWOOGgUOE0gH2g4j+1Mjo9AFnQDC35tng==","packages":{"x64":{"size":112473965,"sha512":"f2R8yaxYfUc7t48Bk04LzCImKB27jTxQcAe6RAFE/2lMaHmhsNJCJ47S0XSDCCvUNJp5imIeKLPifHT4z+jt5g==","blockMapSize":116960,"path":"lunarclient-3.7.16-ow-x64.nsis.7z","file":"lunarclient-3.7.16-ow-x64.nsis.7z"}},"releaseDate":"2026-08-24T23:38:30.176Z"},"updateInfo":{"version":"3.7.16-ow","files":[{"url":"Lunar Client v3.7.16-ow.exe","sha512":"K25vDcT8UO0xbMd4MX5URU+l33+vEILLkpsRkxPMYVfB+yP5gqHGuNWOOGgUOE0gH2g4j+1Mjo9AFnQDC35tng=="}],"path":"Lunar Client v3.7.16-ow.exe","sha512":"K25vDcT8UO0xbMd4MX5URU+l33+vEILLkpsRkxPMYVfB+yP5gqHGuNWOOGgUOE0gH2g4j+1Mjo9AFnQDC35tng==","packages":{"x64":{"size":112473965,"sha512":"f2R8yaxYfUc7t48Bk04LzCImKB27jTxQcAe6RAFE/2lMaHmhsNJCJ47S0XSDCCvUNJp5imIeKLPifHT4z+jt5g==","blockMapSize":116960,"path":"lunarclient-3.7.16-ow-x64.nsis.7z","file":"lunarclient-3.7.16-ow-x64.nsis.7z"}},"releaseDate":"2026-08-24T23:38:30.176Z"}}
[2026-08-27 12:54:45.355] [warn]  [Permissions] Denied 'background-sync' requested by: https://imasdk.googleapis.com/
[2026-08-27 12:54:45.406] [warn]  [Permissions] Denied 'background-sync' requested by: https://imasdk.googleapis.com/
[2026-08-27 12:54:53.703] [warn]  [Permissions] Denied 'background-sync' requested by: 
[2026-08-27 12:56:06.618] [warn]  [Permissions] Denied 'background-sync' requested by: 
[2026-08-27 12:56:39.891] [warn]  [Permissions] Denied 'background-sync' requested by: 
[2026-08-27 12:57:13.193] [warn]  [Permissions] Denied 'background-sync' requested by: 
[2026-08-27 12:57:40.973] [warn]  [Permissions] Denied 'background-sync' requested by: 
[2026-08-27 12:58:11.578] [warn]  [Permissions] Denied 'background-sync' requested by: 
[2026-08-27 13:00:35.362] [info]  [Launch] Log file was truncated
[2026-08-27 13:02:15.542] [warn]  [Permissions] Denied 'background-sync' requested by: https://imasdk.googleapis.com/
[2026-08-27 13:02:27.310] [warn]  [Permissions] Denied 'background-sync' requested by: 
[2026-08-27 13:02:55.077] [warn]  [Permissions] Denied 'background-sync' requested by: 
[2026-08-27 13:03:32.270] [warn]  [Permissions] Denied 'background-sync' requested by: 
[2026-08-27 13:03:58.162] [warn]  [Permissions] Denied 'background-sync' requested by: https://aax-events-cell02-cf.us-west.3px.axp.amazon-adsystem.com/
[2026-08-27 13:05:33.891] [info]  [Updater] Checking for updates...
[2026-08-27 13:05:33.901] [info]           * Current Version: 3.7.16.12965
[2026-08-27 13:05:33.910] [info]           * Channel: latest-ow
[2026-08-27 13:05:33.915] [info]           * URL: https://launcherupdates.lunarclientcdn.com
[2026-08-27 13:05:33.926] [info]           * User Initiated: false
[2026-08-27 13:05:34.434] [info]  [Updater] No updates available.
[2026-08-27 13:05:34.438] [info]  [Updater] Update check returned a result... skipping: {"isUpdateAvailable":false,"versionInfo":{"version":"3.7.16-ow","files":[{"url":"Lunar Client v3.7.16-ow.exe","sha512":"K25vDcT8UO0xbMd4MX5URU+l33+vEILLkpsRkxPMYVfB+yP5gqHGuNWOOGgUOE0gH2g4j+1Mjo9AFnQDC35tng=="}],"path":"Lunar Client v3.7.16-ow.exe","sha512":"K25vDcT8UO0xbMd4MX5URU+l33+vEILLkpsRkxPMYVfB+yP5gqHGuNWOOGgUOE0gH2g4j+1Mjo9AFnQDC35tng==","packages":{"x64":{"size":112473965,"sha512":"f2R8yaxYfUc7t48Bk04LzCImKB27jTxQcAe6RAFE/2lMaHmhsNJCJ47S0XSDCCvUNJp5imIeKLPifHT4z+jt5g==","blockMapSize":116960,"path":"lunarclient-3.7.16-ow-x64.nsis.7z","file":"lunarclient-3.7.16-ow-x64.nsis.7z"}},"releaseDate":"2026-08-24T23:38:30.176Z"},"updateInfo":{"version":"3.7.16-ow","files":[{"url":"Lunar Client v3.7.16-ow.exe","sha512":"K25vDcT8UO0xbMd4MX5URU+l33+vEILLkpsRkxPMYVfB+yP5gqHGuNWOOGgUOE0gH2g4j+1Mjo9AFnQDC35tng=="}],"path":"Lunar Client v3.7.16-ow.exe","sha512":"K25vDcT8UO0xbMd4MX5URU+l33+vEILLkpsRkxPMYVfB+yP5gqHGuNWOOGgUOE0gH2g4j+1Mjo9AFnQDC35tng==","packages":{"x64":{"size":112473965,"sha512":"f2R8yaxYfUc7t48Bk04LzCImKB27jTxQcAe6RAFE/2lMaHmhsNJCJ47S0XSDCCvUNJp5imIeKLPifHT4z+jt5g==","blockMapSize":116960,"path":"lunarclient-3.7.16-ow-x64.nsis.7z","file":"lunarclient-3.7.16-ow-x64.nsis.7z"}},"releaseDate":"2026-08-24T23:38:30.176Z"}}
[2026-08-27 13:07:38.981] [warn]  [Permissions] Denied 'background-sync' requested by: https://gum.criteo.com/
[2026-08-27 13:07:51.560] [warn]  [Permissions] Denied 'background-sync' requested by: https://gum.criteo.com/
[2026-08-27 13:07:51.672] [warn]  [Permissions] Denied 'background-sync' requested by: https://gum.criteo.com/
[2026-08-27 13:07:56.919] [warn]  [Permissions] Denied 'background-sync' requested by: https://imasdk.googleapis.com/
[2026-08-27 13:08:48.086] [warn]  [Permissions] Denied 'background-sync' requested by: https://imasdk.googleapis.com/
[2026-08-27 13:11:16.173] [info]  [DiscordRP] Updating activity status...
[2026-08-27 13:11:22.794] [debug] [Window] [mission-control] Window closing...
[2026-08-27 13:11:41.872] [info]  [GameIPC] Client connection has closed. Launch ID: 2274adbb-0276-4076-a132-434ad6e67e39, Code: 1006, Reason: 
[2026-08-27 13:11:42.520] [info]  [Launch] JVM for launch session 2274adbb-0276-4076-a132-434ad6e67e39 has exited...
[2026-08-27 13:11:42.522] [info]           * Code: 0
[2026-08-27 13:11:42.681] [info]  [DiscordRP] Updating activity status...
[2026-08-27 13:11:42.689] [info]  [Launch] Game has been closed, resetting to ready...
[2026-08-27 13:11:42.743] [debug] [Window] [main] Window focused
[2026-08-27 13:11:47.468] [warn]  [Permissions] Denied 'background-sync' requested by: https://gum.criteo.com/
[2026-08-27 13:11:50.971] [debug] [Window] [main] Window closing...
[2026-08-27 13:11:50.996] [debug] [Window] [main] Window hidden
[2026-08-27 13:20:33.841] [info]  [Updater] Checking for updates...
[2026-08-27 13:20:33.843] [info]           * Current Version: 3.7.16.12965
[2026-08-27 13:20:33.846] [info]           * Channel: latest-ow
[2026-08-27 13:20:33.848] [info]           * URL: https://launcherupdates.lunarclientcdn.com
[2026-08-27 13:20:33.850] [info]           * User Initiated: false
[2026-08-27 13:20:35.044] [info]  [Updater] No updates available.
[2026-08-27 13:20:35.046] [info]  [Updater] Update check returned a result... skipping: {"isUpdateAvailable":false,"versionInfo":{"version":"3.7.16-ow","files":[{"url":"Lunar Client v3.7.16-ow.exe","sha512":"K25vDcT8UO0xbMd4MX5URU+l33+vEILLkpsRkxPMYVfB+yP5gqHGuNWOOGgUOE0gH2g4j+1Mjo9AFnQDC35tng=="}],"path":"Lunar Client v3.7.16-ow.exe","sha512":"K25vDcT8UO0xbMd4MX5URU+l33+vEILLkpsRkxPMYVfB+yP5gqHGuNWOOGgUOE0gH2g4j+1Mjo9AFnQDC35tng==","packages":{"x64":{"size":112473965,"sha512":"f2R8yaxYfUc7t48Bk04LzCImKB27jTxQcAe6RAFE/2lMaHmhsNJCJ47S0XSDCCvUNJp5imIeKLPifHT4z+jt5g==","blockMapSize":116960,"path":"lunarclient-3.7.16-ow-x64.nsis.7z","file":"lunarclient-3.7.16-ow-x64.nsis.7z"}},"releaseDate":"2026-08-24T23:38:30.176Z"},"updateInfo":{"version":"3.7.16-ow","files":[{"url":"Lunar Client v3.7.16-ow.exe","sha512":"K25vDcT8UO0xbMd4MX5URU+l33+vEILLkpsRkxPMYVfB+yP5gqHGuNWOOGgUOE0gH2g4j+1Mjo9AFnQDC35tng=="}],"path":"Lunar Client v3.7.16-ow.exe","sha512":"K25vDcT8UO0xbMd4MX5URU+l33+vEILLkpsRkxPMYVfB+yP5gqHGuNWOOGgUOE0gH2g4j+1Mjo9AFnQDC35tng==","packages":{"x64":{"size":112473965,"sha512":"f2R8yaxYfUc7t48Bk04LzCImKB27jTxQcAe6RAFE/2lMaHmhsNJCJ47S0XSDCCvUNJp5imIeKLPifHT4z+jt5g==","blockMapSize":116960,"path":"lunarclient-3.7.16-ow-x64.nsis.7z","file":"lunarclient-3.7.16-ow-x64.nsis.7z"}},"releaseDate":"2026-08-24T23:38:30.176Z"}}
[2026-08-27 13:24:06.301] [info]  [Electron] Starting application...
[2026-08-27 13:24:06.303] [info]  [Electron] Lunar Client directory permissions: 666
[2026-08-27 13:24:06.303] [info]  [Electron] Resources path: C:\Users\CARLOS_JR\AppData\Local\Programs\Lunar Client\resources
[2026-08-27 13:24:06.304] [info]  [Electron] Crashdumps path: C:\Users\CARLOS_JR\AppData\Roaming\lunarclient\Crashpad
[2026-08-27 13:24:06.309] [info]  [Electron] Launcher is running with standard permissions.
[2026-08-27 13:24:06.321] [info]  [Identifiers] Installation ID found, ID: bc6a3018-85a4-47b1-9ac9-b04a5a4cf48e
[2026-08-27 13:24:06.324] [info]  [Identifiers] Installation ID first seen at: 2026-07-31T15:25:34.410Z
[2026-08-27 13:24:06.325] [info]  [Electron] Overwolf MUID: 45bcb4ce-2aed-422f-843e-955bc85343b3
[2026-08-27 13:24:06.326] [info]  [Electron] Starting Lunar Client Launcher...
[2026-08-27 13:24:06.327] [info]           * Session ID: dd8447bc-0a8d-47cd-ab59-10ec9f1eba0a
[2026-08-27 13:24:06.327] [info]           * Operating System: win32 x64 10.0.26200
[2026-08-27 13:24:06.328] [info]           * Electron Version: 39.8.12 (Chrome v142.0.7444.265, Node v22.22.1)
[2026-08-27 13:24:06.329] [info]           * Binaries Type: @overwolf/ow-electron
[2026-08-27 13:24:06.329] [info]           * Version: 3.7.16
[2026-08-27 13:24:06.329] [info]           * Stream: latest-ow
[2026-08-27 13:24:06.330] [info]           * Branch: master
[2026-08-27 13:24:06.330] [info]           * Build Number: 12965
[2026-08-27 13:24:06.331] [info]           * Commit Hash: 218f614c33c57017dab2b661a5c3f019ed489648
[2026-08-27 13:24:06.331] [info]           * Short Commit Hash: 218f614
[2026-08-27 13:24:06.331] [info]           * Overwolf App UID: N/A
[2026-08-27 13:24:06.334] [info]  [Window] Second instance was detected, showing main window in primary...
[2026-08-27 13:24:06.355] [warn]  [Electron] Another instance of Lunar Client is already running... exiting.
[2026-08-27 13:24:06.375] [debug] [Window] [main] Window focused
[2026-08-27 13:24:07.622] [info]  [Profiles] Setting up logs configuration for Diosesmon Oficial at C:\Users\CARLOS_JR\.lunarclient\profiles\diosesmon-oficial\logs\config.xml...
[2026-08-27 13:24:07.630] [info]  [Launch] Starting new session (ID: 3451dd72-de55-45f8-9675-6e839fd44ae9)
[2026-08-27 13:24:07.635] [info]  [Launch] [Request] Starting check...
[2026-08-27 13:24:07.702] [warn]  [Permissions] Denied 'media' requested by: 
[2026-08-27 13:24:07.704] [warn]  [Permissions] Denied 'media' requested by: 
[2026-08-27 13:24:07.707] [warn]  [Permissions] Denied 'geolocation' requested by: 
[2026-08-27 13:24:07.708] [warn]  [Permissions] Denied 'window-management' requested by: 
[2026-08-27 13:24:07.734] [info]  [Window] [mission-control] Loading file: C:\Users\CARLOS_JR\AppData\Local\Programs\Lunar Client\resources\app.asar\dist\html\mission-control.html#undefined
[2026-08-27 13:24:07.741] [info]  [Window] Opening Mission Control on primary display (Display ID: 2623434305)...
[2026-08-27 13:24:07.930] [info]  [Launch] [Request] Finished check (295ms)
[2026-08-27 13:24:07.936] [info]  [Launch] [Parallel-stages] Starting check...
[2026-08-27 13:24:07.938] [info]  [Launch]   [Licenses] Starting check...
[2026-08-27 13:24:07.939] [info]  [Launch]   [Textures] Starting check...
[2026-08-27 13:24:07.941] [info]  [Launch]   [Assets] Starting check...
[2026-08-27 13:24:07.942] [info]  [Launch]   [Artifacts-and-natives] Starting check...
[2026-08-27 13:24:07.943] [info]  [Launch]   [Jre] Starting check...
[2026-08-27 13:24:07.945] [info]  [Launch]   [Ui] Starting check...
[2026-08-27 13:24:07.948] [info]  [Launch]     [Artifacts] Starting check...
[2026-08-27 13:24:07.949] [info]  [Launch]   [Jre] JRE folder permissions: 666
[2026-08-27 13:24:08.182] [info]  [Launch]   [Ui] Checking HKLM for VC++ Redistributable...
[2026-08-27 13:24:08.483] [info]  [Launch]   [Textures] Index is valid, using it...
[2026-08-27 13:24:08.500] [info]  [Launch] [Licenses] No new files needed, skipping download phase...
[2026-08-27 13:24:08.502] [info]  [Launch]   [Licenses] Finished check (564ms)
[2026-08-27 13:24:08.526] [info]  [Launch]   [Assets] Index is valid, using it...
[2026-08-27 13:24:08.732] [info]  [Launch]   [Ui] Found VC++ Redistributable version v14.50.35719.00
[2026-08-27 13:24:08.903] [info]  [Sentry] Initializing Sentry in mission-control renderer...
[2026-08-27 13:24:08.907] [info]           * DSN: https://2b19802000444b71b53899a26418c0ef@o923049.ingest.sentry.io/6029601
[2026-08-27 13:24:08.908] [info]           * Sample rate: 0.05
[2026-08-27 13:24:08.910] [info]           * Traces Sample rate: 0.01
[2026-08-27 13:24:08.911] [info]           * Debug: disabled
[2026-08-27 13:24:08.914] [info]           * ANR: disabled
[2026-08-27 13:24:08.915] [info]           * Environment: production
[2026-08-27 13:24:09.010] [warn]  [Permissions] Denied 'media' requested by: file:///
[2026-08-27 13:24:09.012] [warn]  [Permissions] Denied 'media' requested by: file:///
[2026-08-27 13:24:09.013] [warn]  [Permissions] Denied 'geolocation' requested by: file:///
[2026-08-27 13:24:09.014] [warn]  [Permissions] Denied 'window-management' requested by: file:///
[2026-08-27 13:24:09.225] [info]  [Launch]   [Ui] UI zip already downloaded and verified.
[2026-08-27 13:24:09.823] [info]  [Window] Renderer ready for window 'mission-control'
[2026-08-27 13:24:09.876] [debug] [Window] [mission-control] Window focused
[2026-08-27 13:24:10.555] [warn]  [Permissions] Denied 'media' requested by: file:///
[2026-08-27 13:24:10.557] [warn]  [Permissions] Denied 'media' requested by: file:///
[2026-08-27 13:24:10.558] [warn]  [Permissions] Denied 'geolocation' requested by: file:///
[2026-08-27 13:24:10.559] [warn]  [Permissions] Denied 'window-management' requested by: file:///
[2026-08-27 13:24:10.584] [warn]  [Permissions] Denied 'media' requested by: 
[2026-08-27 13:24:10.585] [warn]  [Permissions] Denied 'media' requested by: 
[2026-08-27 13:24:10.587] [warn]  [Permissions] Denied 'geolocation' requested by: 
[2026-08-27 13:24:10.588] [warn]  [Permissions] Denied 'window-management' requested by: 
[2026-08-27 13:24:10.598] [warn]  [Permissions] Denied 'media' requested by: file:///
[2026-08-27 13:24:10.599] [warn]  [Permissions] Denied 'media' requested by: file:///
[2026-08-27 13:24:10.601] [warn]  [Permissions] Denied 'geolocation' requested by: file:///
[2026-08-27 13:24:10.602] [warn]  [Permissions] Denied 'window-management' requested by: file:///
[2026-08-27 13:24:10.616] [warn]  [Permissions] Denied 'media' requested by: 
[2026-08-27 13:24:10.617] [warn]  [Permissions] Denied 'media' requested by: 
[2026-08-27 13:24:10.619] [warn]  [Permissions] Denied 'geolocation' requested by: 
[2026-08-27 13:24:10.621] [warn]  [Permissions] Denied 'window-management' requested by: 
[2026-08-27 13:24:10.628] [warn]  [Permissions] Denied 'media' requested by: file:///
[2026-08-27 13:24:10.629] [warn]  [Permissions] Denied 'media' requested by: file:///
[2026-08-27 13:24:10.630] [warn]  [Permissions] Denied 'geolocation' requested by: file:///
[2026-08-27 13:24:10.631] [warn]  [Permissions] Denied 'window-management' requested by: file:///
[2026-08-27 13:24:11.244] [info]  [Launch] [Textures] No new files needed, skipping download phase...
[2026-08-27 13:24:11.245] [info]  [Launch]   [Textures] Finished check (3306ms)
[2026-08-27 13:24:11.729] [warn]  [Permissions] Denied 'background-sync' requested by: https://gum.criteo.com/
[2026-08-27 13:24:12.680] [info]  [Launch] [Assets] No new files needed, skipping download phase...
[2026-08-27 13:24:12.682] [info]  [Launch]   [Assets] Finished check (4741ms)
[2026-08-27 13:24:12.691] [info]  [Launch]   [Ui] Zip contains 2 file entries.
[2026-08-27 13:24:12.696] [info]  [Launch]   [Ui] All 2 expected files are present.
[2026-08-27 13:24:12.697] [info]  [Launch]   [Ui] UI 7c408ec0c875ded4aaa94f426f3b31dcec957c5f already extracted, reusing.
[2026-08-27 13:24:12.707] [info]  [Launch]   [Ui] Index is valid, using it...
[2026-08-27 13:24:12.740] [info]  [Launch] [Ui] No new files needed, skipping download phase...
[2026-08-27 13:24:12.741] [info]  [Launch]   [Ui] Finished check (4796ms)
[2026-08-27 13:24:12.852] [info]  [Launch] [Artifacts] Starting download of 1 files...
[2026-08-27 13:24:12.854] [info]  [Launch] [Artifacts] All files queued for download. Waiting...
[2026-08-27 13:24:12.856] [info]  [Launch] [Artifacts] Attempting full download for C:\Users\CARLOS_JR\.lunarclient\offline\multiver\hypixel\skyblock\deployable-textures.json, differential not available.
[2026-08-27 13:24:13.011] [info]  [Launch] [Artifacts] Download complete.
[2026-08-27 13:24:13.013] [info]  [Launch]     [Artifacts] Finished check (5065ms)
[2026-08-27 13:24:13.014] [info]  [Launch]     [Natives] Starting check...
[2026-08-27 13:24:13.015] [info]  [Launch]     [Natives] Extracting 4 natives to C:\Users\CARLOS_JR\.lunarclient\offline\multiver\natives...
[2026-08-27 13:24:13.125] [info]  [Launch]   [Jre] No new files needed, skipping download phase...
[2026-08-27 13:24:13.126] [info]  [Launch]   [Jre] Unable to perform Windows JavaW fix (missing data), skipping...
[2026-08-27 13:24:13.127] [info]  [Launch]   [Jre] Performing JavaW integrity check...
[2026-08-27 13:24:13.129] [info]  [Launch]   [Jre] Current JavaW file permissions: 666
[2026-08-27 13:24:13.130] [info]  [Launch]   [Jre] Finished check (5187ms)
[2026-08-27 13:24:15.731] [info]  [Launch]     [Natives] Finished check (2717ms)
[2026-08-27 13:24:15.733] [info]  [Launch]   [Artifacts-and-natives] Finished check (7791ms)
[2026-08-27 13:24:15.734] [info]  [Launch] [Parallel-stages] Finished check (7798ms)
[2026-08-27 13:24:15.736] [info]  [Launch] [Jar-validation] Starting check...
[2026-08-27 13:24:15.737] [info]  [Launch] [Jar-validation] Validating jar files in C:\Users\CARLOS_JR\.lunarclient\profiles\diosesmon-oficial\mods...
[2026-08-27 13:24:15.747] [info]  [Launch] [Jar-validation] Found 174 jar file(s) to validate
[2026-08-27 13:24:16.031] [warn]  [Permissions] Denied 'background-sync' requested by: https://gum.criteo.com/
[2026-08-27 13:24:16.876] [warn]  [Permissions] Denied 'background-sync' requested by: https://gum.criteo.com/
[2026-08-27 13:24:17.846] [info]  [Launch] [Jar-validation] Validation complete: 174 valid, 0 invalid
[2026-08-27 13:24:17.847] [info]  [Launch] [Jar-validation] Finished check (2111ms)
[2026-08-27 13:24:18.780] [info]  [Settings] Setting mission-control-console-hidden-log-types to ["warning"]...
[2026-08-27 13:24:20.369] [info]  [Launch] Spawning JVM process with following configuration...
[2026-08-27 13:24:20.370] [info]           * Version: 1.21
[2026-08-27 13:24:20.371] [info]           * Subversion: 1.21.1
[2026-08-27 13:24:20.372] [info]           * Module: fabric
[2026-08-27 13:24:20.373] [info]           * Directory: C:\Users\CARLOS_JR\.lunarclient\profiles\diosesmon-oficial
[2026-08-27 13:24:20.374] [info]           * Resolution: 1920x1080
[2026-08-27 13:24:20.375] [info]           * Fullscreen?: false
[2026-08-27 13:24:20.376] [info]           * Memory: 3584MB
[2026-08-27 13:24:20.377] [info]           * Branch: master
[2026-08-27 13:24:20.378] [info]           * Quick Join: N/A
[2026-08-27 13:24:20.379] [info]           * Profile ID: 66e9766e-a0c3-4951-b7e4-c8946c428ff5
[2026-08-27 13:24:20.380] [info]           * Loader Version: automatic
[2026-08-27 13:24:20.380] [info]           * Custom JVM Arguments: N/A
[2026-08-27 13:24:20.381] [info]           * IPC Port: 28190
[2026-08-27 13:24:20.384] [info]           * Pre-launch Command: N/A
[2026-08-27 13:24:20.385] [info]           * Wrapper Command: N/A
[2026-08-27 13:24:20.386] [info]           * Post-exit Command: N/A
[2026-08-27 13:24:20.387] [info]           * Mods Directory: C:\Users\CARLOS_JR\.lunarclient\profiles\diosesmon-oficial\mods
[2026-08-27 13:24:20.390] [info]  [Launch] System properties: ["-Dlog4j2.formatMsgNoLookups=true","-DTrickNvidiaDriversForPerformance=' net.minecraft.client.main.Main '","-Dichor.filteredGenesisSentries=.*lcqt.*|.*Some of your mods are incompatible with the game or each other.*","-Dlunar.webosr.url=file:index.html","-Dichor.fabric.profileModPath=C:\\Users\\CARLOS_JR\\.lunarclient\\profiles\\diosesmon-oficial\\mods","-Djava.library.path=C:\\Users\\CARLOS_JR\\.lunarclient\\offline\\multiver\\natives","-Dlog4j.configurationFile=C:\\Users\\CARLOS_JR\\.lunarclient\\profiles\\diosesmon-oficial\\logs\\config.xml","-Dichor.logsFile=C:\\Users\\CARLOS_JR\\.lunarclient\\profiles\\diosesmon-oficial\\logs\\ichor-boot.log","-Dichor.usingIsolatedProfiles=true"]
[2026-08-27 13:24:20.414] [info]  [Launch] JVM process started with following outputs...
[2026-08-27 13:24:20.415] [info]           * PID: 8784
[2026-08-27 13:24:20.416] [info]           * Start Time: 27/8/2026, 1:24:20 p.m.
[2026-08-27 13:24:24.861] [info]  [Settings] Setting mission-control-console-hidden-log-types to ["warning","info"]...
[2026-08-27 13:24:27.734] [warn]  [Permissions] Denied 'background-sync' requested by: https://gum.criteo.com/
[2026-08-27 13:24:28.303] [warn]  [Permissions] Denied 'background-sync' requested by: https://gum.criteo.com/
[2026-08-27 13:24:31.506] [warn]  [Permissions] Denied 'background-sync' requested by: https://imasdk.googleapis.com/
[2026-08-27 13:24:40.431] [debug] [Window] [mission-control] Window focused
[2026-08-27 13:24:45.249] [warn]  [Permissions] Denied 'background-sync' requested by: https://gum.criteo.com/
[2026-08-27 13:24:46.051] [warn]  [Permissions] Denied 'background-sync' requested by: https://gum.criteo.com/
[2026-08-27 13:25:00.816] [debug] [Window] [mission-control] Window focused
[2026-08-27 13:25:04.009] [warn]  [Permissions] Denied 'background-sync' requested by: https://gum.criteo.com/
[2026-08-27 13:25:04.601] [warn]  [Permissions] Denied 'background-sync' requested by: https://gum.criteo.com/
[2026-08-27 13:25:27.246] [debug] [Window] [mission-control] Window focused
[2026-08-27 13:25:30.398] [warn]  [Permissions] Denied 'background-sync' requested by: https://gum.criteo.com/
[2026-08-27 13:25:30.778] [warn]  [Permissions] Denied 'background-sync' requested by: https://gum.criteo.com/
[2026-08-27 13:25:34.831] [info]  [Settings] Setting mission-control-console-hidden-log-types to ["warning"]...
[2026-08-27 13:25:38.004] [info]  [Settings] Setting mission-control-console-dividers to true...
[2026-08-27 13:25:41.822] [warn]  [Permissions] Denied 'background-sync' requested by: https://gum.criteo.com/
[2026-08-27 13:25:42.108] [warn]  [Permissions] Denied 'background-sync' requested by: https://gum.criteo.com/
[2026-08-27 13:25:42.552] [warn]  [Permissions] Denied 'background-sync' requested by: https://imasdk.googleapis.com/
[2026-08-27 13:26:21.697] [info]  [Window] Hiding all windows except mission-control...
[2026-08-27 13:26:21.754] [debug] [Window] [main] Window hidden
[2026-08-27 13:26:21.887] [info]  [Overwolf] [Overlay] Game launched, skipping injection because the feature is currently disabled
[2026-08-27 13:26:23.006] [info]  [Overwolf] [CRN] 'before-notification' event was fired
[2026-08-27 13:27:18.187] [info]  [GameIPC] Received handshake from headers!
[2026-08-27 13:27:18.201] [info]  [GameIPC] Registered 9 services
[2026-08-27 13:27:18.203] [info]  [GameIPC] No pending pushes to flush
[2026-08-27 13:27:34.109] [warn]  [Permissions] Denied 'background-sync' requested by: https://gum.criteo.com/
[2026-08-27 13:27:35.580] [warn]  [Permissions] Denied 'background-sync' requested by: https://gum.criteo.com/
[2026-08-27 13:27:41.680] [info]  [Launch] Starting log file polling
[2026-08-27 13:27:57.303] [warn]  [Permissions] Denied 'background-sync' requested by: https://gum.criteo.com/
[2026-08-27 13:31:59.628] [debug] [Window] [mission-control] Window focused
[2026-08-27 13:33:10.779] [info]  [DiscordRP] Updating activity status...
[2026-08-27 13:33:57.933] [info]  [DiscordRP] Updating activity status...
[2026-08-27 13:34:13.915] [info]  [GameIPC] Client connection has closed. Launch ID: 3451dd72-de55-45f8-9675-6e839fd44ae9, Code: 1006, Reason: 
[2026-08-27 13:34:14.434] [info]  [Launch] JVM for launch session 3451dd72-de55-45f8-9675-6e839fd44ae9 has exited...
[2026-08-27 13:34:14.435] [info]           * Code: 0
[2026-08-27 13:34:14.701] [info]  [DiscordRP] Updating activity status...
[2026-08-27 13:34:14.714] [info]  [Launch] Game has been closed, resetting to ready...
[2026-08-27 13:34:14.785] [debug] [Window] [main] Window focused
[2026-08-27 13:34:19.125] [debug] [Window] [main] Window closing...
[2026-08-27 13:34:19.145] [debug] [Window] [main] Window hidden
[2026-08-27 13:34:20.165] [warn]  [Permissions] Denied 'background-sync' requested by: https://gum.criteo.com/
[2026-08-27 13:35:33.856] [info]  [Updater] Checking for updates...
[2026-08-27 13:35:33.857] [info]           * Current Version: 3.7.16.12965
[2026-08-27 13:35:33.858] [info]           * Channel: latest-ow
[2026-08-27 13:35:33.859] [info]           * URL: https://launcherupdates.lunarclientcdn.com
[2026-08-27 13:35:33.861] [info]           * User Initiated: false
[2026-08-27 13:35:35.020] [info]  [Updater] No updates available.
[2026-08-27 13:35:35.022] [info]  [Updater] Update check returned a result... skipping: {"isUpdateAvailable":false,"versionInfo":{"version":"3.7.16-ow","files":[{"url":"Lunar Client v3.7.16-ow.exe","sha512":"K25vDcT8UO0xbMd4MX5URU+l33+vEILLkpsRkxPMYVfB+yP5gqHGuNWOOGgUOE0gH2g4j+1Mjo9AFnQDC35tng=="}],"path":"Lunar Client v3.7.16-ow.exe","sha512":"K25vDcT8UO0xbMd4MX5URU+l33+vEILLkpsRkxPMYVfB+yP5gqHGuNWOOGgUOE0gH2g4j+1Mjo9AFnQDC35tng==","packages":{"x64":{"size":112473965,"sha512":"f2R8yaxYfUc7t48Bk04LzCImKB27jTxQcAe6RAFE/2lMaHmhsNJCJ47S0XSDCCvUNJp5imIeKLPifHT4z+jt5g==","blockMapSize":116960,"path":"lunarclient-3.7.16-ow-x64.nsis.7z","file":"lunarclient-3.7.16-ow-x64.nsis.7z"}},"releaseDate":"2026-08-24T23:38:30.176Z"},"updateInfo":{"version":"3.7.16-ow","files":[{"url":"Lunar Client v3.7.16-ow.exe","sha512":"K25vDcT8UO0xbMd4MX5URU+l33+vEILLkpsRkxPMYVfB+yP5gqHGuNWOOGgUOE0gH2g4j+1Mjo9AFnQDC35tng=="}],"path":"Lunar Client v3.7.16-ow.exe","sha512":"K25vDcT8UO0xbMd4MX5URU+l33+vEILLkpsRkxPMYVfB+yP5gqHGuNWOOGgUOE0gH2g4j+1Mjo9AFnQDC35tng==","packages":{"x64":{"size":112473965,"sha512":"f2R8yaxYfUc7t48Bk04LzCImKB27jTxQcAe6RAFE/2lMaHmhsNJCJ47S0XSDCCvUNJp5imIeKLPifHT4z+jt5g==","blockMapSize":116960,"path":"lunarclient-3.7.16-ow-x64.nsis.7z","file":"lunarclient-3.7.16-ow-x64.nsis.7z"}},"releaseDate":"2026-08-24T23:38:30.176Z"}}
[2026-08-27 13:36:44.674] [debug] [Window] [mission-control] Window focused
[2026-08-27 13:36:46.934] [debug] [Window] [mission-control] Window closing...
[2026-08-27 13:50:33.895] [info]  [Updater] Checking for updates...
[2026-08-27 13:50:33.898] [info]           * Current Version: 3.7.16.12965
[2026-08-27 13:50:33.901] [info]           * Channel: latest-ow
[2026-08-27 13:50:33.902] [info]           * URL: https://launcherupdates.lunarclientcdn.com
[2026-08-27 13:50:33.904] [info]           * User Initiated: false
[2026-08-27 13:50:34.080] [info]  [Updater] No updates available.
[2026-08-27 13:50:34.082] [info]  [Updater] Update check returned a result... skipping: {"isUpdateAvailable":false,"versionInfo":{"version":"3.7.16-ow","files":[{"url":"Lunar Client v3.7.16-ow.exe","sha512":"K25vDcT8UO0xbMd4MX5URU+l33+vEILLkpsRkxPMYVfB+yP5gqHGuNWOOGgUOE0gH2g4j+1Mjo9AFnQDC35tng=="}],"path":"Lunar Client v3.7.16-ow.exe","sha512":"K25vDcT8UO0xbMd4MX5URU+l33+vEILLkpsRkxPMYVfB+yP5gqHGuNWOOGgUOE0gH2g4j+1Mjo9AFnQDC35tng==","packages":{"x64":{"size":112473965,"sha512":"f2R8yaxYfUc7t48Bk04LzCImKB27jTxQcAe6RAFE/2lMaHmhsNJCJ47S0XSDCCvUNJp5imIeKLPifHT4z+jt5g==","blockMapSize":116960,"path":"lunarclient-3.7.16-ow-x64.nsis.7z","file":"lunarclient-3.7.16-ow-x64.nsis.7z"}},"releaseDate":"2026-08-24T23:38:30.176Z"},"updateInfo":{"version":"3.7.16-ow","files":[{"url":"Lunar Client v3.7.16-ow.exe","sha512":"K25vDcT8UO0xbMd4MX5URU+l33+vEILLkpsRkxPMYVfB+yP5gqHGuNWOOGgUOE0gH2g4j+1Mjo9AFnQDC35tng=="}],"path":"Lunar Client v3.7.16-ow.exe","sha512":"K25vDcT8UO0xbMd4MX5URU+l33+vEILLkpsRkxPMYVfB+yP5gqHGuNWOOGgUOE0gH2g4j+1Mjo9AFnQDC35tng==","packages":{"x64":{"size":112473965,"sha512":"f2R8yaxYfUc7t48Bk04LzCImKB27jTxQcAe6RAFE/2lMaHmhsNJCJ47S0XSDCCvUNJp5imIeKLPifHT4z+jt5g==","blockMapSize":116960,"path":"lunarclient-3.7.16-ow-x64.nsis.7z","file":"lunarclient-3.7.16-ow-x64.nsis.7z"}},"releaseDate":"2026-08-24T23:38:30.176Z"}}
[2026-08-27 13:57:45.789] [info]  [Overwolf] [Overlay] Game launched, skipping injection because the feature is currently disabled
[2026-08-27 13:57:48.531] [info]  [Overwolf] [CRN] 'before-notification' event was fired
[2026-08-27 13:59:57.474] [info]  [Overwolf] [Overlay] Game launched, skipping injection because the feature is currently disabled
[2026-08-27 13:59:58.134] [info]  [Overwolf] [CRN] 'before-notification' event was fired
[2026-08-27 14:01:12.493] [info]  [Electron] Starting application...
[2026-08-27 14:01:12.495] [info]  [Electron] Lunar Client directory permissions: 666
[2026-08-27 14:01:12.496] [info]  [Electron] Resources path: C:\Users\CARLOS_JR\AppData\Local\Programs\Lunar Client\resources
[2026-08-27 14:01:12.497] [info]  [Electron] Crashdumps path: C:\Users\CARLOS_JR\AppData\Roaming\lunarclient\Crashpad
[2026-08-27 14:01:12.503] [info]  [Electron] Launcher is running with standard permissions.
[2026-08-27 14:01:12.515] [info]  [Identifiers] Installation ID found, ID: bc6a3018-85a4-47b1-9ac9-b04a5a4cf48e
[2026-08-27 14:01:12.518] [info]  [Identifiers] Installation ID first seen at: 2026-07-31T15:25:34.410Z
[2026-08-27 14:01:12.519] [info]  [Electron] Overwolf MUID: 45bcb4ce-2aed-422f-843e-955bc85343b3
[2026-08-27 14:01:12.520] [info]  [Electron] Starting Lunar Client Launcher...
[2026-08-27 14:01:12.521] [info]           * Session ID: a1c6240f-6373-4a8e-85a8-4c0eb78b3f12
[2026-08-27 14:01:12.522] [info]           * Operating System: win32 x64 10.0.26200
[2026-08-27 14:01:12.522] [info]           * Electron Version: 39.8.12 (Chrome v142.0.7444.265, Node v22.22.1)
[2026-08-27 14:01:12.523] [info]           * Binaries Type: @overwolf/ow-electron
[2026-08-27 14:01:12.523] [info]           * Version: 3.7.16
[2026-08-27 14:01:12.523] [info]           * Stream: latest-ow
[2026-08-27 14:01:12.524] [info]           * Branch: master
[2026-08-27 14:01:12.524] [info]           * Build Number: 12965
[2026-08-27 14:01:12.525] [info]           * Commit Hash: 218f614c33c57017dab2b661a5c3f019ed489648
[2026-08-27 14:01:12.525] [info]           * Short Commit Hash: 218f614
[2026-08-27 14:01:12.526] [info]           * Overwolf App UID: N/A
[2026-08-27 14:01:12.536] [info]  [Window] Second instance was detected, showing main window in primary...
[2026-08-27 14:01:12.615] [warn]  [Electron] Another instance of Lunar Client is already running... exiting.
[2026-08-27 14:01:12.645] [debug] [Window] [main] Window focused
[2026-08-27 14:01:15.584] [info]  [Window] Rewriting /versions to /versions/modpacks...
[2026-08-27 14:01:15.619] [warn]  [Permissions] Denied 'media' requested by: file:///
[2026-08-27 14:01:15.620] [warn]  [Permissions] Denied 'media' requested by: file:///
[2026-08-27 14:01:15.621] [warn]  [Permissions] Denied 'geolocation' requested by: file:///
[2026-08-27 14:01:15.622] [warn]  [Permissions] Denied 'window-management' requested by: file:///
[2026-08-27 14:01:16.460] [error] [Window] [main] [Console] Access to image at 'lc-asset://profile/67380c89-129f-43ea-96eb-7cd979e24a9a/icon?v=1779236756725.953' from origin 'file://' has been blocked by CORS policy: Cross origin requests are only supported for protocol schemes: chrome, chrome-extension, chrome-untrusted, data, http, https, sentry-ipc.
[2026-08-27 14:01:16.463] [error] [Window] [main] [Console] Access to image at 'lc-asset://profile/ca09900b-3645-4e81-8129-aa5e00073a6a/icon?v=1778521797761.5867' from origin 'file://' has been blocked by CORS policy: Cross origin requests are only supported for protocol schemes: chrome, chrome-extension, chrome-untrusted, data, http, https, sentry-ipc.
[2026-08-27 14:01:17.749] [info]  [Settings] Setting launcher-resolution-main to {"width":1400,"height":800,"maximized":true}...
[2026-08-27 14:01:17.783] [info]  [Settings] Setting launcher-resolution-main to {"width":1400,"height":800,"maximized":true,"fullscreen":false}...
[2026-08-27 14:01:24.932] [info]  [Profiles] Read 74 jars for profile Diosesmon Oficial (ID: 66e9766e-a0c3-4951-b7e4-c8946c428ff5, Type: user-modpack, Game Version: 1.21.1):
[2026-08-27 14:01:24.934] [info]           * BadOptimizations v2.4.1: Enabled
[2026-08-27 14:01:24.935] [info]           * Better Fullscreen v2.3.0: Enabled
[2026-08-27 14:01:24.936] [info]           * Better Third Person v1.9.0: Enabled
[2026-08-27 14:01:24.937] [info]           * CobbleFurnies v1.1: Enabled
[2026-08-27 14:01:24.938] [info]           * CobbledollarDummy v1.0.0: Enabled
[2026-08-27 14:01:24.939] [info]           * Cobblemon v1.7.3+1.21.1: Enabled
[2026-08-27 14:01:24.940] [info]           * CobblemonSizeVariation v1.4.0: Enabled
[2026-08-27 14:01:24.940] [info]           * Cobblemon Trials Edition v1.3.1: Enabled
[2026-08-27 14:01:24.941] [info]           * Cobblepedia v0.7.1: Enabled
[2026-08-27 14:01:24.942] [info]           * CraftTweaker v21.0.38: Enabled
[2026-08-27 14:01:24.943] [info]           * CreativeCore v2.13.37: Enabled
[2026-08-27 14:01:24.944] [info]           * Forge Config API Port v21.1.6: Enabled
[2026-08-27 14:01:24.945] [info]           * Iceberg v1.3.2: Enabled
[2026-08-27 14:01:24.946] [info]           * ImmediatelyFast v1.6.10+1.21.1: Enabled
[2026-08-27 14:01:24.946] [info]           * Ixeris v3.8.6+1.21.1-fabric: Enabled
[2026-08-27 14:01:24.947] [info]           * Jade v15.10.5+fabric: Enabled
[2026-08-27 14:01:24.948] [info]           * Jade Addons v6.0.3+fabric: Enabled
[2026-08-27 14:01:24.949] [info]           * JeiTweaker v8.0: Enabled
[2026-08-27 14:01:24.949] [info]           * MoreCobblemonTweaks v1.3.3: Enabled
[2026-08-27 14:01:24.950] [info]           * MossyLib v1.1.0+1.21.1+fabric: Enabled
[2026-08-27 14:01:24.951] [info]           * Mouse Tweaks v2.26: Enabled
[2026-08-27 14:01:24.952] [info]           * No Chat Reports v1.21.1-v2.9.1: Enabled
[2026-08-27 14:01:24.953] [info]           * OctoLib v0.6.1: Enabled
[2026-08-27 14:01:24.954] [info]           * Patchouli v1.21.1-93-FABRIC: Enabled
[2026-08-27 14:01:24.954] [info]           * root project 'Prism' v1.0.11: Enabled
[2026-08-27 14:01:24.955] [info]           * ScalableLux v0.1.0.1+fabric.d0d58ab: Enabled
[2026-08-27 14:01:24.956] [info]           * SimpleTMs v2.3.3: Enabled
[2026-08-27 14:01:24.956] [info]           * Too Many Entities v1.2.0: Enabled
[2026-08-27 14:01:24.957] [info]           * Too Many Players v1.21-1.1.5: Enabled
[2026-08-27 14:01:24.958] [info]           * Accessories v1.1.0-beta.53+1.21.1: Enabled
[2026-08-27 14:01:24.959] [info]           * Architectury v13.0.8: Enabled
[2026-08-27 14:01:24.960] [info]           * Athena v4.0.2: Enabled
[2026-08-27 14:01:24.960] [info]           * Advanced Wall Climber API v1.0.2: Enabled
[2026-08-27 14:01:24.961] [info]           * CinematicZoom v0.8.0: Enabled
[2026-08-27 14:01:24.962] [info]           * Cloth Config v15 v15.0.140: Enabled
[2026-08-27 14:01:24.963] [info]           * Cobblemon Additions v4.3.0: Enabled
[2026-08-27 14:01:24.963] [info]           * Cobblemon Battle Extras v1.13.45: Enabled
[2026-08-27 14:01:24.964] [info]           * Cobblemon Challenge v2.4.0: Enabled
[2026-08-27 14:01:24.965] [info]           * Cobblenav v2.3.3: Enabled
[2026-08-27 14:01:24.966] [info]           * CobbleSort v1.0.1: Enabled
[2026-08-27 14:01:24.967] [info]           * Diosesmon Client v1.7.6: Enabled
[2026-08-27 14:01:24.968] [info]           * Emotecraft v2.4.12: Enabled
[2026-08-27 14:01:24.969] [info]           * Enhanced Block Entities v0.10.2+1.21: Enabled
[2026-08-27 14:01:24.969] [info]           * EntityCulling v1.10.5: Enabled
[2026-08-27 14:01:24.970] [info]           * Fabric API v0.116.11+1.21.1: Enabled
[2026-08-27 14:01:24.971] [info]           * Fabric Language Kotlin v1.13.11+kotlin.2.3.21: Enabled
[2026-08-27 14:01:24.972] [info]           * Fast IP Ping v1.0.11: Enabled
[2026-08-27 14:01:24.972] [info]           * FerriteCore v7.0.3: Enabled
[2026-08-27 14:01:24.973] [info]           * Cobblemon Fight or Flight Fabric v0.10.7: Enabled
[2026-08-27 14:01:24.974] [info]           * Fzzy Config v0.7.6+1.21: Enabled
[2026-08-27 14:01:24.975] [info]           * GeckoLib 4 v4.8.4: Enabled
[2026-08-27 14:01:24.975] [info]           * Just Enough Items v19.27.0.340: Enabled
[2026-08-27 14:01:24.976] [info]           * Krypton v0.2.8: Enabled
[2026-08-27 14:01:24.977] [info]           * Language Reload v1.7.6+1.21.1: Enabled
[2026-08-27 14:01:24.977] [info]           * Lithium v0.15.3+mc1.21.1: Enabled
[2026-08-27 14:01:24.978] [info]           * Cobblemon:Mega Showdown v1.8.2+1.7.3+1.21.1-hotfix: Enabled
[2026-08-27 14:01:24.979] [info]           * ModernFix v5.25.1+mc1.21.1: Enabled
[2026-08-27 14:01:24.979] [info]           * Mod Menu v11.0.4: Enabled
[2026-08-27 14:01:24.980] [info]           * More Culling v1.0.7: Enabled
[2026-08-27 14:01:24.981] [info]           * Noxesium v2.3.3+d22848f: Enabled
[2026-08-27 14:01:24.983] [info]           * oωo v0.12.15.4+1.21: Enabled
[2026-08-27 14:01:24.984] [info]           * Packet Fixer v3.3.1: Enabled
[2026-08-27 14:01:24.985] [info]           * Placeholder API v2.4.2+1.21: Enabled
[2026-08-27 14:01:24.986] [info]           * Reese's Sodium Options v1.8.3+mc1.21.4: Enabled
[2026-08-27 14:01:24.987] [info]           * Shulker Box Tooltip v5.1.9+1.21.1: Enabled
[2026-08-27 14:01:24.989] [info]           * Sodium Extra v0.6.0+mc1.21.1: Enabled
[2026-08-27 14:01:24.990] [info]           * Sodium v0.6.13+mc1.21.1: Enabled
[2026-08-27 14:01:24.991] [info]           * ThreadTweak v0.1.5+mc1.21.1: Enabled
[2026-08-27 14:01:24.992] [info]           * ToggleNametags v2.1.1: Enabled
[2026-08-27 14:01:24.993] [info]           * Vanillin v1.1.3+1.21.1: Enabled
[2026-08-27 14:01:24.994] [info]           * Very Many Players v0.2.0+beta.7.172+1.21.1: Enabled
[2026-08-27 14:01:24.995] [info]           * Xaero's Minimap v26.4.2: Enabled
[2026-08-27 14:01:24.997] [info]           * Xaero's World Map v1.44.2: Enabled
[2026-08-27 14:01:24.997] [info]           * zamega v1.7.3: Enabled
[2026-08-27 14:01:29.016] [debug] [Window] [main] Window focused
[2026-08-27 14:04:01.925] [info]  [Overwolf] [Overlay] Game launched, skipping injection because the feature is currently disabled
[2026-08-27 14:04:02.614] [info]  [Overwolf] [CRN] 'before-notification' event was fired
[2026-08-27 14:05:09.335] [info]  [Overwolf] [Overlay] Game launched, skipping injection because the feature is currently disabled
[2026-08-27 14:05:10.541] [info]  [Overwolf] [CRN] 'before-notification' event was fired
[2026-08-27 14:05:33.895] [info]  [Updater] Checking for updates...
[2026-08-27 14:05:33.896] [info]           * Current Version: 3.7.16.12965
[2026-08-27 14:05:33.898] [info]           * Channel: latest-ow
[2026-08-27 14:05:33.899] [info]           * URL: https://launcherupdates.lunarclientcdn.com
[2026-08-27 14:05:33.900] [info]           * User Initiated: false
[2026-08-27 14:05:34.088] [info]  [Updater] No updates available.
[2026-08-27 14:05:34.089] [info]  [Updater] Update check returned a result... skipping: {"isUpdateAvailable":false,"versionInfo":{"version":"3.7.16-ow","files":[{"url":"Lunar Client v3.7.16-ow.exe","sha512":"K25vDcT8UO0xbMd4MX5URU+l33+vEILLkpsRkxPMYVfB+yP5gqHGuNWOOGgUOE0gH2g4j+1Mjo9AFnQDC35tng=="}],"path":"Lunar Client v3.7.16-ow.exe","sha512":"K25vDcT8UO0xbMd4MX5URU+l33+vEILLkpsRkxPMYVfB+yP5gqHGuNWOOGgUOE0gH2g4j+1Mjo9AFnQDC35tng==","packages":{"x64":{"size":112473965,"sha512":"f2R8yaxYfUc7t48Bk04LzCImKB27jTxQcAe6RAFE/2lMaHmhsNJCJ47S0XSDCCvUNJp5imIeKLPifHT4z+jt5g==","blockMapSize":116960,"path":"lunarclient-3.7.16-ow-x64.nsis.7z","file":"lunarclient-3.7.16-ow-x64.nsis.7z"}},"releaseDate":"2026-08-24T23:38:30.176Z"},"updateInfo":{"version":"3.7.16-ow","files":[{"url":"Lunar Client v3.7.16-ow.exe","sha512":"K25vDcT8UO0xbMd4MX5URU+l33+vEILLkpsRkxPMYVfB+yP5gqHGuNWOOGgUOE0gH2g4j+1Mjo9AFnQDC35tng=="}],"path":"Lunar Client v3.7.16-ow.exe","sha512":"K25vDcT8UO0xbMd4MX5URU+l33+vEILLkpsRkxPMYVfB+yP5gqHGuNWOOGgUOE0gH2g4j+1Mjo9AFnQDC35tng==","packages":{"x64":{"size":112473965,"sha512":"f2R8yaxYfUc7t48Bk04LzCImKB27jTxQcAe6RAFE/2lMaHmhsNJCJ47S0XSDCCvUNJp5imIeKLPifHT4z+jt5g==","blockMapSize":116960,"path":"lunarclient-3.7.16-ow-x64.nsis.7z","file":"lunarclient-3.7.16-ow-x64.nsis.7z"}},"releaseDate":"2026-08-24T23:38:30.176Z"}}
[2026-08-27 14:07:57.037] [debug] [Window] [main] Window focused
[2026-08-27 14:07:59.424] [warn]  [Permissions] Denied 'media' requested by: file:///
[2026-08-27 14:07:59.425] [warn]  [Permissions] Denied 'media' requested by: file:///
[2026-08-27 14:07:59.426] [warn]  [Permissions] Denied 'geolocation' requested by: file:///
[2026-08-27 14:07:59.426] [warn]  [Permissions] Denied 'window-management' requested by: file:///
[2026-08-27 14:07:59.803] [warn]  [Permissions] Denied 'media' requested by: file:///
[2026-08-27 14:07:59.804] [warn]  [Permissions] Denied 'media' requested by: file:///
[2026-08-27 14:07:59.806] [warn]  [Permissions] Denied 'geolocation' requested by: file:///
[2026-08-27 14:07:59.807] [warn]  [Permissions] Denied 'window-management' requested by: file:///
[2026-08-27 14:07:59.882] [warn]  [Permissions] Denied 'media' requested by: 
[2026-08-27 14:07:59.883] [warn]  [Permissions] Denied 'media' requested by: 
[2026-08-27 14:07:59.884] [warn]  [Permissions] Denied 'geolocation' requested by: 
[2026-08-27 14:07:59.885] [warn]  [Permissions] Denied 'window-management' requested by: 
[2026-08-27 14:08:04.838] [warn]  [Permissions] Denied 'background-sync' requested by: https://gum.criteo.com/
[2026-08-27 14:08:19.017] [info]  [Window] Rewriting /versions to /versions/modpacks...
[2026-08-27 14:08:19.023] [warn]  [Permissions] Denied 'media' requested by: file:///
[2026-08-27 14:08:19.025] [warn]  [Permissions] Denied 'media' requested by: file:///
[2026-08-27 14:08:19.026] [warn]  [Permissions] Denied 'geolocation' requested by: file:///
[2026-08-27 14:08:19.028] [warn]  [Permissions] Denied 'window-management' requested by: file:///
[2026-08-27 14:08:19.431] [error] [Window] [main] [Console] Access to image at 'lc-asset://profile/67380c89-129f-43ea-96eb-7cd979e24a9a/icon?v=1779236756725.953' from origin 'file://' has been blocked by CORS policy: Cross origin requests are only supported for protocol schemes: chrome, chrome-extension, chrome-untrusted, data, http, https, sentry-ipc.
[2026-08-27 14:08:19.434] [error] [Window] [main] [Console] Access to image at 'lc-asset://profile/ca09900b-3645-4e81-8129-aa5e00073a6a/icon?v=1778521797761.5867' from origin 'file://' has been blocked by CORS policy: Cross origin requests are only supported for protocol schemes: chrome, chrome-extension, chrome-untrusted, data, http, https, sentry-ipc.
[2026-08-27 14:08:19.955] [warn]  [Permissions] Denied 'media' requested by: file:///
[2026-08-27 14:08:19.956] [warn]  [Permissions] Denied 'media' requested by: file:///
[2026-08-27 14:08:19.958] [warn]  [Permissions] Denied 'geolocation' requested by: file:///
[2026-08-27 14:08:19.959] [warn]  [Permissions] Denied 'window-management' requested by: file:///
[2026-08-27 14:08:20.266] [warn]  [Permissions] Denied 'media' requested by: file:///
[2026-08-27 14:08:20.267] [warn]  [Permissions] Denied 'media' requested by: file:///
[2026-08-27 14:08:20.268] [warn]  [Permissions] Denied 'geolocation' requested by: file:///
[2026-08-27 14:08:20.269] [warn]  [Permissions] Denied 'window-management' requested by: file:///
[2026-08-27 14:08:20.283] [warn]  [Permissions] Denied 'media' requested by: 
[2026-08-27 14:08:20.284] [warn]  [Permissions] Denied 'media' requested by: 
[2026-08-27 14:08:20.286] [warn]  [Permissions] Denied 'geolocation' requested by: 
[2026-08-27 14:08:20.287] [warn]  [Permissions] Denied 'window-management' requested by: 
[2026-08-27 14:08:21.971] [info]  [Profiles] Loaded 8 resource packs for profile Diosesmon Oficial (ID: 66e9766e-a0c3-4951-b7e4-c8946c428ff5).
[2026-08-27 14:08:24.056] [warn]  [Permissions] Denied 'background-sync' requested by: https://gum.criteo.com/
[2026-08-27 14:08:26.526] [warn]  [Permissions] Denied 'media' requested by: file:///
[2026-08-27 14:08:26.527] [warn]  [Permissions] Denied 'media' requested by: file:///
[2026-08-27 14:08:26.528] [warn]  [Permissions] Denied 'geolocation' requested by: file:///
[2026-08-27 14:08:26.529] [warn]  [Permissions] Denied 'window-management' requested by: file:///
[2026-08-27 14:08:26.532] [info]  [Settings] Setting explore-provider to "curseforge"...
[2026-08-27 14:08:26.601] [warn]  [Permissions] Denied 'media' requested by: file:///
[2026-08-27 14:08:26.602] [warn]  [Permissions] Denied 'media' requested by: file:///
[2026-08-27 14:08:26.602] [warn]  [Permissions] Denied 'geolocation' requested by: file:///
[2026-08-27 14:08:26.603] [warn]  [Permissions] Denied 'window-management' requested by: file:///
[2026-08-27 14:08:27.438] [warn]  [Permissions] Denied 'media' requested by: file:///
[2026-08-27 14:08:27.439] [warn]  [Permissions] Denied 'media' requested by: file:///
[2026-08-27 14:08:27.440] [warn]  [Permissions] Denied 'geolocation' requested by: file:///
[2026-08-27 14:08:27.441] [warn]  [Permissions] Denied 'window-management' requested by: file:///
[2026-08-27 14:08:27.445] [info]  [Settings] Setting explore-provider to "modrinth"...
[2026-08-27 14:08:27.670] [warn]  [Permissions] Denied 'media' requested by: file:///
[2026-08-27 14:08:27.671] [warn]  [Permissions] Denied 'media' requested by: file:///
[2026-08-27 14:08:27.672] [warn]  [Permissions] Denied 'geolocation' requested by: file:///
[2026-08-27 14:08:27.673] [warn]  [Permissions] Denied 'window-management' requested by: file:///
[2026-08-27 14:08:28.646] [info]  [Profiles] Loaded 8 resource packs for profile Diosesmon Oficial (ID: 66e9766e-a0c3-4951-b7e4-c8946c428ff5).
[2026-08-27 14:08:29.382] [info]  [Profiles] Loaded 8 resource packs for profile Diosesmon Oficial (ID: 66e9766e-a0c3-4951-b7e4-c8946c428ff5).
[2026-08-27 14:08:29.981] [warn]  [Permissions] Denied 'media' requested by: file:///
[2026-08-27 14:08:29.982] [warn]  [Permissions] Denied 'media' requested by: file:///
[2026-08-27 14:08:29.983] [warn]  [Permissions] Denied 'geolocation' requested by: file:///
[2026-08-27 14:08:29.984] [warn]  [Permissions] Denied 'window-management' requested by: file:///
[2026-08-27 14:08:29.987] [info]  [Settings] Setting explore-provider to "modrinth"...
[2026-08-27 14:08:30.868] [warn]  [Permissions] Denied 'media' requested by: file:///
[2026-08-27 14:08:30.869] [warn]  [Permissions] Denied 'media' requested by: file:///
[2026-08-27 14:08:30.870] [warn]  [Permissions] Denied 'geolocation' requested by: file:///
[2026-08-27 14:08:30.870] [warn]  [Permissions] Denied 'window-management' requested by: file:///
[2026-08-27 14:08:30.873] [info]  [Settings] Setting explore-provider to "curseforge"...
[2026-08-27 14:08:31.150] [warn]  [Permissions] Denied 'media' requested by: file:///
[2026-08-27 14:08:31.151] [warn]  [Permissions] Denied 'media' requested by: file:///
[2026-08-27 14:08:31.152] [warn]  [Permissions] Denied 'geolocation' requested by: file:///
[2026-08-27 14:08:31.153] [warn]  [Permissions] Denied 'window-management' requested by: file:///
[2026-08-27 14:08:31.680] [warn]  [Permissions] Denied 'media' requested by: file:///
[2026-08-27 14:08:31.681] [warn]  [Permissions] Denied 'media' requested by: file:///
[2026-08-27 14:08:31.682] [warn]  [Permissions] Denied 'geolocation' requested by: file:///
[2026-08-27 14:08:31.683] [warn]  [Permissions] Denied 'window-management' requested by: file:///
[2026-08-27 14:08:31.687] [info]  [Settings] Setting explore-provider to "modrinth"...
[2026-08-27 14:08:32.037] [warn]  [Permissions] Denied 'media' requested by: file:///
[2026-08-27 14:08:32.038] [warn]  [Permissions] Denied 'media' requested by: file:///
[2026-08-27 14:08:32.039] [warn]  [Permissions] Denied 'geolocation' requested by: file:///
[2026-08-27 14:08:32.040] [warn]  [Permissions] Denied 'window-management' requested by: file:///
[2026-08-27 14:08:32.441] [info]  [Profiles] Loaded 8 resource packs for profile Diosesmon Oficial (ID: 66e9766e-a0c3-4951-b7e4-c8946c428ff5).
[2026-08-27 14:08:33.367] [info]  [Profiles] Loaded 8 resource packs for profile Diosesmon Oficial (ID: 66e9766e-a0c3-4951-b7e4-c8946c428ff5).
[2026-08-27 14:08:37.150] [debug] [Window] [main] Window focused
[2026-08-27 14:08:39.294] [warn]  [Permissions] Denied 'media' requested by: file:///
[2026-08-27 14:08:39.295] [warn]  [Permissions] Denied 'media' requested by: file:///
[2026-08-27 14:08:39.296] [warn]  [Permissions] Denied 'geolocation' requested by: file:///
[2026-08-27 14:08:39.296] [warn]  [Permissions] Denied 'window-management' requested by: file:///
[2026-08-27 14:08:39.381] [warn]  [Permissions] Denied 'media' requested by: file:///
[2026-08-27 14:08:39.382] [warn]  [Permissions] Denied 'media' requested by: file:///
[2026-08-27 14:08:39.383] [warn]  [Permissions] Denied 'geolocation' requested by: file:///
[2026-08-27 14:08:39.383] [warn]  [Permissions] Denied 'window-management' requested by: file:///
[2026-08-27 14:08:59.340] [warn]  [Permissions] Denied 'media' requested by: file:///
[2026-08-27 14:08:59.341] [warn]  [Permissions] Denied 'media' requested by: file:///
[2026-08-27 14:08:59.341] [warn]  [Permissions] Denied 'geolocation' requested by: file:///
[2026-08-27 14:08:59.342] [warn]  [Permissions] Denied 'window-management' requested by: file:///
[2026-08-27 14:08:59.346] [info]  [Settings] Setting views-servers-tab to "community"...
[2026-08-27 14:09:06.470] [info]  [Window] Window not created while switching route, creating...
[2026-08-27 14:09:06.493] [warn]  [Permissions] Denied 'media' requested by: 
[2026-08-27 14:09:06.493] [warn]  [Permissions] Denied 'media' requested by: 
[2026-08-27 14:09:06.494] [warn]  [Permissions] Denied 'geolocation' requested by: 
[2026-08-27 14:09:06.494] [warn]  [Permissions] Denied 'window-management' requested by: 
[2026-08-27 14:09:06.506] [info]  [Window] [satellite] Loading file: C:\Users\CARLOS_JR\AppData\Local\Programs\Lunar Client\resources\app.asar\dist\html\satellite.html#/
[2026-08-27 14:09:06.549] [debug] [Window] [satellite] Window focused
[2026-08-27 14:09:07.074] [info]  [Sentry] Initializing Sentry in satellite renderer...
[2026-08-27 14:09:07.075] [info]           * DSN: https://2b19802000444b71b53899a26418c0ef@o923049.ingest.sentry.io/6029601
[2026-08-27 14:09:07.075] [info]           * Sample rate: 0.05
[2026-08-27 14:09:07.075] [info]           * Traces Sample rate: 0.01
[2026-08-27 14:09:07.075] [info]           * Debug: disabled
[2026-08-27 14:09:07.075] [info]           * ANR: disabled
[2026-08-27 14:09:07.075] [info]           * Environment: production
[2026-08-27 14:09:07.098] [warn]  [Permissions] Denied 'media' requested by: file:///
[2026-08-27 14:09:07.099] [warn]  [Permissions] Denied 'media' requested by: file:///
[2026-08-27 14:09:07.100] [warn]  [Permissions] Denied 'geolocation' requested by: file:///
[2026-08-27 14:09:07.100] [warn]  [Permissions] Denied 'window-management' requested by: file:///
[2026-08-27 14:09:07.178] [info]  [Window] Renderer ready for window 'satellite'
[2026-08-27 14:09:09.819] [debug] [Window] [satellite] Window closing...
[2026-08-27 14:09:09.824] [info]  [Settings] Setting launcher-resolution-satellite to {"width":1200,"height":701,"maximized":false,"fullscreen":false}...
[2026-08-27 14:09:09.895] [debug] [Window] [main] Window focused
[2026-08-27 14:09:53.010] [debug] [Window] [main] Window focused
[2026-08-27 14:10:04.162] [debug] [Window] [main] Window focused
[2026-08-27 14:10:04.193] [debug] [Window] [main] Window focused
[2026-08-27 14:10:06.743] [debug] [Window] [main] Window focused
[2026-08-27 14:10:41.293] [info]  [StorageInfo] Getting storage info...
[2026-08-27 14:10:41.295] [info]  [StorageInfo] Directory C:\Users\CARLOS_JR\.lunarclient\logs\game does not exist, skipping calculation...
[2026-08-27 14:10:42.260] [info]  [StorageInfo] Successfully calculated storage info
[2026-08-27 14:11:01.459] [info]  [Settings] Setting ads-optimization to false...
[2026-08-27 14:11:04.423] [info]  [Settings] Setting allow-analytics-collection to false...
[2026-08-27 14:13:11.028] [debug] [Window] [main] Window focused
[2026-08-27 14:13:14.662] [warn]  [Permissions] Denied 'media' requested by: file:///
[2026-08-27 14:13:14.663] [warn]  [Permissions] Denied 'media' requested by: file:///
[2026-08-27 14:13:14.663] [warn]  [Permissions] Denied 'geolocation' requested by: file:///
[2026-08-27 14:13:14.664] [warn]  [Permissions] Denied 'window-management' requested by: file:///
[2026-08-27 14:13:14.935] [warn]  [Permissions] Denied 'media' requested by: file:///
[2026-08-27 14:13:14.937] [warn]  [Permissions] Denied 'media' requested by: file:///
[2026-08-27 14:13:14.937] [warn]  [Permissions] Denied 'geolocation' requested by: file:///
[2026-08-27 14:13:14.938] [warn]  [Permissions] Denied 'window-management' requested by: file:///
[2026-08-27 14:13:14.983] [warn]  [Permissions] Denied 'media' requested by: 
[2026-08-27 14:13:14.984] [warn]  [Permissions] Denied 'media' requested by: 
[2026-08-27 14:13:14.985] [warn]  [Permissions] Denied 'geolocation' requested by: 
[2026-08-27 14:13:14.987] [warn]  [Permissions] Denied 'window-management' requested by: 
[2026-08-27 14:13:16.361] [info]  [Profiles] Loaded 8 resource packs for profile Diosesmon Oficial (ID: 66e9766e-a0c3-4951-b7e4-c8946c428ff5).
[2026-08-27 14:13:19.079] [warn]  [Permissions] Denied 'background-sync' requested by: https://gum.criteo.com/
[2026-08-27 14:13:21.140] [warn]  [Permissions] Denied 'background-sync' requested by: 
[2026-08-27 14:18:32.403] [debug] [Window] [main] Window focused
[2026-08-27 14:18:36.112] [warn]  [Permissions] Denied 'background-sync' requested by: https://gum.criteo.com/
[2026-08-27 14:19:10.444] [debug] [Window] [main] Window focused
[2026-08-27 14:19:13.523] [warn]  [Permissions] Denied 'background-sync' requested by: https://gum.criteo.com/
[2026-08-27 14:19:56.268] [debug] [Window] [main] Window focused
[2026-08-27 14:19:59.379] [warn]  [Permissions] Denied 'background-sync' requested by: https://gum.criteo.com/
[2026-08-27 14:20:00.992] [warn]  [Permissions] Denied 'background-sync' requested by: 
[2026-08-27 14:20:21.839] [debug] [Window] [main] Window focused
[2026-08-27 14:20:27.160] [debug] [Window] [main] Window focused
[2026-08-27 14:20:30.203] [warn]  [Permissions] Denied 'background-sync' requested by: https://gum.criteo.com/
[2026-08-27 14:20:33.884] [info]  [Updater] Checking for updates...
[2026-08-27 14:20:33.885] [info]           * Current Version: 3.7.16.12965
[2026-08-27 14:20:33.887] [info]           * Channel: latest-ow
[2026-08-27 14:20:33.888] [info]           * URL: https://launcherupdates.lunarclientcdn.com
[2026-08-27 14:20:33.889] [info]           * User Initiated: false
[2026-08-27 14:20:34.012] [info]  [Updater] No updates available.
[2026-08-27 14:20:34.013] [info]  [Updater] Update check returned a result... skipping: {"isUpdateAvailable":false,"versionInfo":{"version":"3.7.16-ow","files":[{"url":"Lunar Client v3.7.16-ow.exe","sha512":"K25vDcT8UO0xbMd4MX5URU+l33+vEILLkpsRkxPMYVfB+yP5gqHGuNWOOGgUOE0gH2g4j+1Mjo9AFnQDC35tng=="}],"path":"Lunar Client v3.7.16-ow.exe","sha512":"K25vDcT8UO0xbMd4MX5URU+l33+vEILLkpsRkxPMYVfB+yP5gqHGuNWOOGgUOE0gH2g4j+1Mjo9AFnQDC35tng==","packages":{"x64":{"size":112473965,"sha512":"f2R8yaxYfUc7t48Bk04LzCImKB27jTxQcAe6RAFE/2lMaHmhsNJCJ47S0XSDCCvUNJp5imIeKLPifHT4z+jt5g==","blockMapSize":116960,"path":"lunarclient-3.7.16-ow-x64.nsis.7z","file":"lunarclient-3.7.16-ow-x64.nsis.7z"}},"releaseDate":"2026-08-24T23:38:30.176Z"},"updateInfo":{"version":"3.7.16-ow","files":[{"url":"Lunar Client v3.7.16-ow.exe","sha512":"K25vDcT8UO0xbMd4MX5URU+l33+vEILLkpsRkxPMYVfB+yP5gqHGuNWOOGgUOE0gH2g4j+1Mjo9AFnQDC35tng=="}],"path":"Lunar Client v3.7.16-ow.exe","sha512":"K25vDcT8UO0xbMd4MX5URU+l33+vEILLkpsRkxPMYVfB+yP5gqHGuNWOOGgUOE0gH2g4j+1Mjo9AFnQDC35tng==","packages":{"x64":{"size":112473965,"sha512":"f2R8yaxYfUc7t48Bk04LzCImKB27jTxQcAe6RAFE/2lMaHmhsNJCJ47S0XSDCCvUNJp5imIeKLPifHT4z+jt5g==","blockMapSize":116960,"path":"lunarclient-3.7.16-ow-x64.nsis.7z","file":"lunarclient-3.7.16-ow-x64.nsis.7z"}},"releaseDate":"2026-08-24T23:38:30.176Z"}}
[2026-08-27 14:20:34.961] [debug] [Window] [main] Window focused
[2026-08-27 14:20:41.419] [debug] [Window] [main] Window focused
[2026-08-27 14:20:44.357] [warn]  [Permissions] Denied 'background-sync' requested by: https://gum.criteo.com/
[2026-08-27 14:20:50.181] [warn]  [Permissions] Denied 'media' requested by: file:///
[2026-08-27 14:20:50.182] [warn]  [Permissions] Denied 'media' requested by: file:///
[2026-08-27 14:20:50.182] [warn]  [Permissions] Denied 'geolocation' requested by: file:///
[2026-08-27 14:20:50.183] [warn]  [Permissions] Denied 'window-management' requested by: file:///
[2026-08-27 14:20:57.547] [debug] [Window] [main] Window focused
[2026-08-27 14:21:05.802] [debug] [Window] [main] Window focused
[2026-08-27 14:23:05.590] [debug] [Window] [main] Window focused
[2026-08-27 14:23:08.872] [info]  [Window] Rewriting /versions to /versions/modpacks...
[2026-08-27 14:23:08.882] [warn]  [Permissions] Denied 'media' requested by: file:///
[2026-08-27 14:23:08.883] [warn]  [Permissions] Denied 'media' requested by: file:///
[2026-08-27 14:23:08.883] [warn]  [Permissions] Denied 'geolocation' requested by: file:///
[2026-08-27 14:23:08.884] [warn]  [Permissions] Denied 'window-management' requested by: file:///
[2026-08-27 14:23:09.266] [error] [Window] [main] [Console] Access to image at 'lc-asset://profile/67380c89-129f-43ea-96eb-7cd979e24a9a/icon?v=1779236756725.953' from origin 'file://' has been blocked by CORS policy: Cross origin requests are only supported for protocol schemes: chrome, chrome-extension, chrome-untrusted, data, http, https, sentry-ipc.
[2026-08-27 14:23:09.268] [error] [Window] [main] [Console] Access to image at 'lc-asset://profile/ca09900b-3645-4e81-8129-aa5e00073a6a/icon?v=1778521797761.5867' from origin 'file://' has been blocked by CORS policy: Cross origin requests are only supported for protocol schemes: chrome, chrome-extension, chrome-untrusted, data, http, https, sentry-ipc.
[2026-08-27 14:23:20.909] [debug] [Window] [main] Window focused
[2026-08-27 14:23:23.004] [debug] [Window] [main] Window focused
[2026-08-27 14:23:46.160] [debug] [Window] [main] Window focused
[2026-08-27 14:24:07.486] [debug] [Window] [main] Window focused
[2026-08-27 14:24:13.579] [debug] [Window] [main] Window focused
[2026-08-27 14:24:22.131] [debug] [Window] [main] Window focused
[2026-08-27 14:24:26.152] [debug] [Window] [main] Window focused
[2026-08-27 14:25:13.863] [debug] [Window] [main] Window focused
[2026-08-27 14:25:19.903] [debug] [Window] [main] Window focused
[2026-08-27 14:26:43.388] [debug] [Window] [main] Window focused
[2026-08-27 14:27:19.452] [debug] [Window] [main] Window focused
[2026-08-27 14:27:48.938] [debug] [Window] [main] Window focused
[2026-08-27 14:27:54.439] [debug] [Window] [main] Window focused
[2026-08-27 14:27:58.202] [debug] [Window] [main] Window focused
[2026-08-27 14:28:09.333] [info]  [Profiles] Saving Diosesmon Oficial (ID: 66e9766e-a0c3-4951-b7e4-c8946c428ff5, Type: user-modpack, State: saved)...
[2026-08-27 14:28:09.334] [info]  [Profiles] Existing profile is being updated...
[2026-08-27 14:28:09.347] [info]  [Profiles] Saved Diosesmon Oficial! (ID: 66e9766e-a0c3-4951-b7e4-c8946c428ff5)
[2026-08-27 14:28:09.351] [info]  [Profiles] Set allocated memory for profile Diosesmon Oficial (ID: 66e9766e-a0c3-4951-b7e4-c8946c428ff5) to 4096
[2026-08-27 14:28:17.655] [info]  [Profiles] Saving Diosesmon Oficial (ID: 66e9766e-a0c3-4951-b7e4-c8946c428ff5, Type: user-modpack, State: saved)...
[2026-08-27 14:28:17.657] [info]  [Profiles] Existing profile is being updated...
[2026-08-27 14:28:17.659] [info]  [Profiles] Saved Diosesmon Oficial! (ID: 66e9766e-a0c3-4951-b7e4-c8946c428ff5)
[2026-08-27 14:28:17.661] [info]  [Profiles] Set allocated memory for profile Diosesmon Oficial (ID: 66e9766e-a0c3-4951-b7e4-c8946c428ff5) to 3017
[2026-08-27 14:28:24.561] [debug] [Window] [main] Window focused
[2026-08-27 14:28:30.812] [debug] [Window] [main] Window focused
[2026-08-27 14:28:42.916] [debug] [Window] [main] Window focused
[2026-08-27 14:28:47.258] [debug] [Window] [main] Window focused
[2026-08-27 14:29:10.286] [debug] [Window] [main] Window focused
[2026-08-27 14:29:31.461] [debug] [Window] [main] Window focused
[2026-08-27 14:29:36.040] [debug] [Window] [main] Window focused
[2026-08-27 14:29:53.684] [debug] [Window] [main] Window focused
[2026-08-27 14:31:04.268] [debug] [Window] [main] Window focused
[2026-08-27 14:31:59.193] [debug] [Window] [main] Window focused
[2026-08-27 14:32:21.813] [debug] [Window] [main] Window focused
[2026-08-27 14:32:24.098] [info]  [Settings] Setting game-profile to "ca09900b-3645-4e81-8129-aa5e00073a6a"...
[2026-08-27 14:32:24.127] [info]  [Settings] Setting game-profile to "ca09900b-3645-4e81-8129-aa5e00073a6a"...
[2026-08-27 14:32:24.211] [info]  [Profiles] Setting up logs configuration for JUNIOR_ at C:\Users\CARLOS_JR\.lunarclient\profiles\junior\logs\config.xml...
[2026-08-27 14:32:24.215] [info]  [Launch] Starting new session (ID: 035db4bd-3335-4903-b3f9-df379531b32f)
[2026-08-27 14:32:24.221] [info]  [Launch] [Request] Starting check...
[2026-08-27 14:32:24.244] [warn]  [Permissions] Denied 'media' requested by: 
[2026-08-27 14:32:24.244] [warn]  [Permissions] Denied 'media' requested by: 
[2026-08-27 14:32:24.245] [warn]  [Permissions] Denied 'geolocation' requested by: 
[2026-08-27 14:32:24.246] [warn]  [Permissions] Denied 'window-management' requested by: 
[2026-08-27 14:32:24.255] [info]  [Window] [mission-control] Loading file: C:\Users\CARLOS_JR\AppData\Local\Programs\Lunar Client\resources\app.asar\dist\html\mission-control.html#undefined
[2026-08-27 14:32:24.259] [info]  [Window] Opening Mission Control on primary display (Display ID: 2623434305)...
[2026-08-27 14:32:24.643] [info]  [Launch] [Request] Finished check (422ms)
[2026-08-27 14:32:24.648] [info]  [Launch] [Parallel-stages] Starting check...
[2026-08-27 14:32:24.650] [info]  [Launch]   [Licenses] Starting check...
[2026-08-27 14:32:24.651] [info]  [Launch]   [Textures] Starting check...
[2026-08-27 14:32:24.653] [info]  [Launch]   [Assets] Starting check...
[2026-08-27 14:32:24.654] [info]  [Launch]   [Artifacts-and-natives] Starting check...
[2026-08-27 14:32:24.656] [info]  [Launch]   [Jre] Starting check...
[2026-08-27 14:32:24.657] [info]  [Launch]   [Ui] Starting check...
[2026-08-27 14:32:24.661] [info]  [Launch]     [Artifacts] Starting check...
[2026-08-27 14:32:24.663] [info]  [Launch]   [Jre] JRE folder permissions: 666
[2026-08-27 14:32:25.049] [info]  [Launch]   [Ui] Checking HKLM for VC++ Redistributable...
[2026-08-27 14:32:25.164] [info]  [Sentry] Initializing Sentry in mission-control renderer...
[2026-08-27 14:32:25.166] [info]           * DSN: https://2b19802000444b71b53899a26418c0ef@o923049.ingest.sentry.io/6029601
[2026-08-27 14:32:25.167] [info]           * Sample rate: 0.05
[2026-08-27 14:32:25.167] [info]           * Traces Sample rate: 0.01
[2026-08-27 14:32:25.168] [info]           * Debug: disabled
[2026-08-27 14:32:25.168] [info]           * ANR: disabled
[2026-08-27 14:32:25.170] [info]           * Environment: production
[2026-08-27 14:32:25.234] [warn]  [Permissions] Denied 'media' requested by: file:///
[2026-08-27 14:32:25.235] [warn]  [Permissions] Denied 'media' requested by: file:///
[2026-08-27 14:32:25.236] [warn]  [Permissions] Denied 'geolocation' requested by: file:///
[2026-08-27 14:32:25.237] [warn]  [Permissions] Denied 'window-management' requested by: file:///
[2026-08-27 14:32:25.312] [info]  [Launch]   [Ui] Found VC++ Redistributable version v14.50.35719.00
[2026-08-27 14:32:25.474] [info]  [Launch]   [Textures] Index is valid, using it...
[2026-08-27 14:32:25.485] [info]  [Launch] [Licenses] No new files needed, skipping download phase...
[2026-08-27 14:32:25.486] [info]  [Launch]   [Licenses] Finished check (836ms)
[2026-08-27 14:32:25.555] [info]  [Launch]   [Assets] Index is valid, using it...
[2026-08-27 14:32:25.676] [info]  [Window] Renderer ready for window 'mission-control'
[2026-08-27 14:32:25.710] [debug] [Window] [mission-control] Window focused
[2026-08-27 14:32:26.128] [warn]  [Permissions] Denied 'media' requested by: file:///
[2026-08-27 14:32:26.130] [warn]  [Permissions] Denied 'media' requested by: file:///
[2026-08-27 14:32:26.131] [warn]  [Permissions] Denied 'geolocation' requested by: file:///
[2026-08-27 14:32:26.132] [warn]  [Permissions] Denied 'window-management' requested by: file:///
[2026-08-27 14:32:26.148] [warn]  [Permissions] Denied 'media' requested by: 
[2026-08-27 14:32:26.149] [warn]  [Permissions] Denied 'media' requested by: 
[2026-08-27 14:32:26.150] [warn]  [Permissions] Denied 'geolocation' requested by: 
[2026-08-27 14:32:26.152] [warn]  [Permissions] Denied 'window-management' requested by: 
[2026-08-27 14:32:26.158] [warn]  [Permissions] Denied 'media' requested by: file:///
[2026-08-27 14:32:26.160] [warn]  [Permissions] Denied 'media' requested by: file:///
[2026-08-27 14:32:26.161] [warn]  [Permissions] Denied 'geolocation' requested by: file:///
[2026-08-27 14:32:26.163] [warn]  [Permissions] Denied 'window-management' requested by: file:///
[2026-08-27 14:32:26.172] [warn]  [Permissions] Denied 'media' requested by: 
[2026-08-27 14:32:26.173] [warn]  [Permissions] Denied 'media' requested by: 
[2026-08-27 14:32:26.174] [warn]  [Permissions] Denied 'geolocation' requested by: 
[2026-08-27 14:32:26.175] [warn]  [Permissions] Denied 'window-management' requested by: 
[2026-08-27 14:32:26.199] [warn]  [Permissions] Denied 'media' requested by: file:///
[2026-08-27 14:32:26.201] [warn]  [Permissions] Denied 'media' requested by: file:///
[2026-08-27 14:32:26.202] [warn]  [Permissions] Denied 'geolocation' requested by: file:///
[2026-08-27 14:32:26.203] [warn]  [Permissions] Denied 'window-management' requested by: file:///
[2026-08-27 14:32:27.331] [info]  [Launch]   [Ui] UI zip already downloaded and verified.
[2026-08-27 14:32:32.614] [warn]  [Permissions] Denied 'background-sync' requested by: https://gum.criteo.com/
[2026-08-27 14:32:33.092] [warn]  [Permissions] Denied 'background-sync' requested by: https://gum.criteo.com/
[2026-08-27 14:32:39.062] [info]  [Launch] [Textures] No new files needed, skipping download phase...
[2026-08-27 14:32:39.064] [info]  [Launch]   [Textures] Finished check (14413ms)
[2026-08-27 14:32:41.615] [info]  [Launch] [Assets] No new files needed, skipping download phase...
[2026-08-27 14:32:41.616] [info]  [Launch]   [Assets] Finished check (16963ms)
[2026-08-27 14:32:41.667] [info]  [Launch]   [Ui] Zip contains 2 file entries.
[2026-08-27 14:32:41.669] [info]  [Launch]   [Ui] All 2 expected files are present.
[2026-08-27 14:32:41.670] [info]  [Launch]   [Ui] UI 7c408ec0c875ded4aaa94f426f3b31dcec957c5f already extracted, reusing.
[2026-08-27 14:32:41.690] [info]  [Launch]   [Ui] Index is valid, using it...
[2026-08-27 14:32:41.717] [info]  [Launch] [Ui] No new files needed, skipping download phase...
[2026-08-27 14:32:41.718] [info]  [Launch]   [Ui] Finished check (17061ms)
[2026-08-27 14:32:41.861] [info]  [Launch] [Artifacts] Starting download of 3 files...
[2026-08-27 14:32:41.864] [info]  [Launch] [Artifacts] All files queued for download. Waiting...
[2026-08-27 14:32:41.867] [info]  [Launch] [Artifacts] Attempting full download for C:\Users\CARLOS_JR\.lunarclient\offline\multiver\lunar-skyhanni-mixins-0.1.0-SNAPSHOT-all.jar, differential not available.
[2026-08-27 14:32:41.876] [info]  [Launch] [Artifacts] Attempting full download for C:\Users\CARLOS_JR\.lunarclient\offline\multiver\client-natives-win-x86-v1_21_8.zip, differential not available.
[2026-08-27 14:32:41.882] [info]  [Launch] [Artifacts] Attempting full download for C:\Users\CARLOS_JR\.lunarclient\offline\multiver\lunar-platform-mappings-v1_21_8.jar, differential not available.
[2026-08-27 14:32:42.347] [info]  [Launch]   [Jre] No new files needed, skipping download phase...
[2026-08-27 14:32:42.348] [info]  [Launch]   [Jre] Unable to perform Windows JavaW fix (missing data), skipping...
[2026-08-27 14:32:42.349] [info]  [Launch]   [Jre] Performing JavaW integrity check...
[2026-08-27 14:32:42.350] [info]  [Launch]   [Jre] Current JavaW file permissions: 666
[2026-08-27 14:32:42.351] [info]  [Launch]   [Jre] Finished check (17695ms)
[2026-08-27 14:32:42.467] [debug] [Window] [mission-control] Window focused
[2026-08-27 14:32:42.752] [info]  [Launch] [Artifacts] Download complete.
[2026-08-27 14:32:42.753] [info]  [Launch]     [Artifacts] Finished check (18092ms)
[2026-08-27 14:32:42.754] [info]  [Launch]     [Natives] Starting check...
[2026-08-27 14:32:42.756] [info]  [Launch]     [Natives] Extracting 4 natives to C:\Users\CARLOS_JR\.lunarclient\offline\multiver\natives...
[2026-08-27 14:32:43.268] [warn]  [Permissions] Denied 'background-sync' requested by: https://gum.criteo.com/
[2026-08-27 14:32:43.460] [warn]  [Permissions] Denied 'background-sync' requested by: https://gum.criteo.com/
[2026-08-27 14:32:45.063] [info]  [Launch]     [Natives] Finished check (2309ms)
[2026-08-27 14:32:45.064] [info]  [Launch]   [Artifacts-and-natives] Finished check (20410ms)
[2026-08-27 14:32:45.065] [info]  [Launch] [Parallel-stages] Finished check (20417ms)
[2026-08-27 14:32:45.068] [info]  [Launch] [Jar-validation] Starting check...
[2026-08-27 14:32:45.070] [info]  [Launch] [Jar-validation] Validating jar files in C:\Users\CARLOS_JR\.lunarclient\profiles\junior\mods...
[2026-08-27 14:32:45.076] [info]  [Launch] [Jar-validation] Found 163 jar file(s) to validate
[2026-08-27 14:32:47.443] [info]  [Launch] [Jar-validation] Validation complete: 163 valid, 0 invalid
[2026-08-27 14:32:47.444] [info]  [Launch] [Jar-validation] Finished check (2376ms)
[2026-08-27 14:32:49.958] [info]  [Launch] Spawning JVM process with following configuration...
[2026-08-27 14:32:49.959] [info]           * Version: 1.21
[2026-08-27 14:32:49.959] [info]           * Subversion: 1.21.8
[2026-08-27 14:32:49.960] [info]           * Module: fabric
[2026-08-27 14:32:49.960] [info]           * Directory: C:\Users\CARLOS_JR\.lunarclient\profiles\junior
[2026-08-27 14:32:49.961] [info]           * Resolution: 1920x1080
[2026-08-27 14:32:49.961] [info]           * Fullscreen?: false
[2026-08-27 14:32:49.962] [info]           * Memory: 3584MB
[2026-08-27 14:32:49.962] [info]           * Branch: master
[2026-08-27 14:32:49.963] [info]           * Quick Join: N/A
[2026-08-27 14:32:49.963] [info]           * Profile ID: ca09900b-3645-4e81-8129-aa5e00073a6a
[2026-08-27 14:32:49.964] [info]           * Loader Version: automatic
[2026-08-27 14:32:49.965] [info]           * Custom JVM Arguments: N/A
[2026-08-27 14:32:49.965] [info]           * IPC Port: 28190
[2026-08-27 14:32:49.967] [info]           * Pre-launch Command: N/A
[2026-08-27 14:32:49.968] [info]           * Wrapper Command: N/A
[2026-08-27 14:32:49.969] [info]           * Post-exit Command: N/A
[2026-08-27 14:32:49.970] [info]           * Mods Directory: C:\Users\CARLOS_JR\.lunarclient\profiles\junior\mods
[2026-08-27 14:32:49.972] [info]  [Launch] System properties: ["-Dlog4j2.formatMsgNoLookups=true","-DTrickNvidiaDriversForPerformance=' net.minecraft.client.main.Main '","-Dichor.filteredGenesisSentries=.*lcqt.*|.*Some of your mods are incompatible with the game or each other.*","-Dlunar.webosr.url=file:index.html","-Dichor.fabric.profileModPath=C:\\Users\\CARLOS_JR\\.lunarclient\\profiles\\junior\\mods","-Djava.library.path=C:\\Users\\CARLOS_JR\\.lunarclient\\offline\\multiver\\natives","-Dlog4j.configurationFile=C:\\Users\\CARLOS_JR\\.lunarclient\\profiles\\junior\\logs\\config.xml","-Dichor.logsFile=C:\\Users\\CARLOS_JR\\.lunarclient\\profiles\\junior\\logs\\ichor-boot.log","-Dichor.usingIsolatedProfiles=true"]
[2026-08-27 14:32:50.003] [info]  [Launch] JVM process started with following outputs...
[2026-08-27 14:32:50.004] [info]           * PID: 13072
[2026-08-27 14:32:50.005] [info]           * Start Time: 27/8/2026, 2:32:50 p.m.
[2026-08-27 14:33:30.617] [debug] [Window] [mission-control] Window focused
[2026-08-27 14:33:34.651] [warn]  [Permissions] Denied 'background-sync' requested by: https://gum.criteo.com/
[2026-08-27 14:33:35.188] [warn]  [Permissions] Denied 'background-sync' requested by: https://gum.criteo.com/
[2026-08-27 14:33:46.188] [warn]  [Permissions] Denied 'background-sync' requested by: https://gum.criteo.com/
[2026-08-27 14:33:46.584] [warn]  [Permissions] Denied 'background-sync' requested by: https://gum.criteo.com/
[2026-08-27 14:34:48.254] [warn]  [Permissions] Denied 'background-sync' requested by: https://imasdk.googleapis.com/
[2026-08-27 14:34:59.835] [info]  [Overwolf] [Overlay] Game launched, skipping injection because the feature is currently disabled
[2026-08-27 14:35:00.859] [info]  [Overwolf] [CRN] 'before-notification' event was fired
[2026-08-27 14:35:27.012] [info]  [GameIPC] Received handshake from headers!
[2026-08-27 14:35:27.022] [info]  [GameIPC] Registered 9 services
[2026-08-27 14:35:27.025] [info]  [GameIPC] No pending pushes to flush
[2026-08-27 14:35:33.915] [info]  [Updater] Checking for updates...
[2026-08-27 14:35:33.919] [info]           * Current Version: 3.7.16.12965
[2026-08-27 14:35:33.922] [info]           * Channel: latest-ow
[2026-08-27 14:35:33.925] [info]           * URL: https://launcherupdates.lunarclientcdn.com
[2026-08-27 14:35:33.928] [info]           * User Initiated: false
[2026-08-27 14:35:34.151] [info]  [Updater] No updates available.
[2026-08-27 14:35:34.155] [info]  [Updater] Update check returned a result... skipping: {"isUpdateAvailable":false,"versionInfo":{"version":"3.7.16-ow","files":[{"url":"Lunar Client v3.7.16-ow.exe","sha512":"K25vDcT8UO0xbMd4MX5URU+l33+vEILLkpsRkxPMYVfB+yP5gqHGuNWOOGgUOE0gH2g4j+1Mjo9AFnQDC35tng=="}],"path":"Lunar Client v3.7.16-ow.exe","sha512":"K25vDcT8UO0xbMd4MX5URU+l33+vEILLkpsRkxPMYVfB+yP5gqHGuNWOOGgUOE0gH2g4j+1Mjo9AFnQDC35tng==","packages":{"x64":{"size":112473965,"sha512":"f2R8yaxYfUc7t48Bk04LzCImKB27jTxQcAe6RAFE/2lMaHmhsNJCJ47S0XSDCCvUNJp5imIeKLPifHT4z+jt5g==","blockMapSize":116960,"path":"lunarclient-3.7.16-ow-x64.nsis.7z","file":"lunarclient-3.7.16-ow-x64.nsis.7z"}},"releaseDate":"2026-08-24T23:38:30.176Z"},"updateInfo":{"version":"3.7.16-ow","files":[{"url":"Lunar Client v3.7.16-ow.exe","sha512":"K25vDcT8UO0xbMd4MX5URU+l33+vEILLkpsRkxPMYVfB+yP5gqHGuNWOOGgUOE0gH2g4j+1Mjo9AFnQDC35tng=="}],"path":"Lunar Client v3.7.16-ow.exe","sha512":"K25vDcT8UO0xbMd4MX5URU+l33+vEILLkpsRkxPMYVfB+yP5gqHGuNWOOGgUOE0gH2g4j+1Mjo9AFnQDC35tng==","packages":{"x64":{"size":112473965,"sha512":"f2R8yaxYfUc7t48Bk04LzCImKB27jTxQcAe6RAFE/2lMaHmhsNJCJ47S0XSDCCvUNJp5imIeKLPifHT4z+jt5g==","blockMapSize":116960,"path":"lunarclient-3.7.16-ow-x64.nsis.7z","file":"lunarclient-3.7.16-ow-x64.nsis.7z"}},"releaseDate":"2026-08-24T23:38:30.176Z"}}
[2026-08-27 14:35:47.025] [debug] [Window] [mission-control] Window focused
[2026-08-27 14:36:04.209] [info]  [Launch] Starting log file polling
[2026-08-27 14:36:10.529] [debug] [Window] [mission-control] Window focused
[2026-08-27 14:36:15.830] [warn]  [Permissions] Denied 'background-sync' requested by: https://gum.criteo.com/
[2026-08-27 14:36:16.505] [warn]  [Permissions] Denied 'background-sync' requested by: https://gum.criteo.com/
[2026-08-27 14:36:24.731] [debug] [Window] [mission-control] Window focused
[2026-08-27 14:36:29.863] [warn]  [Permissions] Denied 'background-sync' requested by: https://gum.criteo.com/
[2026-08-27 14:36:29.963] [warn]  [Permissions] Denied 'background-sync' requested by: https://gum.criteo.com/
[2026-08-27 14:37:15.590] [warn]  [Permissions] Denied 'background-sync' requested by: https://gum.criteo.com/
[2026-08-27 14:37:16.113] [warn]  [Permissions] Denied 'background-sync' requested by: https://gum.criteo.com/
[2026-08-27 14:37:27.253] [warn]  [Permissions] Denied 'background-sync' requested by: https://gum.criteo.com/
[2026-08-27 14:37:27.319] [warn]  [Permissions] Denied 'background-sync' requested by: https://gum.criteo.com/
[2026-08-27 14:39:11.258] [warn]  [Permissions] Denied 'background-sync' requested by: https://gum.criteo.com/
[2026-08-27 14:39:11.996] [warn]  [Permissions] Denied 'background-sync' requested by: https://gum.criteo.com/
[2026-08-27 14:39:23.725] [warn]  [Permissions] Denied 'background-sync' requested by: https://gum.criteo.com/
[2026-08-27 14:39:24.138] [warn]  [Permissions] Denied 'background-sync' requested by: https://gum.criteo.com/
[2026-08-27 14:39:36.561] [warn]  [Permissions] Denied 'background-sync' requested by: https://imasdk.googleapis.com/
[2026-08-27 14:39:37.061] [warn]  [Permissions] Denied 'background-sync' requested by: https://gum.criteo.com/
[2026-08-27 14:39:37.588] [warn]  [Permissions] Denied 'background-sync' requested by: https://gum.criteo.com/
[2026-08-27 14:42:29.480] [warn]  [Permissions] Denied 'background-sync' requested by: https://gum.criteo.com/
[2026-08-27 14:42:29.884] [warn]  [Permissions] Denied 'background-sync' requested by: https://gum.criteo.com/
[2026-08-27 14:42:43.691] [warn]  [Permissions] Denied 'background-sync' requested by: https://gum.criteo.com/
[2026-08-27 14:42:43.857] [warn]  [Permissions] Denied 'background-sync' requested by: https://gum.criteo.com/
[2026-08-27 14:43:01.608] [warn]  [Permissions] Denied 'background-sync' requested by: https://aax-events-cell02-cf.us-west.3px.axp.amazon-adsystem.com/
[2026-08-27 14:43:03.169] [info]  [DiscordRP] Updating activity status...
[2026-08-27 14:43:18.014] [warn]  [Permissions] Denied 'background-sync' requested by: https://imasdk.googleapis.com/
[2026-08-27 14:45:44.627] [warn]  [Permissions] Denied 'background-sync' requested by: https://gum.criteo.com/
[2026-08-27 14:45:45.327] [warn]  [Permissions] Denied 'background-sync' requested by: https://gum.criteo.com/
[2026-08-27 14:45:56.425] [warn]  [Permissions] Denied 'background-sync' requested by: https://gum.criteo.com/
[2026-08-27 14:45:57.091] [warn]  [Permissions] Denied 'background-sync' requested by: https://gum.criteo.com/
[2026-08-27 14:46:19.567] [warn]  [Permissions] Denied 'background-sync' requested by: https://gum.criteo.com/
[2026-08-27 14:46:19.772] [warn]  [Permissions] Denied 'background-sync' requested by: https://gum.criteo.com/
[2026-08-27 14:46:36.874] [warn]  [Permissions] Denied 'background-sync' requested by: https://imasdk.googleapis.com/
[2026-08-27 14:46:37.078] [warn]  [Permissions] Denied 'background-sync' requested by: https://gum.criteo.com/
[2026-08-27 14:46:37.691] [warn]  [Permissions] Denied 'background-sync' requested by: https://gum.criteo.com/
[2026-08-27 14:46:48.708] [warn]  [Permissions] Denied 'background-sync' requested by: https://gum.criteo.com/
[2026-08-27 14:46:48.876] [warn]  [Permissions] Denied 'background-sync' requested by: https://gum.criteo.com/
[2026-08-27 14:47:02.385] [warn]  [Permissions] Denied 'background-sync' requested by: https://gum.criteo.com/
[2026-08-27 14:47:03.100] [warn]  [Permissions] Denied 'background-sync' requested by: https://gum.criteo.com/
[2026-08-27 14:47:13.202] [warn]  [Permissions] Denied 'background-sync' requested by: https://gum.criteo.com/
[2026-08-27 14:47:13.910] [warn]  [Permissions] Denied 'background-sync' requested by: https://gum.criteo.com/
[2026-08-27 14:47:25.950] [warn]  [Permissions] Denied 'background-sync' requested by: https://gum.criteo.com/
[2026-08-27 14:47:26.663] [warn]  [Permissions] Denied 'background-sync' requested by: https://gum.criteo.com/
[2026-08-27 14:47:39.654] [warn]  [Permissions] Denied 'background-sync' requested by: https://gum.criteo.com/
[2026-08-27 14:47:40.564] [warn]  [Permissions] Denied 'background-sync' requested by: https://gum.criteo.com/
[2026-08-27 14:47:52.942] [warn]  [Permissions] Denied 'background-sync' requested by: https://gum.criteo.com/
[2026-08-27 14:47:54.012] [warn]  [Permissions] Denied 'background-sync' requested by: https://gum.criteo.com/
[2026-08-27 14:48:05.412] [warn]  [Permissions] Denied 'background-sync' requested by: https://gum.criteo.com/
[2026-08-27 14:48:06.238] [warn]  [Permissions] Denied 'background-sync' requested by: https://gum.criteo.com/
[2026-08-27 14:48:16.611] [warn]  [Permissions] Denied 'background-sync' requested by: https://imasdk.googleapis.com/
[2026-08-27 14:48:35.271] [warn]  [Permissions] Denied 'background-sync' requested by: https://gum.criteo.com/
[2026-08-27 14:48:36.547] [warn]  [Permissions] Denied 'background-sync' requested by: https://gum.criteo.com/
[2026-08-27 14:48:46.100] [warn]  [Permissions] Denied 'background-sync' requested by: https://gum.criteo.com/
[2026-08-27 14:48:47.040] [warn]  [Permissions] Denied 'background-sync' requested by: https://gum.criteo.com/
[2026-08-27 14:48:58.316] [warn]  [Permissions] Denied 'background-sync' requested by: https://gum.criteo.com/
[2026-08-27 14:48:59.638] [warn]  [Permissions] Denied 'background-sync' requested by: https://gum.criteo.com/
[2026-08-27 14:49:08.352] [warn]  [Permissions] Denied 'background-sync' requested by: https://gum.criteo.com/
[2026-08-27 14:49:09.114] [warn]  [Permissions] Denied 'background-sync' requested by: https://gum.criteo.com/
[2026-08-27 14:49:19.783] [warn]  [Permissions] Denied 'background-sync' requested by: https://gum.criteo.com/
[2026-08-27 14:49:20.731] [warn]  [Permissions] Denied 'background-sync' requested by: https://gum.criteo.com/
[2026-08-27 14:49:34.796] [warn]  [Permissions] Denied 'background-sync' requested by: https://gum.criteo.com/
[2026-08-27 14:49:34.869] [warn]  [Permissions] Denied 'background-sync' requested by: https://gum.criteo.com/
[2026-08-27 14:50:08.297] [warn]  [Permissions] Denied 'background-sync' requested by: https://imasdk.googleapis.com/
[2026-08-27 14:50:21.644] [warn]  [Permissions] Denied 'background-sync' requested by: https://gum.criteo.com/
[2026-08-27 14:50:24.840] [warn]  [Permissions] Denied 'background-sync' requested by: https://gum.criteo.com/
[2026-08-27 14:50:33.920] [info]  [Updater] Checking for updates...
[2026-08-27 14:50:33.922] [info]           * Current Version: 3.7.16.12965
[2026-08-27 14:50:33.925] [info]           * Channel: latest-ow
[2026-08-27 14:50:33.927] [info]           * URL: https://launcherupdates.lunarclientcdn.com
[2026-08-27 14:50:33.933] [info]           * User Initiated: false
[2026-08-27 14:50:34.178] [info]  [Updater] No updates available.
[2026-08-27 14:50:34.180] [info]  [Updater] Update check returned a result... skipping: {"isUpdateAvailable":false,"versionInfo":{"version":"3.7.16-ow","files":[{"url":"Lunar Client v3.7.16-ow.exe","sha512":"K25vDcT8UO0xbMd4MX5URU+l33+vEILLkpsRkxPMYVfB+yP5gqHGuNWOOGgUOE0gH2g4j+1Mjo9AFnQDC35tng=="}],"path":"Lunar Client v3.7.16-ow.exe","sha512":"K25vDcT8UO0xbMd4MX5URU+l33+vEILLkpsRkxPMYVfB+yP5gqHGuNWOOGgUOE0gH2g4j+1Mjo9AFnQDC35tng==","packages":{"x64":{"size":112473965,"sha512":"f2R8yaxYfUc7t48Bk04LzCImKB27jTxQcAe6RAFE/2lMaHmhsNJCJ47S0XSDCCvUNJp5imIeKLPifHT4z+jt5g==","blockMapSize":116960,"path":"lunarclient-3.7.16-ow-x64.nsis.7z","file":"lunarclient-3.7.16-ow-x64.nsis.7z"}},"releaseDate":"2026-08-24T23:38:30.176Z"},"updateInfo":{"version":"3.7.16-ow","files":[{"url":"Lunar Client v3.7.16-ow.exe","sha512":"K25vDcT8UO0xbMd4MX5URU+l33+vEILLkpsRkxPMYVfB+yP5gqHGuNWOOGgUOE0gH2g4j+1Mjo9AFnQDC35tng=="}],"path":"Lunar Client v3.7.16-ow.exe","sha512":"K25vDcT8UO0xbMd4MX5URU+l33+vEILLkpsRkxPMYVfB+yP5gqHGuNWOOGgUOE0gH2g4j+1Mjo9AFnQDC35tng==","packages":{"x64":{"size":112473965,"sha512":"f2R8yaxYfUc7t48Bk04LzCImKB27jTxQcAe6RAFE/2lMaHmhsNJCJ47S0XSDCCvUNJp5imIeKLPifHT4z+jt5g==","blockMapSize":116960,"path":"lunarclient-3.7.16-ow-x64.nsis.7z","file":"lunarclient-3.7.16-ow-x64.nsis.7z"}},"releaseDate":"2026-08-24T23:38:30.176Z"}}
[2026-08-27 14:50:36.324] [warn]  [Permissions] Denied 'background-sync' requested by: https://gum.criteo.com/
[2026-08-27 14:50:40.905] [warn]  [Permissions] Denied 'background-sync' requested by: https://gum.criteo.com/
[2026-08-27 14:50:41.397] [warn]  [Permissions] Denied 'background-sync' requested by: https://gum.criteo.com/
[2026-08-27 14:50:55.460] [warn]  [Permissions] Denied 'background-sync' requested by: https://gum.criteo.com/
[2026-08-27 14:50:56.072] [warn]  [Permissions] Denied 'background-sync' requested by: https://gum.criteo.com/
[2026-08-27 14:51:07.839] [warn]  [Permissions] Denied 'background-sync' requested by: https://gum.criteo.com/
[2026-08-27 14:51:07.860] [warn]  [Permissions] Denied 'background-sync' requested by: https://gum.criteo.com/
[2026-08-27 14:51:12.971] [warn]  [Permissions] Denied 'background-sync' requested by: https://gum.criteo.com/
[2026-08-27 14:51:13.358] [warn]  [Permissions] Denied 'background-sync' requested by: https://gum.criteo.com/
[2026-08-27 14:51:28.739] [warn]  [Permissions] Denied 'background-sync' requested by: https://gum.criteo.com/
[2026-08-27 14:51:30.395] [warn]  [Permissions] Denied 'background-sync' requested by: https://gum.criteo.com/
[2026-08-27 14:51:56.127] [warn]  [Permissions] Denied 'background-sync' requested by: https://gum.criteo.com/
[2026-08-27 14:51:57.009] [warn]  [Permissions] Denied 'background-sync' requested by: https://gum.criteo.com/
[2026-08-27 14:52:07.848] [warn]  [Permissions] Denied 'background-sync' requested by: https://gum.criteo.com/
[2026-08-27 14:52:08.072] [warn]  [Permissions] Denied 'background-sync' requested by: https://gum.criteo.com/
[2026-08-27 14:52:08.321] [warn]  [Permissions] Denied 'background-sync' requested by: https://imasdk.googleapis.com/
[2026-08-27 14:53:30.374] [warn]  [Permissions] Denied 'background-sync' requested by: https://gum.criteo.com/
[2026-08-27 14:53:32.722] [warn]  [Permissions] Denied 'background-sync' requested by: https://gum.criteo.com/
[2026-08-27 14:53:44.939] [warn]  [Permissions] Denied 'background-sync' requested by: https://gum.criteo.com/
[2026-08-27 14:53:45.747] [warn]  [Permissions] Denied 'background-sync' requested by: https://gum.criteo.com/
[2026-08-27 14:58:23.452] [warn]  [Permissions] Denied 'background-sync' requested by: https://gum.criteo.com/
[2026-08-27 14:58:25.343] [warn]  [Permissions] Denied 'background-sync' requested by: https://gum.criteo.com/
[2026-08-27 14:58:48.590] [warn]  [Permissions] Denied 'background-sync' requested by: https://gum.criteo.com/
[2026-08-27 14:58:50.208] [warn]  [Permissions] Denied 'background-sync' requested by: https://gum.criteo.com/
[2026-08-27 15:05:33.940] [info]  [Updater] Checking for updates...
[2026-08-27 15:05:33.944] [info]           * Current Version: 3.7.16.12965
[2026-08-27 15:05:33.946] [info]           * Channel: latest-ow
[2026-08-27 15:05:33.949] [info]           * URL: https://launcherupdates.lunarclientcdn.com
[2026-08-27 15:05:33.951] [info]           * User Initiated: false
[2026-08-27 15:05:34.273] [info]  [Updater] No updates available.
[2026-08-27 15:05:34.276] [info]  [Updater] Update check returned a result... skipping: {"isUpdateAvailable":false,"versionInfo":{"version":"3.7.16-ow","files":[{"url":"Lunar Client v3.7.16-ow.exe","sha512":"K25vDcT8UO0xbMd4MX5URU+l33+vEILLkpsRkxPMYVfB+yP5gqHGuNWOOGgUOE0gH2g4j+1Mjo9AFnQDC35tng=="}],"path":"Lunar Client v3.7.16-ow.exe","sha512":"K25vDcT8UO0xbMd4MX5URU+l33+vEILLkpsRkxPMYVfB+yP5gqHGuNWOOGgUOE0gH2g4j+1Mjo9AFnQDC35tng==","packages":{"x64":{"size":112473965,"sha512":"f2R8yaxYfUc7t48Bk04LzCImKB27jTxQcAe6RAFE/2lMaHmhsNJCJ47S0XSDCCvUNJp5imIeKLPifHT4z+jt5g==","blockMapSize":116960,"path":"lunarclient-3.7.16-ow-x64.nsis.7z","file":"lunarclient-3.7.16-ow-x64.nsis.7z"}},"releaseDate":"2026-08-24T23:38:30.176Z"},"updateInfo":{"version":"3.7.16-ow","files":[{"url":"Lunar Client v3.7.16-ow.exe","sha512":"K25vDcT8UO0xbMd4MX5URU+l33+vEILLkpsRkxPMYVfB+yP5gqHGuNWOOGgUOE0gH2g4j+1Mjo9AFnQDC35tng=="}],"path":"Lunar Client v3.7.16-ow.exe","sha512":"K25vDcT8UO0xbMd4MX5URU+l33+vEILLkpsRkxPMYVfB+yP5gqHGuNWOOGgUOE0gH2g4j+1Mjo9AFnQDC35tng==","packages":{"x64":{"size":112473965,"sha512":"f2R8yaxYfUc7t48Bk04LzCImKB27jTxQcAe6RAFE/2lMaHmhsNJCJ47S0XSDCCvUNJp5imIeKLPifHT4z+jt5g==","blockMapSize":116960,"path":"lunarclient-3.7.16-ow-x64.nsis.7z","file":"lunarclient-3.7.16-ow-x64.nsis.7z"}},"releaseDate":"2026-08-24T23:38:30.176Z"}}
[2026-08-27 15:19:09.331] [info]  [GameIPC] Client connection has closed. Launch ID: 035db4bd-3335-4903-b3f9-df379531b32f, Code: 1006, Reason: 
[2026-08-27 15:19:24.770] [info]  [GameIPC] Received handshake from headers!
[2026-08-27 15:19:24.788] [info]  [GameIPC] Registered 9 services
[2026-08-27 15:19:24.790] [info]  [GameIPC] No pending pushes to flush
[2026-08-27 15:19:35.464] [info]  [AssetServer] Connection closed! Code: 1006 - Reason: N/A
[2026-08-27 15:19:35.478] [info]  [AssetServer] Scheduling reconnect task...
[2026-08-27 15:19:35.482] [warn]  [AssetServer] [RPC] Request 335 timed out!
[2026-08-27 15:19:47.076] [info]  [DiscordRP] Updating activity status...
[2026-08-27 15:19:48.826] [warn]  [Permissions] Denied 'background-sync' requested by: https://gum.criteo.com/
[2026-08-27 15:19:49.660] [warn]  [Permissions] Denied 'background-sync' requested by: https://gum.criteo.com/
[2026-08-27 15:19:59.410] [warn]  [Permissions] Denied 'background-sync' requested by: https://gum.criteo.com/
[2026-08-27 15:19:59.799] [warn]  [Permissions] Denied 'background-sync' requested by: https://gum.criteo.com/
[2026-08-27 15:20:05.494] [info]  [AssetServer] Attempting to reconnect...
[2026-08-27 15:20:05.501] [info]  [AssetServer] No reconnect JWT available, going to Authenticator...
[2026-08-27 15:20:05.512] [warn]  [AssetServer] [RPC] Request 336 timed out!
[2026-08-27 15:20:05.545] [info]  [Auth] [Authenticator] Getting Lunar Client Token for Junior_00 (aa35297e424044cb8b676659959d35eb). Initiator is LAUNCHER_WEBSOCKET
[2026-08-27 15:20:05.547] [info]  [Auth] [Authenticator] No cached token found for Junior_00 (aa35297e424044cb8b676659959d35eb), requesting new token...
[2026-08-27 15:20:05.674] [info]  [Auth] [Authenticator] Connection opened for Junior_00 (aa35297e424044cb8b676659959d35eb)
[2026-08-27 15:20:05.730] [info]  [Auth] [Authenticator] Creating Minecraft session for Junior_00 (aa35297e424044cb8b676659959d35eb)...
[2026-08-27 15:20:06.094] [info]  [Auth] [Authenticator] Created Minecraft session for Junior_00 (aa35297e424044cb8b676659959d35eb)
[2026-08-27 15:20:06.318] [info]  [Auth] [Authenticator] Got Lunar Client Token for Junior_00 (aa35297e424044cb8b676659959d35eb)
[2026-08-27 15:20:06.418] [info]  [AssetServer] Reconnected to AssetServer!
[2026-08-27 15:20:06.430] [info]  [Auth] [Authenticator] Connection disconnected for Junior_00 (aa35297e424044cb8b676659959d35eb)
[2026-08-27 15:20:06.433] [info]  [Auth] [Authenticator] Code: 1000 - Reason: Issued.
[2026-08-27 15:20:06.673] [info]  [AssetServer] Connection opened!
[2026-08-27 15:20:06.674] [info]  [AssetServer] Sending initial connection handshake
[2026-08-27 15:20:06.677] [info]  [AssetServer] Starting service logins in parallel...
[2026-08-27 15:20:06.755] [info]  [AssetServer] Received session ID: d292a5d4-69cd-4ba3-b5b8-c91f735ea2f1
[2026-08-27 15:20:06.857] [info]  [Settings] Setting socials-visibility to 1...
[2026-08-27 15:20:06.902] [info]  [Settings] Setting default-screenshot-upload-privacy to 2...
[2026-08-27 15:20:06.914] [info]  [Settings] Setting incoming-gift-privacy to 1...
[2026-08-27 15:20:06.925] [info]  [Settings] Setting wrapped-leaderboard-visibility to 1...
[2026-08-27 15:20:06.935] [info]  [Settings] Setting cosmetic-ownership-visibility to 1...
[2026-08-27 15:20:06.982] [info]  [Promotions] Corner promotion exempt? false
[2026-08-27 15:20:06.985] [info]  [Settings] Setting allow-friend-requests to true...
[2026-08-27 15:20:06.995] [info]  [Settings] Setting last-seen-visibility to 1...
[2026-08-27 15:20:07.006] [info]  [Settings] Setting radio-playing-visibility to 1...
[2026-08-27 15:20:07.018] [info]  [AssetServer] Completed service logins!
[2026-08-27 15:20:33.928] [info]  [Updater] Checking for updates...
[2026-08-27 15:20:33.931] [info]           * Current Version: 3.7.16.12965
[2026-08-27 15:20:33.934] [info]           * Channel: latest-ow
[2026-08-27 15:20:33.936] [info]           * URL: https://launcherupdates.lunarclientcdn.com
[2026-08-27 15:20:33.937] [info]           * User Initiated: false
[2026-08-27 15:20:34.096] [info]  [Updater] No updates available.
[2026-08-27 15:20:34.098] [info]  [Updater] Update check returned a result... skipping: {"isUpdateAvailable":false,"versionInfo":{"version":"3.7.16-ow","files":[{"url":"Lunar Client v3.7.16-ow.exe","sha512":"K25vDcT8UO0xbMd4MX5URU+l33+vEILLkpsRkxPMYVfB+yP5gqHGuNWOOGgUOE0gH2g4j+1Mjo9AFnQDC35tng=="}],"path":"Lunar Client v3.7.16-ow.exe","sha512":"K25vDcT8UO0xbMd4MX5URU+l33+vEILLkpsRkxPMYVfB+yP5gqHGuNWOOGgUOE0gH2g4j+1Mjo9AFnQDC35tng==","packages":{"x64":{"size":112473965,"sha512":"f2R8yaxYfUc7t48Bk04LzCImKB27jTxQcAe6RAFE/2lMaHmhsNJCJ47S0XSDCCvUNJp5imIeKLPifHT4z+jt5g==","blockMapSize":116960,"path":"lunarclient-3.7.16-ow-x64.nsis.7z","file":"lunarclient-3.7.16-ow-x64.nsis.7z"}},"releaseDate":"2026-08-24T23:38:30.176Z"},"updateInfo":{"version":"3.7.16-ow","files":[{"url":"Lunar Client v3.7.16-ow.exe","sha512":"K25vDcT8UO0xbMd4MX5URU+l33+vEILLkpsRkxPMYVfB+yP5gqHGuNWOOGgUOE0gH2g4j+1Mjo9AFnQDC35tng=="}],"path":"Lunar Client v3.7.16-ow.exe","sha512":"K25vDcT8UO0xbMd4MX5URU+l33+vEILLkpsRkxPMYVfB+yP5gqHGuNWOOGgUOE0gH2g4j+1Mjo9AFnQDC35tng==","packages":{"x64":{"size":112473965,"sha512":"f2R8yaxYfUc7t48Bk04LzCImKB27jTxQcAe6RAFE/2lMaHmhsNJCJ47S0XSDCCvUNJp5imIeKLPifHT4z+jt5g==","blockMapSize":116960,"path":"lunarclient-3.7.16-ow-x64.nsis.7z","file":"lunarclient-3.7.16-ow-x64.nsis.7z"}},"releaseDate":"2026-08-24T23:38:30.176Z"}}
[2026-08-27 15:25:09.462] [warn]  [Permissions] Denied 'background-sync' requested by: 
[2026-08-27 15:25:19.414] [warn]  [Permissions] Denied 'background-sync' requested by: https://imasdk.googleapis.com/
[2026-08-27 15:25:36.174] [warn]  [Permissions] Denied 'background-sync' requested by: 
[2026-08-27 15:26:07.385] [warn]  [Permissions] Denied 'background-sync' requested by: 
[2026-08-27 15:26:59.714] [warn]  [Permissions] Denied 'background-sync' requested by: https://gum.criteo.com/
[2026-08-27 15:27:05.417] [warn]  [Permissions] Denied 'background-sync' requested by: https://htlb.casalemedia.com/
[2026-08-27 15:28:05.506] [warn]  [Permissions] Denied 'background-sync' requested by: https://htlb.casalemedia.com/
[2026-08-27 15:28:39.381] [warn]  [Permissions] Denied 'background-sync' requested by: https://aax-events-cell02-cf.us-east.3px.axp.amazon-adsystem.com/
[2026-08-27 15:28:40.985] [warn]  [Permissions] Denied 'background-sync' requested by: https://imasdk.googleapis.com/
[2026-08-27 15:29:05.492] [warn]  [Permissions] Denied 'background-sync' requested by: https://htlb.casalemedia.com/
[2026-08-27 15:29:38.657] [warn]  [Permissions] Denied 'background-sync' requested by: https://gum.criteo.com/
[2026-08-27 15:29:46.085] [warn]  [Permissions] Denied 'background-sync' requested by: https://gum.criteo.com/
[2026-08-27 15:30:01.531] [warn]  [Permissions] Denied 'background-sync' requested by: https://gum.criteo.com/
[2026-08-27 15:30:01.785] [warn]  [Permissions] Denied 'background-sync' requested by: https://gum.criteo.com/
[2026-08-27 15:30:05.507] [warn]  [Permissions] Denied 'background-sync' requested by: https://htlb.casalemedia.com/
[2026-08-27 15:31:05.544] [warn]  [Permissions] Denied 'background-sync' requested by: https://htlb.casalemedia.com/
[2026-08-27 15:32:05.536] [warn]  [Permissions] Denied 'background-sync' requested by: https://htlb.casalemedia.com/
[2026-08-27 15:33:05.557] [warn]  [Permissions] Denied 'background-sync' requested by: https://htlb.casalemedia.com/
[2026-08-27 15:34:05.569] [warn]  [Permissions] Denied 'background-sync' requested by: https://htlb.casalemedia.com/
[2026-08-27 15:35:05.583] [warn]  [Permissions] Denied 'background-sync' requested by: https://htlb.casalemedia.com/
[2026-08-27 15:35:33.956] [info]  [Updater] Checking for updates...
[2026-08-27 15:35:33.960] [info]           * Current Version: 3.7.16.12965
[2026-08-27 15:35:33.965] [info]           * Channel: latest-ow
[2026-08-27 15:35:33.967] [info]           * URL: https://launcherupdates.lunarclientcdn.com
[2026-08-27 15:35:33.971] [info]           * User Initiated: false
[2026-08-27 15:35:34.433] [info]  [Updater] No updates available.
[2026-08-27 15:35:34.435] [info]  [Updater] Update check returned a result... skipping: {"isUpdateAvailable":false,"versionInfo":{"version":"3.7.16-ow","files":[{"url":"Lunar Client v3.7.16-ow.exe","sha512":"K25vDcT8UO0xbMd4MX5URU+l33+vEILLkpsRkxPMYVfB+yP5gqHGuNWOOGgUOE0gH2g4j+1Mjo9AFnQDC35tng=="}],"path":"Lunar Client v3.7.16-ow.exe","sha512":"K25vDcT8UO0xbMd4MX5URU+l33+vEILLkpsRkxPMYVfB+yP5gqHGuNWOOGgUOE0gH2g4j+1Mjo9AFnQDC35tng==","packages":{"x64":{"size":112473965,"sha512":"f2R8yaxYfUc7t48Bk04LzCImKB27jTxQcAe6RAFE/2lMaHmhsNJCJ47S0XSDCCvUNJp5imIeKLPifHT4z+jt5g==","blockMapSize":116960,"path":"lunarclient-3.7.16-ow-x64.nsis.7z","file":"lunarclient-3.7.16-ow-x64.nsis.7z"}},"releaseDate":"2026-08-24T23:38:30.176Z"},"updateInfo":{"version":"3.7.16-ow","files":[{"url":"Lunar Client v3.7.16-ow.exe","sha512":"K25vDcT8UO0xbMd4MX5URU+l33+vEILLkpsRkxPMYVfB+yP5gqHGuNWOOGgUOE0gH2g4j+1Mjo9AFnQDC35tng=="}],"path":"Lunar Client v3.7.16-ow.exe","sha512":"K25vDcT8UO0xbMd4MX5URU+l33+vEILLkpsRkxPMYVfB+yP5gqHGuNWOOGgUOE0gH2g4j+1Mjo9AFnQDC35tng==","packages":{"x64":{"size":112473965,"sha512":"f2R8yaxYfUc7t48Bk04LzCImKB27jTxQcAe6RAFE/2lMaHmhsNJCJ47S0XSDCCvUNJp5imIeKLPifHT4z+jt5g==","blockMapSize":116960,"path":"lunarclient-3.7.16-ow-x64.nsis.7z","file":"lunarclient-3.7.16-ow-x64.nsis.7z"}},"releaseDate":"2026-08-24T23:38:30.176Z"}}
[2026-08-27 15:35:37.604] [warn]  [Permissions] Denied 'background-sync' requested by: https://aax-events-cell02-cf.us-east.3px.axp.amazon-adsystem.com/
[2026-08-27 15:35:41.865] [warn]  [Permissions] Denied 'background-sync' requested by: https://aax-events-cell02-cf.us-east.3px.axp.amazon-adsystem.com/
[2026-08-27 15:35:42.808] [warn]  [Permissions] Denied 'background-sync' requested by: https://aax-events-cell02-cf.us-east.3px.axp.amazon-adsystem.com/
[2026-08-27 15:36:05.620] [warn]  [Permissions] Denied 'background-sync' requested by: https://htlb.casalemedia.com/
[2026-08-27 15:36:08.978] [warn]  [Permissions] Denied 'background-sync' requested by: https://imasdk.googleapis.com/
[2026-08-27 15:36:16.062] [warn]  [Permissions] Denied 'background-sync' requested by: https://aax-events-cell02-cf.us-east.3px.axp.amazon-adsystem.com/
[2026-08-27 15:36:43.279] [warn]  [Permissions] Denied 'background-sync' requested by: https://aax-events-cell02-cf.us-east.3px.axp.amazon-adsystem.com/
[2026-08-27 15:36:57.754] [warn]  [Permissions] Denied 'background-sync' requested by: https://aax-events-cell02-cf.us-east.3px.axp.amazon-adsystem.com/
[2026-08-27 15:37:05.603] [warn]  [Permissions] Denied 'background-sync' requested by: https://htlb.casalemedia.com/
[2026-08-27 15:38:05.615] [warn]  [Permissions] Denied 'background-sync' requested by: https://htlb.casalemedia.com/
[2026-08-27 15:39:05.619] [warn]  [Permissions] Denied 'background-sync' requested by: https://htlb.casalemedia.com/
[2026-08-27 15:40:05.639] [warn]  [Permissions] Denied 'background-sync' requested by: https://htlb.casalemedia.com/
[2026-08-27 15:41:05.637] [warn]  [Permissions] Denied 'background-sync' requested by: https://htlb.casalemedia.com/
[2026-08-27 15:42:05.656] [warn]  [Permissions] Denied 'background-sync' requested by: https://htlb.casalemedia.com/
[2026-08-27 15:43:05.663] [warn]  [Permissions] Denied 'background-sync' requested by: https://htlb.casalemedia.com/
[2026-08-27 15:44:05.661] [warn]  [Permissions] Denied 'background-sync' requested by: https://htlb.casalemedia.com/
[2026-08-27 15:45:05.675] [warn]  [Permissions] Denied 'background-sync' requested by: https://htlb.casalemedia.com/
[2026-08-27 15:45:32.400] [warn]  [Permissions] Denied 'background-sync' requested by: https://imasdk.googleapis.com/
[2026-08-27 15:46:05.681] [warn]  [Permissions] Denied 'background-sync' requested by: https://htlb.casalemedia.com/
[2026-08-27 15:47:05.694] [warn]  [Permissions] Denied 'background-sync' requested by: https://htlb.casalemedia.com/
[2026-08-27 15:47:40.407] [warn]  [Permissions] Denied 'background-sync' requested by: https://imasdk.googleapis.com/
[2026-08-27 15:48:05.723] [warn]  [Permissions] Denied 'background-sync' requested by: https://htlb.casalemedia.com/
[2026-08-27 15:49:05.720] [warn]  [Permissions] Denied 'background-sync' requested by: https://htlb.casalemedia.com/
[2026-08-27 15:49:59.727] [warn]  [Permissions] Denied 'background-sync' requested by: https://gum.criteo.com/
[2026-08-27 15:50:05.727] [warn]  [Permissions] Denied 'background-sync' requested by: https://htlb.casalemedia.com/
[2026-08-27 15:50:13.044] [warn]  [Permissions] Denied 'background-sync' requested by: https://gum.criteo.com/
[2026-08-27 15:50:13.479] [warn]  [Permissions] Denied 'background-sync' requested by: https://gum.criteo.com/
[2026-08-27 15:50:33.949] [info]  [Updater] Checking for updates...
[2026-08-27 15:50:33.952] [info]           * Current Version: 3.7.16.12965
[2026-08-27 15:50:33.954] [info]           * Channel: latest-ow
[2026-08-27 15:50:33.957] [info]           * URL: https://launcherupdates.lunarclientcdn.com
[2026-08-27 15:50:33.959] [info]           * User Initiated: false
[2026-08-27 15:50:34.163] [info]  [Updater] No updates available.
[2026-08-27 15:50:34.165] [info]  [Updater] Update check returned a result... skipping: {"isUpdateAvailable":false,"versionInfo":{"version":"3.7.16-ow","files":[{"url":"Lunar Client v3.7.16-ow.exe","sha512":"K25vDcT8UO0xbMd4MX5URU+l33+vEILLkpsRkxPMYVfB+yP5gqHGuNWOOGgUOE0gH2g4j+1Mjo9AFnQDC35tng=="}],"path":"Lunar Client v3.7.16-ow.exe","sha512":"K25vDcT8UO0xbMd4MX5URU+l33+vEILLkpsRkxPMYVfB+yP5gqHGuNWOOGgUOE0gH2g4j+1Mjo9AFnQDC35tng==","packages":{"x64":{"size":112473965,"sha512":"f2R8yaxYfUc7t48Bk04LzCImKB27jTxQcAe6RAFE/2lMaHmhsNJCJ47S0XSDCCvUNJp5imIeKLPifHT4z+jt5g==","blockMapSize":116960,"path":"lunarclient-3.7.16-ow-x64.nsis.7z","file":"lunarclient-3.7.16-ow-x64.nsis.7z"}},"releaseDate":"2026-08-24T23:38:30.176Z"},"updateInfo":{"version":"3.7.16-ow","files":[{"url":"Lunar Client v3.7.16-ow.exe","sha512":"K25vDcT8UO0xbMd4MX5URU+l33+vEILLkpsRkxPMYVfB+yP5gqHGuNWOOGgUOE0gH2g4j+1Mjo9AFnQDC35tng=="}],"path":"Lunar Client v3.7.16-ow.exe","sha512":"K25vDcT8UO0xbMd4MX5URU+l33+vEILLkpsRkxPMYVfB+yP5gqHGuNWOOGgUOE0gH2g4j+1Mjo9AFnQDC35tng==","packages":{"x64":{"size":112473965,"sha512":"f2R8yaxYfUc7t48Bk04LzCImKB27jTxQcAe6RAFE/2lMaHmhsNJCJ47S0XSDCCvUNJp5imIeKLPifHT4z+jt5g==","blockMapSize":116960,"path":"lunarclient-3.7.16-ow-x64.nsis.7z","file":"lunarclient-3.7.16-ow-x64.nsis.7z"}},"releaseDate":"2026-08-24T23:38:30.176Z"}}
[2026-08-27 15:51:05.741] [warn]  [Permissions] Denied 'background-sync' requested by: https://htlb.casalemedia.com/
[2026-08-27 15:51:23.832] [warn]  [Permissions] Denied 'background-sync' requested by: https://gum.criteo.com/
[2026-08-27 15:52:05.744] [warn]  [Permissions] Denied 'background-sync' requested by: https://htlb.casalemedia.com/
[2026-08-27 15:53:05.758] [warn]  [Permissions] Denied 'background-sync' requested by: https://htlb.casalemedia.com/
[2026-08-27 15:53:14.779] [warn]  [Permissions] Denied 'background-sync' requested by: https://imasdk.googleapis.com/
[2026-08-27 15:54:05.772] [warn]  [Permissions] Denied 'background-sync' requested by: https://htlb.casalemedia.com/
[2026-08-27 15:55:05.788] [warn]  [Permissions] Denied 'background-sync' requested by: https://htlb.casalemedia.com/
[2026-08-27 15:55:10.728] [warn]  [Permissions] Denied 'background-sync' requested by: https://imasdk.googleapis.com/
[2026-08-27 15:56:05.795] [warn]  [Permissions] Denied 'background-sync' requested by: https://htlb.casalemedia.com/
[2026-08-27 15:57:05.798] [warn]  [Permissions] Denied 'background-sync' requested by: https://htlb.casalemedia.com/
[2026-08-27 15:58:05.804] [warn]  [Permissions] Denied 'background-sync' requested by: https://htlb.casalemedia.com/
[2026-08-27 16:03:38.225] [warn]  [Permissions] Denied 'background-sync' requested by: https://imasdk.googleapis.com/
[2026-08-27 16:05:33.958] [info]  [Updater] Checking for updates...
[2026-08-27 16:05:33.962] [info]           * Current Version: 3.7.16.12965
[2026-08-27 16:05:33.964] [info]           * Channel: latest-ow
[2026-08-27 16:05:33.966] [info]           * URL: https://launcherupdates.lunarclientcdn.com
[2026-08-27 16:05:33.967] [info]           * User Initiated: false
[2026-08-27 16:05:34.130] [info]  [Updater] No updates available.
[2026-08-27 16:05:34.131] [info]  [Updater] Update check returned a result... skipping: {"isUpdateAvailable":false,"versionInfo":{"version":"3.7.16-ow","files":[{"url":"Lunar Client v3.7.16-ow.exe","sha512":"K25vDcT8UO0xbMd4MX5URU+l33+vEILLkpsRkxPMYVfB+yP5gqHGuNWOOGgUOE0gH2g4j+1Mjo9AFnQDC35tng=="}],"path":"Lunar Client v3.7.16-ow.exe","sha512":"K25vDcT8UO0xbMd4MX5URU+l33+vEILLkpsRkxPMYVfB+yP5gqHGuNWOOGgUOE0gH2g4j+1Mjo9AFnQDC35tng==","packages":{"x64":{"size":112473965,"sha512":"f2R8yaxYfUc7t48Bk04LzCImKB27jTxQcAe6RAFE/2lMaHmhsNJCJ47S0XSDCCvUNJp5imIeKLPifHT4z+jt5g==","blockMapSize":116960,"path":"lunarclient-3.7.16-ow-x64.nsis.7z","file":"lunarclient-3.7.16-ow-x64.nsis.7z"}},"releaseDate":"2026-08-24T23:38:30.176Z"},"updateInfo":{"version":"3.7.16-ow","files":[{"url":"Lunar Client v3.7.16-ow.exe","sha512":"K25vDcT8UO0xbMd4MX5URU+l33+vEILLkpsRkxPMYVfB+yP5gqHGuNWOOGgUOE0gH2g4j+1Mjo9AFnQDC35tng=="}],"path":"Lunar Client v3.7.16-ow.exe","sha512":"K25vDcT8UO0xbMd4MX5URU+l33+vEILLkpsRkxPMYVfB+yP5gqHGuNWOOGgUOE0gH2g4j+1Mjo9AFnQDC35tng==","packages":{"x64":{"size":112473965,"sha512":"f2R8yaxYfUc7t48Bk04LzCImKB27jTxQcAe6RAFE/2lMaHmhsNJCJ47S0XSDCCvUNJp5imIeKLPifHT4z+jt5g==","blockMapSize":116960,"path":"lunarclient-3.7.16-ow-x64.nsis.7z","file":"lunarclient-3.7.16-ow-x64.nsis.7z"}},"releaseDate":"2026-08-24T23:38:30.176Z"}}
[2026-08-27 16:06:28.888] [warn]  [Watchdog] Main process event loop stalled for ~21926ms (cpu: ~156ms)
[2026-08-27 16:09:05.919] [warn]  [Permissions] Denied 'background-sync' requested by: https://htlb.casalemedia.com/
[2026-08-27 16:10:05.933] [warn]  [Permissions] Denied 'background-sync' requested by: https://htlb.casalemedia.com/
[2026-08-27 16:10:29.722] [warn]  [Permissions] Denied 'background-sync' requested by: https://gum.criteo.com/
[2026-08-27 16:10:42.035] [warn]  [Permissions] Denied 'background-sync' requested by: https://gum.criteo.com/
[2026-08-27 16:10:42.856] [warn]  [Permissions] Denied 'background-sync' requested by: https://gum.criteo.com/
[2026-08-27 16:11:05.943] [warn]  [Permissions] Denied 'background-sync' requested by: https://htlb.casalemedia.com/
[2026-08-27 16:11:15.019] [warn]  [Permissions] Denied 'background-sync' requested by: https://gum.criteo.com/
[2026-08-27 16:11:36.747] [warn]  [Permissions] Denied 'background-sync' requested by: https://aax-events-cell02-cf.us-east.3px.axp.amazon-adsystem.com/
[2026-08-27 16:12:05.946] [warn]  [Permissions] Denied 'background-sync' requested by: https://htlb.casalemedia.com/
[2026-08-27 16:12:37.386] [warn]  [Permissions] Denied 'background-sync' requested by: https://aax-events-cell02-cf.us-west.3px.axp.amazon-adsystem.com/
[2026-08-27 16:13:05.960] [warn]  [Permissions] Denied 'background-sync' requested by: https://htlb.casalemedia.com/
[2026-08-27 16:14:05.974] [warn]  [Permissions] Denied 'background-sync' requested by: https://htlb.casalemedia.com/
[2026-08-27 16:15:05.976] [warn]  [Permissions] Denied 'background-sync' requested by: https://htlb.casalemedia.com/
[2026-08-27 16:16:05.996] [warn]  [Permissions] Denied 'background-sync' requested by: https://htlb.casalemedia.com/
[2026-08-27 16:17:05.999] [warn]  [Permissions] Denied 'background-sync' requested by: https://htlb.casalemedia.com/
[2026-08-27 16:17:45.273] [warn]  [Permissions] Denied 'background-sync' requested by: https://aax-events-cell02-cf.us-west.3px.axp.amazon-adsystem.com/
[2026-08-27 16:18:06.000] [warn]  [Permissions] Denied 'background-sync' requested by: https://htlb.casalemedia.com/
[2026-08-27 16:19:06.004] [warn]  [Permissions] Denied 'background-sync' requested by: https://htlb.casalemedia.com/
[2026-08-27 16:20:06.021] [warn]  [Permissions] Denied 'background-sync' requested by: https://htlb.casalemedia.com/
[2026-08-27 16:20:33.951] [info]  [Updater] Checking for updates...
[2026-08-27 16:20:33.952] [info]           * Current Version: 3.7.16.12965
[2026-08-27 16:20:33.954] [info]           * Channel: latest-ow
[2026-08-27 16:20:33.956] [info]           * URL: https://launcherupdates.lunarclientcdn.com
[2026-08-27 16:20:33.958] [info]           * User Initiated: false
[2026-08-27 16:20:34.136] [info]  [Updater] No updates available.
[2026-08-27 16:20:34.138] [info]  [Updater] Update check returned a result... skipping: {"isUpdateAvailable":false,"versionInfo":{"version":"3.7.16-ow","files":[{"url":"Lunar Client v3.7.16-ow.exe","sha512":"K25vDcT8UO0xbMd4MX5URU+l33+vEILLkpsRkxPMYVfB+yP5gqHGuNWOOGgUOE0gH2g4j+1Mjo9AFnQDC35tng=="}],"path":"Lunar Client v3.7.16-ow.exe","sha512":"K25vDcT8UO0xbMd4MX5URU+l33+vEILLkpsRkxPMYVfB+yP5gqHGuNWOOGgUOE0gH2g4j+1Mjo9AFnQDC35tng==","packages":{"x64":{"size":112473965,"sha512":"f2R8yaxYfUc7t48Bk04LzCImKB27jTxQcAe6RAFE/2lMaHmhsNJCJ47S0XSDCCvUNJp5imIeKLPifHT4z+jt5g==","blockMapSize":116960,"path":"lunarclient-3.7.16-ow-x64.nsis.7z","file":"lunarclient-3.7.16-ow-x64.nsis.7z"}},"releaseDate":"2026-08-24T23:38:30.176Z"},"updateInfo":{"version":"3.7.16-ow","files":[{"url":"Lunar Client v3.7.16-ow.exe","sha512":"K25vDcT8UO0xbMd4MX5URU+l33+vEILLkpsRkxPMYVfB+yP5gqHGuNWOOGgUOE0gH2g4j+1Mjo9AFnQDC35tng=="}],"path":"Lunar Client v3.7.16-ow.exe","sha512":"K25vDcT8UO0xbMd4MX5URU+l33+vEILLkpsRkxPMYVfB+yP5gqHGuNWOOGgUOE0gH2g4j+1Mjo9AFnQDC35tng==","packages":{"x64":{"size":112473965,"sha512":"f2R8yaxYfUc7t48Bk04LzCImKB27jTxQcAe6RAFE/2lMaHmhsNJCJ47S0XSDCCvUNJp5imIeKLPifHT4z+jt5g==","blockMapSize":116960,"path":"lunarclient-3.7.16-ow-x64.nsis.7z","file":"lunarclient-3.7.16-ow-x64.nsis.7z"}},"releaseDate":"2026-08-24T23:38:30.176Z"}}
[2026-08-27 16:21:06.024] [warn]  [Permissions] Denied 'background-sync' requested by: https://htlb.casalemedia.com/
[2026-08-27 16:22:06.033] [warn]  [Permissions] Denied 'background-sync' requested by: https://htlb.casalemedia.com/
[2026-08-27 16:22:48.816] [warn]  [Permissions] Denied 'background-sync' requested by: https://aax-events-cell02-cf.us-west.3px.axp.amazon-adsystem.com/
[2026-08-27 16:23:02.057] [warn]  [Permissions] Denied 'background-sync' requested by: https://imasdk.googleapis.com/
[2026-08-27 16:23:06.053] [warn]  [Permissions] Denied 'background-sync' requested by: https://htlb.casalemedia.com/
[2026-08-27 16:24:06.057] [warn]  [Permissions] Denied 'background-sync' requested by: https://htlb.casalemedia.com/
[2026-08-27 16:25:06.061] [warn]  [Permissions] Denied 'background-sync' requested by: https://htlb.casalemedia.com/
[2026-08-27 16:26:06.070] [warn]  [Permissions] Denied 'background-sync' requested by: https://htlb.casalemedia.com/
[2026-08-27 16:27:06.075] [warn]  [Permissions] Denied 'background-sync' requested by: https://htlb.casalemedia.com/
[2026-08-27 16:27:52.141] [warn]  [Permissions] Denied 'background-sync' requested by: https://aax-events-cell02-cf.us-west.3px.axp.amazon-adsystem.com/
[2026-08-27 16:28:06.083] [warn]  [Permissions] Denied 'background-sync' requested by: https://htlb.casalemedia.com/
[2026-08-27 16:29:06.089] [warn]  [Permissions] Denied 'background-sync' requested by: https://htlb.casalemedia.com/
[2026-08-27 16:29:13.029] [warn]  [Permissions] Denied 'background-sync' requested by: https://imasdk.googleapis.com/
[2026-08-27 16:30:06.095] [warn]  [Permissions] Denied 'background-sync' requested by: https://htlb.casalemedia.com/
[2026-08-27 16:31:06.099] [warn]  [Permissions] Denied 'background-sync' requested by: https://htlb.casalemedia.com/
[2026-08-27 16:31:27.364] [warn]  [Permissions] Denied 'background-sync' requested by: https://gum.criteo.com/
[2026-08-27 16:31:38.180] [warn]  [Permissions] Denied 'background-sync' requested by: https://gum.criteo.com/
[2026-08-27 16:31:38.223] [warn]  [Permissions] Denied 'background-sync' requested by: https://gum.criteo.com/
[2026-08-27 16:32:00.384] [warn]  [Permissions] Denied 'background-sync' requested by: https://gum.criteo.com/
[2026-08-27 16:32:06.111] [warn]  [Permissions] Denied 'background-sync' requested by: https://htlb.casalemedia.com/
[2026-08-27 16:33:06.112] [warn]  [Permissions] Denied 'background-sync' requested by: https://htlb.casalemedia.com/
[2026-08-27 16:34:06.115] [warn]  [Permissions] Denied 'background-sync' requested by: https://htlb.casalemedia.com/
[2026-08-27 16:34:12.111] [warn]  [Permissions] Denied 'background-sync' requested by: https://aax-events-cell02-cf.us-west.3px.axp.amazon-adsystem.com/
[2026-08-27 16:34:59.841] [warn]  [Permissions] Denied 'background-sync' requested by: https://imasdk.googleapis.com/
[2026-08-27 16:35:06.115] [warn]  [Permissions] Denied 'background-sync' requested by: https://htlb.casalemedia.com/
[2026-08-27 16:35:33.963] [info]  [Updater] Checking for updates...
[2026-08-27 16:35:33.964] [info]           * Current Version: 3.7.16.12965
[2026-08-27 16:35:33.966] [info]           * Channel: latest-ow
[2026-08-27 16:35:33.967] [info]           * URL: https://launcherupdates.lunarclientcdn.com
[2026-08-27 16:35:33.968] [info]           * User Initiated: false
[2026-08-27 16:35:34.175] [info]  [Updater] No updates available.
[2026-08-27 16:35:34.177] [info]  [Updater] Update check returned a result... skipping: {"isUpdateAvailable":false,"versionInfo":{"version":"3.7.16-ow","files":[{"url":"Lunar Client v3.7.16-ow.exe","sha512":"K25vDcT8UO0xbMd4MX5URU+l33+vEILLkpsRkxPMYVfB+yP5gqHGuNWOOGgUOE0gH2g4j+1Mjo9AFnQDC35tng=="}],"path":"Lunar Client v3.7.16-ow.exe","sha512":"K25vDcT8UO0xbMd4MX5URU+l33+vEILLkpsRkxPMYVfB+yP5gqHGuNWOOGgUOE0gH2g4j+1Mjo9AFnQDC35tng==","packages":{"x64":{"size":112473965,"sha512":"f2R8yaxYfUc7t48Bk04LzCImKB27jTxQcAe6RAFE/2lMaHmhsNJCJ47S0XSDCCvUNJp5imIeKLPifHT4z+jt5g==","blockMapSize":116960,"path":"lunarclient-3.7.16-ow-x64.nsis.7z","file":"lunarclient-3.7.16-ow-x64.nsis.7z"}},"releaseDate":"2026-08-24T23:38:30.176Z"},"updateInfo":{"version":"3.7.16-ow","files":[{"url":"Lunar Client v3.7.16-ow.exe","sha512":"K25vDcT8UO0xbMd4MX5URU+l33+vEILLkpsRkxPMYVfB+yP5gqHGuNWOOGgUOE0gH2g4j+1Mjo9AFnQDC35tng=="}],"path":"Lunar Client v3.7.16-ow.exe","sha512":"K25vDcT8UO0xbMd4MX5URU+l33+vEILLkpsRkxPMYVfB+yP5gqHGuNWOOGgUOE0gH2g4j+1Mjo9AFnQDC35tng==","packages":{"x64":{"size":112473965,"sha512":"f2R8yaxYfUc7t48Bk04LzCImKB27jTxQcAe6RAFE/2lMaHmhsNJCJ47S0XSDCCvUNJp5imIeKLPifHT4z+jt5g==","blockMapSize":116960,"path":"lunarclient-3.7.16-ow-x64.nsis.7z","file":"lunarclient-3.7.16-ow-x64.nsis.7z"}},"releaseDate":"2026-08-24T23:38:30.176Z"}}
[2026-08-27 16:36:06.120] [warn]  [Permissions] Denied 'background-sync' requested by: https://htlb.casalemedia.com/
[2026-08-27 16:37:06.121] [warn]  [Permissions] Denied 'background-sync' requested by: https://htlb.casalemedia.com/
[2026-08-27 16:38:06.126] [warn]  [Permissions] Denied 'background-sync' requested by: https://htlb.casalemedia.com/
[2026-08-27 16:39:06.134] [warn]  [Permissions] Denied 'background-sync' requested by: https://htlb.casalemedia.com/
[2026-08-27 16:43:19.934] [warn]  [Permissions] Denied 'background-sync' requested by: 
[2026-08-27 16:44:28.200] [warn]  [Permissions] Denied 'background-sync' requested by: https://imasdk.googleapis.com/
[2026-08-27 16:50:33.972] [info]  [Updater] Checking for updates...
[2026-08-27 16:50:33.975] [info]           * Current Version: 3.7.16.12965
[2026-08-27 16:50:33.977] [info]           * Channel: latest-ow
[2026-08-27 16:50:33.982] [info]           * URL: https://launcherupdates.lunarclientcdn.com
[2026-08-27 16:50:33.984] [info]           * User Initiated: false
[2026-08-27 16:50:34.177] [info]  [Updater] No updates available.
[2026-08-27 16:50:34.181] [info]  [Updater] Update check returned a result... skipping: {"isUpdateAvailable":false,"versionInfo":{"version":"3.7.16-ow","files":[{"url":"Lunar Client v3.7.16-ow.exe","sha512":"K25vDcT8UO0xbMd4MX5URU+l33+vEILLkpsRkxPMYVfB+yP5gqHGuNWOOGgUOE0gH2g4j+1Mjo9AFnQDC35tng=="}],"path":"Lunar Client v3.7.16-ow.exe","sha512":"K25vDcT8UO0xbMd4MX5URU+l33+vEILLkpsRkxPMYVfB+yP5gqHGuNWOOGgUOE0gH2g4j+1Mjo9AFnQDC35tng==","packages":{"x64":{"size":112473965,"sha512":"f2R8yaxYfUc7t48Bk04LzCImKB27jTxQcAe6RAFE/2lMaHmhsNJCJ47S0XSDCCvUNJp5imIeKLPifHT4z+jt5g==","blockMapSize":116960,"path":"lunarclient-3.7.16-ow-x64.nsis.7z","file":"lunarclient-3.7.16-ow-x64.nsis.7z"}},"releaseDate":"2026-08-24T23:38:30.176Z"},"updateInfo":{"version":"3.7.16-ow","files":[{"url":"Lunar Client v3.7.16-ow.exe","sha512":"K25vDcT8UO0xbMd4MX5URU+l33+vEILLkpsRkxPMYVfB+yP5gqHGuNWOOGgUOE0gH2g4j+1Mjo9AFnQDC35tng=="}],"path":"Lunar Client v3.7.16-ow.exe","sha512":"K25vDcT8UO0xbMd4MX5URU+l33+vEILLkpsRkxPMYVfB+yP5gqHGuNWOOGgUOE0gH2g4j+1Mjo9AFnQDC35tng==","packages":{"x64":{"size":112473965,"sha512":"f2R8yaxYfUc7t48Bk04LzCImKB27jTxQcAe6RAFE/2lMaHmhsNJCJ47S0XSDCCvUNJp5imIeKLPifHT4z+jt5g==","blockMapSize":116960,"path":"lunarclient-3.7.16-ow-x64.nsis.7z","file":"lunarclient-3.7.16-ow-x64.nsis.7z"}},"releaseDate":"2026-08-24T23:38:30.176Z"}}
[2026-08-27 16:51:32.559] [warn]  [Permissions] Denied 'background-sync' requested by: https://gum.criteo.com/
[2026-08-27 16:51:43.479] [warn]  [Permissions] Denied 'background-sync' requested by: https://gum.criteo.com/
[2026-08-27 16:51:43.493] [warn]  [Permissions] Denied 'background-sync' requested by: https://gum.criteo.com/
[2026-08-27 16:52:32.735] [warn]  [Permissions] Denied 'background-sync' requested by: https://gum.criteo.com/
[2026-08-27 16:54:12.354] [warn]  [Permissions] Denied 'background-sync' requested by: https://imasdk.googleapis.com/
[2026-08-27 16:59:25.432] [warn]  [Permissions] Denied 'background-sync' requested by: https://imasdk.googleapis.com/
[2026-08-27 17:03:25.300] [warn]  [Permissions] Denied 'background-sync' requested by: https://gum.criteo.com/
[2026-08-27 17:03:25.897] [warn]  [Permissions] Denied 'background-sync' requested by: https://gum.criteo.com/
[2026-08-27 17:03:39.494] [warn]  [Permissions] Denied 'background-sync' requested by: https://gum.criteo.com/
[2026-08-27 17:03:39.654] [warn]  [Permissions] Denied 'background-sync' requested by: https://gum.criteo.com/
[2026-08-27 17:03:51.336] [warn]  [Permissions] Denied 'background-sync' requested by: https://imasdk.googleapis.com/
[2026-08-27 17:05:12.655] [warn]  [Permissions] Denied 'background-sync' requested by: https://imasdk.googleapis.com/
[2026-08-27 17:05:33.981] [info]  [Updater] Checking for updates...
[2026-08-27 17:05:33.987] [info]           * Current Version: 3.7.16.12965
[2026-08-27 17:05:33.992] [info]           * Channel: latest-ow
[2026-08-27 17:05:34.001] [info]           * URL: https://launcherupdates.lunarclientcdn.com
[2026-08-27 17:05:34.017] [info]           * User Initiated: false
[2026-08-27 17:05:34.444] [info]  [Updater] No updates available.
[2026-08-27 17:05:34.454] [info]  [Updater] Update check returned a result... skipping: {"isUpdateAvailable":false,"versionInfo":{"version":"3.7.16-ow","files":[{"url":"Lunar Client v3.7.16-ow.exe","sha512":"K25vDcT8UO0xbMd4MX5URU+l33+vEILLkpsRkxPMYVfB+yP5gqHGuNWOOGgUOE0gH2g4j+1Mjo9AFnQDC35tng=="}],"path":"Lunar Client v3.7.16-ow.exe","sha512":"K25vDcT8UO0xbMd4MX5URU+l33+vEILLkpsRkxPMYVfB+yP5gqHGuNWOOGgUOE0gH2g4j+1Mjo9AFnQDC35tng==","packages":{"x64":{"size":112473965,"sha512":"f2R8yaxYfUc7t48Bk04LzCImKB27jTxQcAe6RAFE/2lMaHmhsNJCJ47S0XSDCCvUNJp5imIeKLPifHT4z+jt5g==","blockMapSize":116960,"path":"lunarclient-3.7.16-ow-x64.nsis.7z","file":"lunarclient-3.7.16-ow-x64.nsis.7z"}},"releaseDate":"2026-08-24T23:38:30.176Z"},"updateInfo":{"version":"3.7.16-ow","files":[{"url":"Lunar Client v3.7.16-ow.exe","sha512":"K25vDcT8UO0xbMd4MX5URU+l33+vEILLkpsRkxPMYVfB+yP5gqHGuNWOOGgUOE0gH2g4j+1Mjo9AFnQDC35tng=="}],"path":"Lunar Client v3.7.16-ow.exe","sha512":"K25vDcT8UO0xbMd4MX5URU+l33+vEILLkpsRkxPMYVfB+yP5gqHGuNWOOGgUOE0gH2g4j+1Mjo9AFnQDC35tng==","packages":{"x64":{"size":112473965,"sha512":"f2R8yaxYfUc7t48Bk04LzCImKB27jTxQcAe6RAFE/2lMaHmhsNJCJ47S0XSDCCvUNJp5imIeKLPifHT4z+jt5g==","blockMapSize":116960,"path":"lunarclient-3.7.16-ow-x64.nsis.7z","file":"lunarclient-3.7.16-ow-x64.nsis.7z"}},"releaseDate":"2026-08-24T23:38:30.176Z"}}
[2026-08-27 17:14:56.684] [warn]  [Permissions] Denied 'background-sync' requested by: 
[2026-08-27 17:19:39.218] [warn]  [Watchdog] Main process event loop stalled for ~1735ms (cpu: ~484ms)
[2026-08-27 17:20:33.980] [info]  [Updater] Checking for updates...
[2026-08-27 17:20:33.983] [info]           * Current Version: 3.7.16.12965
[2026-08-27 17:20:33.986] [info]           * Channel: latest-ow
[2026-08-27 17:20:33.988] [info]           * URL: https://launcherupdates.lunarclientcdn.com
[2026-08-27 17:20:33.990] [info]           * User Initiated: false
[2026-08-27 17:20:34.139] [info]  [Updater] No updates available.
[2026-08-27 17:20:34.141] [info]  [Updater] Update check returned a result... skipping: {"isUpdateAvailable":false,"versionInfo":{"version":"3.7.16-ow","files":[{"url":"Lunar Client v3.7.16-ow.exe","sha512":"K25vDcT8UO0xbMd4MX5URU+l33+vEILLkpsRkxPMYVfB+yP5gqHGuNWOOGgUOE0gH2g4j+1Mjo9AFnQDC35tng=="}],"path":"Lunar Client v3.7.16-ow.exe","sha512":"K25vDcT8UO0xbMd4MX5URU+l33+vEILLkpsRkxPMYVfB+yP5gqHGuNWOOGgUOE0gH2g4j+1Mjo9AFnQDC35tng==","packages":{"x64":{"size":112473965,"sha512":"f2R8yaxYfUc7t48Bk04LzCImKB27jTxQcAe6RAFE/2lMaHmhsNJCJ47S0XSDCCvUNJp5imIeKLPifHT4z+jt5g==","blockMapSize":116960,"path":"lunarclient-3.7.16-ow-x64.nsis.7z","file":"lunarclient-3.7.16-ow-x64.nsis.7z"}},"releaseDate":"2026-08-24T23:38:30.176Z"},"updateInfo":{"version":"3.7.16-ow","files":[{"url":"Lunar Client v3.7.16-ow.exe","sha512":"K25vDcT8UO0xbMd4MX5URU+l33+vEILLkpsRkxPMYVfB+yP5gqHGuNWOOGgUOE0gH2g4j+1Mjo9AFnQDC35tng=="}],"path":"Lunar Client v3.7.16-ow.exe","sha512":"K25vDcT8UO0xbMd4MX5URU+l33+vEILLkpsRkxPMYVfB+yP5gqHGuNWOOGgUOE0gH2g4j+1Mjo9AFnQDC35tng==","packages":{"x64":{"size":112473965,"sha512":"f2R8yaxYfUc7t48Bk04LzCImKB27jTxQcAe6RAFE/2lMaHmhsNJCJ47S0XSDCCvUNJp5imIeKLPifHT4z+jt5g==","blockMapSize":116960,"path":"lunarclient-3.7.16-ow-x64.nsis.7z","file":"lunarclient-3.7.16-ow-x64.nsis.7z"}},"releaseDate":"2026-08-24T23:38:30.176Z"}}
[2026-08-27 17:23:56.284] [warn]  [Permissions] Denied 'background-sync' requested by: https://gum.criteo.com/
[2026-08-27 17:25:19.716] [warn]  [Permissions] Denied 'background-sync' requested by: https://gum.criteo.com/
[2026-08-27 17:25:33.095] [warn]  [Permissions] Denied 'background-sync' requested by: https://gum.criteo.com/
[2026-08-27 17:25:33.421] [warn]  [Permissions] Denied 'background-sync' requested by: https://gum.criteo.com/
[2026-08-27 17:32:31.088] [warn]  [Permissions] Denied 'background-sync' requested by: https://imasdk.googleapis.com/
[2026-08-27 17:32:47.771] [warn]  [Permissions] Denied 'background-sync' requested by: https://imasdk.googleapis.com/
[2026-08-27 17:34:53.904] [warn]  [Permissions] Denied 'background-sync' requested by: 
[2026-08-27 17:35:34.002] [info]  [Updater] Checking for updates...
[2026-08-27 17:35:34.008] [info]           * Current Version: 3.7.16.12965
[2026-08-27 17:35:34.011] [info]           * Channel: latest-ow
[2026-08-27 17:35:34.014] [info]           * URL: https://launcherupdates.lunarclientcdn.com
[2026-08-27 17:35:34.016] [info]           * User Initiated: false
[2026-08-27 17:35:34.202] [info]  [Updater] No updates available.
[2026-08-27 17:35:34.206] [info]  [Updater] Update check returned a result... skipping: {"isUpdateAvailable":false,"versionInfo":{"version":"3.7.16-ow","files":[{"url":"Lunar Client v3.7.16-ow.exe","sha512":"K25vDcT8UO0xbMd4MX5URU+l33+vEILLkpsRkxPMYVfB+yP5gqHGuNWOOGgUOE0gH2g4j+1Mjo9AFnQDC35tng=="}],"path":"Lunar Client v3.7.16-ow.exe","sha512":"K25vDcT8UO0xbMd4MX5URU+l33+vEILLkpsRkxPMYVfB+yP5gqHGuNWOOGgUOE0gH2g4j+1Mjo9AFnQDC35tng==","packages":{"x64":{"size":112473965,"sha512":"f2R8yaxYfUc7t48Bk04LzCImKB27jTxQcAe6RAFE/2lMaHmhsNJCJ47S0XSDCCvUNJp5imIeKLPifHT4z+jt5g==","blockMapSize":116960,"path":"lunarclient-3.7.16-ow-x64.nsis.7z","file":"lunarclient-3.7.16-ow-x64.nsis.7z"}},"releaseDate":"2026-08-24T23:38:30.176Z"},"updateInfo":{"version":"3.7.16-ow","files":[{"url":"Lunar Client v3.7.16-ow.exe","sha512":"K25vDcT8UO0xbMd4MX5URU+l33+vEILLkpsRkxPMYVfB+yP5gqHGuNWOOGgUOE0gH2g4j+1Mjo9AFnQDC35tng=="}],"path":"Lunar Client v3.7.16-ow.exe","sha512":"K25vDcT8UO0xbMd4MX5URU+l33+vEILLkpsRkxPMYVfB+yP5gqHGuNWOOGgUOE0gH2g4j+1Mjo9AFnQDC35tng==","packages":{"x64":{"size":112473965,"sha512":"f2R8yaxYfUc7t48Bk04LzCImKB27jTxQcAe6RAFE/2lMaHmhsNJCJ47S0XSDCCvUNJp5imIeKLPifHT4z+jt5g==","blockMapSize":116960,"path":"lunarclient-3.7.16-ow-x64.nsis.7z","file":"lunarclient-3.7.16-ow-x64.nsis.7z"}},"releaseDate":"2026-08-24T23:38:30.176Z"}}
[2026-08-27 17:35:45.958] [warn]  [Permissions] Denied 'background-sync' requested by: https://aax-events-cell02-cf.us-east.3px.axp.amazon-adsystem.com/
[2026-08-27 17:36:47.321] [warn]  [Permissions] Denied 'background-sync' requested by: https://aax-events-cell02-cf.us-east.3px.axp.amazon-adsystem.com/
[2026-08-27 17:37:06.722] [warn]  [Permissions] Denied 'background-sync' requested by: https://htlb.casalemedia.com/
[2026-08-27 17:37:06.723] [warn]  [Permissions] Denied 'background-sync' requested by: https://ssum-sec.casalemedia.com/
[2026-08-27 17:38:06.732] [warn]  [Permissions] Denied 'background-sync' requested by: https://htlb.casalemedia.com/
[2026-08-27 17:38:06.736] [warn]  [Permissions] Denied 'background-sync' requested by: https://ssum-sec.casalemedia.com/
[2026-08-27 17:38:57.160] [warn]  [Permissions] Denied 'background-sync' requested by: 
[2026-08-27 17:39:06.747] [warn]  [Permissions] Denied 'background-sync' requested by: https://htlb.casalemedia.com/
[2026-08-27 17:39:06.748] [warn]  [Permissions] Denied 'background-sync' requested by: https://ssum-sec.casalemedia.com/
[2026-08-27 17:40:06.759] [warn]  [Permissions] Denied 'background-sync' requested by: https://htlb.casalemedia.com/
[2026-08-27 17:40:06.766] [warn]  [Permissions] Denied 'background-sync' requested by: https://ssum-sec.casalemedia.com/
[2026-08-27 17:41:06.775] [warn]  [Permissions] Denied 'background-sync' requested by: https://htlb.casalemedia.com/
[2026-08-27 17:41:06.783] [warn]  [Permissions] Denied 'background-sync' requested by: https://ssum-sec.casalemedia.com/
[2026-08-27 17:42:01.074] [warn]  [Permissions] Denied 'background-sync' requested by: 
[2026-08-27 17:42:06.772] [warn]  [Permissions] Denied 'background-sync' requested by: https://htlb.casalemedia.com/
[2026-08-27 17:42:06.774] [warn]  [Permissions] Denied 'background-sync' requested by: https://ssum-sec.casalemedia.com/
[2026-08-27 17:43:06.788] [warn]  [Permissions] Denied 'background-sync' requested by: https://htlb.casalemedia.com/
[2026-08-27 17:43:06.791] [warn]  [Permissions] Denied 'background-sync' requested by: https://ssum-sec.casalemedia.com/
[2026-08-27 17:43:30.609] [warn]  [Permissions] Denied 'background-sync' requested by: https://gum.criteo.com/
[2026-08-27 17:44:06.789] [warn]  [Permissions] Denied 'background-sync' requested by: https://htlb.casalemedia.com/
[2026-08-27 17:44:06.792] [warn]  [Permissions] Denied 'background-sync' requested by: https://ssum-sec.casalemedia.com/
[2026-08-27 17:45:05.761] [info]  [GameIPC] Client connection has closed. Launch ID: 035db4bd-3335-4903-b3f9-df379531b32f, Code: 1000, Reason: 
[2026-08-27 17:45:06.802] [warn]  [Permissions] Denied 'background-sync' requested by: https://htlb.casalemedia.com/
[2026-08-27 17:45:06.803] [warn]  [Permissions] Denied 'background-sync' requested by: https://ssum-sec.casalemedia.com/
[2026-08-27 17:45:07.286] [debug] [Window] [mission-control] Window focused
[2026-08-27 17:45:09.036] [debug] [Window] [main] Window focused
[2026-08-27 17:45:09.193] [debug] [Window] [main] Window closing...
[2026-08-27 17:45:09.215] [debug] [Window] [main] Window hidden
[2026-08-27 17:45:10.308] [info]  [Launch] JVM for launch session 035db4bd-3335-4903-b3f9-df379531b32f has exited...
[2026-08-27 17:45:10.309] [info]           * Code: 0
[2026-08-27 17:45:10.339] [info]  [DiscordRP] Updating activity status...
[2026-08-27 17:45:10.346] [info]  [Launch] Game has been closed, resetting to ready...
[2026-08-27 17:45:10.412] [debug] [Window] [main] Window focused
[2026-08-27 17:45:12.515] [debug] [Window] [main] Window closing...
[2026-08-27 17:45:12.526] [debug] [Window] [main] Window hidden
[2026-08-27 17:45:13.893] [debug] [Window] [mission-control] Window focused
[2026-08-27 17:45:14.498] [debug] [Window] [mission-control] Window closing...
[2026-08-27 17:46:06.807] [warn]  [Permissions] Denied 'background-sync' requested by: https://htlb.casalemedia.com/
[2026-08-27 17:46:06.808] [warn]  [Permissions] Denied 'background-sync' requested by: https://ssum-sec.casalemedia.com/
[2026-08-27 17:47:06.810] [warn]  [Permissions] Denied 'background-sync' requested by: https://htlb.casalemedia.com/
[2026-08-27 17:47:06.811] [warn]  [Permissions] Denied 'background-sync' requested by: https://ssum-sec.casalemedia.com/
[2026-08-27 17:48:06.817] [warn]  [Permissions] Denied 'background-sync' requested by: https://htlb.casalemedia.com/
[2026-08-27 17:48:06.818] [warn]  [Permissions] Denied 'background-sync' requested by: https://ssum-sec.casalemedia.com/
[2026-08-27 17:49:06.823] [warn]  [Permissions] Denied 'background-sync' requested by: https://htlb.casalemedia.com/
[2026-08-27 17:49:06.824] [warn]  [Permissions] Denied 'background-sync' requested by: https://ssum-sec.casalemedia.com/
[2026-08-27 17:50:06.839] [warn]  [Permissions] Denied 'background-sync' requested by: https://htlb.casalemedia.com/
[2026-08-27 17:50:06.840] [warn]  [Permissions] Denied 'background-sync' requested by: https://ssum-sec.casalemedia.com/
[2026-08-27 17:50:34.009] [info]  [Updater] Checking for updates...
[2026-08-27 17:50:34.012] [info]           * Current Version: 3.7.16.12965
[2026-08-27 17:50:34.014] [info]           * Channel: latest-ow
[2026-08-27 17:50:34.015] [info]           * URL: https://launcherupdates.lunarclientcdn.com
[2026-08-27 17:50:34.017] [info]           * User Initiated: false
[2026-08-27 17:50:34.177] [info]  [Updater] No updates available.
[2026-08-27 17:50:34.179] [info]  [Updater] Update check returned a result... skipping: {"isUpdateAvailable":false,"versionInfo":{"version":"3.7.16-ow","files":[{"url":"Lunar Client v3.7.16-ow.exe","sha512":"K25vDcT8UO0xbMd4MX5URU+l33+vEILLkpsRkxPMYVfB+yP5gqHGuNWOOGgUOE0gH2g4j+1Mjo9AFnQDC35tng=="}],"path":"Lunar Client v3.7.16-ow.exe","sha512":"K25vDcT8UO0xbMd4MX5URU+l33+vEILLkpsRkxPMYVfB+yP5gqHGuNWOOGgUOE0gH2g4j+1Mjo9AFnQDC35tng==","packages":{"x64":{"size":112473965,"sha512":"f2R8yaxYfUc7t48Bk04LzCImKB27jTxQcAe6RAFE/2lMaHmhsNJCJ47S0XSDCCvUNJp5imIeKLPifHT4z+jt5g==","blockMapSize":116960,"path":"lunarclient-3.7.16-ow-x64.nsis.7z","file":"lunarclient-3.7.16-ow-x64.nsis.7z"}},"releaseDate":"2026-08-24T23:38:30.176Z"},"updateInfo":{"version":"3.7.16-ow","files":[{"url":"Lunar Client v3.7.16-ow.exe","sha512":"K25vDcT8UO0xbMd4MX5URU+l33+vEILLkpsRkxPMYVfB+yP5gqHGuNWOOGgUOE0gH2g4j+1Mjo9AFnQDC35tng=="}],"path":"Lunar Client v3.7.16-ow.exe","sha512":"K25vDcT8UO0xbMd4MX5URU+l33+vEILLkpsRkxPMYVfB+yP5gqHGuNWOOGgUOE0gH2g4j+1Mjo9AFnQDC35tng==","packages":{"x64":{"size":112473965,"sha512":"f2R8yaxYfUc7t48Bk04LzCImKB27jTxQcAe6RAFE/2lMaHmhsNJCJ47S0XSDCCvUNJp5imIeKLPifHT4z+jt5g==","blockMapSize":116960,"path":"lunarclient-3.7.16-ow-x64.nsis.7z","file":"lunarclient-3.7.16-ow-x64.nsis.7z"}},"releaseDate":"2026-08-24T23:38:30.176Z"}}
[2026-08-27 17:51:06.853] [warn]  [Permissions] Denied 'background-sync' requested by: https://htlb.casalemedia.com/
[2026-08-27 17:51:06.854] [warn]  [Permissions] Denied 'background-sync' requested by: https://ssum-sec.casalemedia.com/
[2026-08-27 17:52:06.854] [warn]  [Permissions] Denied 'background-sync' requested by: https://htlb.casalemedia.com/
[2026-08-27 17:52:06.855] [warn]  [Permissions] Denied 'background-sync' requested by: https://ssum-sec.casalemedia.com/
[2026-08-27 17:53:06.864] [warn]  [Permissions] Denied 'background-sync' requested by: https://htlb.casalemedia.com/
[2026-08-27 17:53:06.865] [warn]  [Permissions] Denied 'background-sync' requested by: https://ssum-sec.casalemedia.com/
[2026-08-27 17:54:06.878] [warn]  [Permissions] Denied 'background-sync' requested by: https://htlb.casalemedia.com/
[2026-08-27 17:54:06.878] [warn]  [Permissions] Denied 'background-sync' requested by: https://ssum-sec.casalemedia.com/
[2026-08-27 17:55:06.893] [warn]  [Permissions] Denied 'background-sync' requested by: https://htlb.casalemedia.com/
[2026-08-27 17:55:06.894] [warn]  [Permissions] Denied 'background-sync' requested by: https://ssum-sec.casalemedia.com/
[2026-08-27 17:56:06.905] [warn]  [Permissions] Denied 'background-sync' requested by: https://htlb.casalemedia.com/
[2026-08-27 17:56:06.906] [warn]  [Permissions] Denied 'background-sync' requested by: https://ssum-sec.casalemedia.com/
[2026-08-27 17:57:06.915] [warn]  [Permissions] Denied 'background-sync' requested by: https://htlb.casalemedia.com/
[2026-08-27 17:57:06.916] [warn]  [Permissions] Denied 'background-sync' requested by: https://ssum-sec.casalemedia.com/
[2026-08-27 17:58:06.924] [warn]  [Permissions] Denied 'background-sync' requested by: https://htlb.casalemedia.com/
[2026-08-27 17:58:06.925] [warn]  [Permissions] Denied 'background-sync' requested by: https://ssum-sec.casalemedia.com/
[2026-08-27 17:59:06.930] [warn]  [Permissions] Denied 'background-sync' requested by: https://htlb.casalemedia.com/
[2026-08-27 17:59:06.931] [warn]  [Permissions] Denied 'background-sync' requested by: https://ssum-sec.casalemedia.com/
[2026-08-27 18:00:06.942] [warn]  [Permissions] Denied 'background-sync' requested by: https://htlb.casalemedia.com/
[2026-08-27 18:00:06.944] [warn]  [Permissions] Denied 'background-sync' requested by: https://ssum-sec.casalemedia.com/
[2026-08-27 18:01:06.953] [warn]  [Permissions] Denied 'background-sync' requested by: https://htlb.casalemedia.com/
[2026-08-27 18:01:06.955] [warn]  [Permissions] Denied 'background-sync' requested by: https://ssum-sec.casalemedia.com/
[2026-08-27 18:02:06.965] [warn]  [Permissions] Denied 'background-sync' requested by: https://htlb.casalemedia.com/
[2026-08-27 18:02:06.967] [warn]  [Permissions] Denied 'background-sync' requested by: https://ssum-sec.casalemedia.com/
[2026-08-27 18:03:06.997] [warn]  [Permissions] Denied 'background-sync' requested by: https://htlb.casalemedia.com/
[2026-08-27 18:03:07.014] [warn]  [Permissions] Denied 'background-sync' requested by: https://ssum-sec.casalemedia.com/
[2026-08-27 18:04:06.980] [warn]  [Permissions] Denied 'background-sync' requested by: https://htlb.casalemedia.com/
[2026-08-27 18:04:06.981] [warn]  [Permissions] Denied 'background-sync' requested by: https://ssum-sec.casalemedia.com/
[2026-08-27 18:05:06.983] [warn]  [Permissions] Denied 'background-sync' requested by: https://htlb.casalemedia.com/
[2026-08-27 18:05:06.986] [warn]  [Permissions] Denied 'background-sync' requested by: https://ssum-sec.casalemedia.com/
[2026-08-27 18:05:34.035] [info]  [Updater] Checking for updates...
[2026-08-27 18:05:34.037] [info]           * Current Version: 3.7.16.12965
[2026-08-27 18:05:34.039] [info]           * Channel: latest-ow
[2026-08-27 18:05:34.042] [info]           * URL: https://launcherupdates.lunarclientcdn.com
[2026-08-27 18:05:34.044] [info]           * User Initiated: false
[2026-08-27 18:05:34.299] [info]  [Updater] No updates available.
[2026-08-27 18:05:34.302] [info]  [Updater] Update check returned a result... skipping: {"isUpdateAvailable":false,"versionInfo":{"version":"3.7.16-ow","files":[{"url":"Lunar Client v3.7.16-ow.exe","sha512":"K25vDcT8UO0xbMd4MX5URU+l33+vEILLkpsRkxPMYVfB+yP5gqHGuNWOOGgUOE0gH2g4j+1Mjo9AFnQDC35tng=="}],"path":"Lunar Client v3.7.16-ow.exe","sha512":"K25vDcT8UO0xbMd4MX5URU+l33+vEILLkpsRkxPMYVfB+yP5gqHGuNWOOGgUOE0gH2g4j+1Mjo9AFnQDC35tng==","packages":{"x64":{"size":112473965,"sha512":"f2R8yaxYfUc7t48Bk04LzCImKB27jTxQcAe6RAFE/2lMaHmhsNJCJ47S0XSDCCvUNJp5imIeKLPifHT4z+jt5g==","blockMapSize":116960,"path":"lunarclient-3.7.16-ow-x64.nsis.7z","file":"lunarclient-3.7.16-ow-x64.nsis.7z"}},"releaseDate":"2026-08-24T23:38:30.176Z"},"updateInfo":{"version":"3.7.16-ow","files":[{"url":"Lunar Client v3.7.16-ow.exe","sha512":"K25vDcT8UO0xbMd4MX5URU+l33+vEILLkpsRkxPMYVfB+yP5gqHGuNWOOGgUOE0gH2g4j+1Mjo9AFnQDC35tng=="}],"path":"Lunar Client v3.7.16-ow.exe","sha512":"K25vDcT8UO0xbMd4MX5URU+l33+vEILLkpsRkxPMYVfB+yP5gqHGuNWOOGgUOE0gH2g4j+1Mjo9AFnQDC35tng==","packages":{"x64":{"size":112473965,"sha512":"f2R8yaxYfUc7t48Bk04LzCImKB27jTxQcAe6RAFE/2lMaHmhsNJCJ47S0XSDCCvUNJp5imIeKLPifHT4z+jt5g==","blockMapSize":116960,"path":"lunarclient-3.7.16-ow-x64.nsis.7z","file":"lunarclient-3.7.16-ow-x64.nsis.7z"}},"releaseDate":"2026-08-24T23:38:30.176Z"}}
[2026-08-27 18:06:06.984] [warn]  [Permissions] Denied 'background-sync' requested by: https://htlb.casalemedia.com/
[2026-08-27 18:06:06.985] [warn]  [Permissions] Denied 'background-sync' requested by: https://ssum-sec.casalemedia.com/
[2026-08-27 18:07:06.992] [warn]  [Permissions] Denied 'background-sync' requested by: https://htlb.casalemedia.com/
[2026-08-27 18:07:06.993] [warn]  [Permissions] Denied 'background-sync' requested by: https://ssum-sec.casalemedia.com/
[2026-08-27 18:08:06.992] [warn]  [Permissions] Denied 'background-sync' requested by: https://htlb.casalemedia.com/
[2026-08-27 18:08:06.993] [warn]  [Permissions] Denied 'background-sync' requested by: https://ssum-sec.casalemedia.com/
[2026-08-27 18:09:07.007] [warn]  [Permissions] Denied 'background-sync' requested by: https://htlb.casalemedia.com/
[2026-08-27 18:09:07.008] [warn]  [Permissions] Denied 'background-sync' requested by: https://ssum-sec.casalemedia.com/
[2026-08-27 18:10:07.017] [warn]  [Permissions] Denied 'background-sync' requested by: https://htlb.casalemedia.com/
[2026-08-27 18:10:07.018] [warn]  [Permissions] Denied 'background-sync' requested by: https://ssum-sec.casalemedia.com/
[2026-08-27 18:11:07.028] [warn]  [Permissions] Denied 'background-sync' requested by: https://htlb.casalemedia.com/
[2026-08-27 18:11:07.030] [warn]  [Permissions] Denied 'background-sync' requested by: https://ssum-sec.casalemedia.com/
[2026-08-27 18:12:07.032] [warn]  [Permissions] Denied 'background-sync' requested by: https://htlb.casalemedia.com/
[2026-08-27 18:12:07.044] [warn]  [Permissions] Denied 'background-sync' requested by: https://ssum-sec.casalemedia.com/
[2026-08-27 18:13:07.045] [warn]  [Permissions] Denied 'background-sync' requested by: https://htlb.casalemedia.com/
[2026-08-27 18:13:07.046] [warn]  [Permissions] Denied 'background-sync' requested by: https://ssum-sec.casalemedia.com/
[2026-08-27 18:14:07.045] [warn]  [Permissions] Denied 'background-sync' requested by: https://htlb.casalemedia.com/
[2026-08-27 18:14:07.046] [warn]  [Permissions] Denied 'background-sync' requested by: https://ssum-sec.casalemedia.com/
[2026-08-27 18:15:07.054] [warn]  [Permissions] Denied 'background-sync' requested by: https://htlb.casalemedia.com/
[2026-08-27 18:15:07.056] [warn]  [Permissions] Denied 'background-sync' requested by: https://ssum-sec.casalemedia.com/
[2026-08-27 18:16:07.058] [warn]  [Permissions] Denied 'background-sync' requested by: https://htlb.casalemedia.com/
[2026-08-27 18:16:07.058] [warn]  [Permissions] Denied 'background-sync' requested by: https://ssum-sec.casalemedia.com/
[2026-08-27 18:17:07.068] [warn]  [Permissions] Denied 'background-sync' requested by: https://htlb.casalemedia.com/
[2026-08-27 18:17:07.069] [warn]  [Permissions] Denied 'background-sync' requested by: https://ssum-sec.casalemedia.com/
[2026-08-27 18:18:07.078] [warn]  [Permissions] Denied 'background-sync' requested by: https://htlb.casalemedia.com/
[2026-08-27 18:18:07.079] [warn]  [Permissions] Denied 'background-sync' requested by: https://ssum-sec.casalemedia.com/
[2026-08-27 18:19:07.079] [warn]  [Permissions] Denied 'background-sync' requested by: https://htlb.casalemedia.com/
[2026-08-27 18:19:07.080] [warn]  [Permissions] Denied 'background-sync' requested by: https://ssum-sec.casalemedia.com/
[2026-08-27 18:20:07.084] [warn]  [Permissions] Denied 'background-sync' requested by: https://htlb.casalemedia.com/
[2026-08-27 18:20:07.085] [warn]  [Permissions] Denied 'background-sync' requested by: https://ssum-sec.casalemedia.com/
[2026-08-27 18:20:34.036] [info]  [Updater] Checking for updates...
[2026-08-27 18:20:34.037] [info]           * Current Version: 3.7.16.12965
[2026-08-27 18:20:34.039] [info]           * Channel: latest-ow
[2026-08-27 18:20:34.040] [info]           * URL: https://launcherupdates.lunarclientcdn.com
[2026-08-27 18:20:34.041] [info]           * User Initiated: false
[2026-08-27 18:20:34.271] [info]  [Updater] No updates available.
[2026-08-27 18:20:34.273] [info]  [Updater] Update check returned a result... skipping: {"isUpdateAvailable":false,"versionInfo":{"version":"3.7.16-ow","files":[{"url":"Lunar Client v3.7.16-ow.exe","sha512":"K25vDcT8UO0xbMd4MX5URU+l33+vEILLkpsRkxPMYVfB+yP5gqHGuNWOOGgUOE0gH2g4j+1Mjo9AFnQDC35tng=="}],"path":"Lunar Client v3.7.16-ow.exe","sha512":"K25vDcT8UO0xbMd4MX5URU+l33+vEILLkpsRkxPMYVfB+yP5gqHGuNWOOGgUOE0gH2g4j+1Mjo9AFnQDC35tng==","packages":{"x64":{"size":112473965,"sha512":"f2R8yaxYfUc7t48Bk04LzCImKB27jTxQcAe6RAFE/2lMaHmhsNJCJ47S0XSDCCvUNJp5imIeKLPifHT4z+jt5g==","blockMapSize":116960,"path":"lunarclient-3.7.16-ow-x64.nsis.7z","file":"lunarclient-3.7.16-ow-x64.nsis.7z"}},"releaseDate":"2026-08-24T23:38:30.176Z"},"updateInfo":{"version":"3.7.16-ow","files":[{"url":"Lunar Client v3.7.16-ow.exe","sha512":"K25vDcT8UO0xbMd4MX5URU+l33+vEILLkpsRkxPMYVfB+yP5gqHGuNWOOGgUOE0gH2g4j+1Mjo9AFnQDC35tng=="}],"path":"Lunar Client v3.7.16-ow.exe","sha512":"K25vDcT8UO0xbMd4MX5URU+l33+vEILLkpsRkxPMYVfB+yP5gqHGuNWOOGgUOE0gH2g4j+1Mjo9AFnQDC35tng==","packages":{"x64":{"size":112473965,"sha512":"f2R8yaxYfUc7t48Bk04LzCImKB27jTxQcAe6RAFE/2lMaHmhsNJCJ47S0XSDCCvUNJp5imIeKLPifHT4z+jt5g==","blockMapSize":116960,"path":"lunarclient-3.7.16-ow-x64.nsis.7z","file":"lunarclient-3.7.16-ow-x64.nsis.7z"}},"releaseDate":"2026-08-24T23:38:30.176Z"}}
[2026-08-27 18:20:35.310] [info]  [Metadata] Fetching metadata... (interval refresh)
[2026-08-27 18:20:35.318] [info]  [Metadata] Loading game profile: ca09900b-3645-4e81-8129-aa5e00073a6a
[2026-08-27 18:20:35.368] [info]  [Profiles] Loaded profile JUNIOR_ (ID: ca09900b-3645-4e81-8129-aa5e00073a6a)
[2026-08-27 18:20:35.396] [info]  [Metadata] Badlion versions metadata fetched successfully
[2026-08-27 18:20:35.559] [info]  [Metadata] Terms 'privacy' is up to date!
[2026-08-27 18:20:35.560] [info]  [Metadata] Terms 'terms' is up to date!
[2026-08-27 18:20:35.561] [info]  [Metadata] Misc metadata fetched successfully
[2026-08-27 18:20:35.563] [info]  [Metadata] Feature Flags enabled: ServersCTA, SocialMessaging, LunarOAuthApp, LaunchCancelling, SelectModpack, ServerRecommendedModpack, EmbeddedBrowserOpens, MissionControl, ExternalLinkSSO, HomeAdOverwolf, MissionControlAdOverwolf, Radio, RadioPremium, AMDDriverFix, ExploreModsAdOverwolf, MissionControlTopAdOverwolf, OverwolfCRN, YoutubeLinking, HomeTopAdOverwolf, SatelliteGifPicker, VersionsCreateProfile
[2026-08-27 18:20:35.564] [info]  [Metadata] Feature Flags disabled: CustomizableQuickPlay, CommunityServers, ProfileModsExploreCTA, LoaderVersionSetting, InstallVCRedistributable, OverwolfOverlay, TopbarOutplayedPromotion
[2026-08-27 18:20:35.565] [info]  [Metadata] Updater stream channel and URL are the same as before, skipping...
[2026-08-27 18:20:35.567] [info]  [Metadata] Checking cache for language es_ES with remote hash 8f46e49889e93b6bf3f73b7fe8dcafd6bb24f562
[2026-08-27 18:20:35.621] [info]  [Metadata] Language es_ES is already cached, skipping...
[2026-08-27 18:20:35.622] [info]  [Metadata] Languages successfully processed, sending updates...
[2026-08-27 18:20:35.668] [info]  [Metadata] Layout metadata fetched successfully
[2026-08-27 18:20:35.692] [info]  [Metadata] Lunar versions metadata fetched successfully
[2026-08-27 18:20:35.729] [info]  [Metadata] Vanilla versions metadata fetched successfully
[2026-08-27 18:20:35.734] [info]  [Metadata] Setting up virtual profiles
[2026-08-27 18:20:35.736] [info]  [Metadata] Cleaning up non-existent virtual profiles...
[2026-08-27 18:20:35.737] [info]  [Metadata] No non-existent virtual profiles were found to clean up!
[2026-08-27 18:20:35.741] [info]  [Metadata] Profile selected, using JUNIOR_ (ID: ca09900b-3645-4e81-8129-aa5e00073a6a, type: user-modpack, version: 1.21.8)...
[2026-08-27 18:20:35.744] [info]  [Metadata] Cleaning up profile modules...
[2026-08-27 18:20:35.745] [info]  [Metadata] No profiles were found to have bad modules!
[2026-08-27 18:21:07.096] [warn]  [Permissions] Denied 'background-sync' requested by: https://htlb.casalemedia.com/
[2026-08-27 18:21:07.097] [warn]  [Permissions] Denied 'background-sync' requested by: https://ssum-sec.casalemedia.com/
[2026-08-27 18:22:07.109] [warn]  [Permissions] Denied 'background-sync' requested by: https://htlb.casalemedia.com/
[2026-08-27 18:22:07.110] [warn]  [Permissions] Denied 'background-sync' requested by: https://ssum-sec.casalemedia.com/
[2026-08-27 18:23:07.119] [warn]  [Permissions] Denied 'background-sync' requested by: https://htlb.casalemedia.com/
[2026-08-27 18:23:07.121] [warn]  [Permissions] Denied 'background-sync' requested by: https://ssum-sec.casalemedia.com/
[2026-08-27 18:23:36.536] [info]  [AssetServer] Connection closed! Code: 1006 - Reason: N/A
[2026-08-27 18:23:36.542] [info]  [AssetServer] Scheduling reconnect task...
[2026-08-27 18:24:06.552] [info]  [AssetServer] Attempting to reconnect...
[2026-08-27 18:24:06.555] [info]  [AssetServer] No reconnect JWT available, going to Authenticator...
[2026-08-27 18:24:06.568] [info]  [Auth] [Authenticator] Getting Lunar Client Token for Junior_00 (aa35297e424044cb8b676659959d35eb). Initiator is LAUNCHER_WEBSOCKET
[2026-08-27 18:24:06.569] [info]  [Auth] [Authenticator] No cached token found for Junior_00 (aa35297e424044cb8b676659959d35eb), requesting new token...
[2026-08-27 18:24:06.673] [info]  [Auth] [Authenticator] Connection opened for Junior_00 (aa35297e424044cb8b676659959d35eb)
[2026-08-27 18:24:06.709] [info]  [Auth] [Authenticator] Creating Minecraft session for Junior_00 (aa35297e424044cb8b676659959d35eb)...
[2026-08-27 18:24:07.088] [info]  [Auth] [Authenticator] Created Minecraft session for Junior_00 (aa35297e424044cb8b676659959d35eb)
[2026-08-27 18:24:07.122] [warn]  [Permissions] Denied 'background-sync' requested by: https://htlb.casalemedia.com/
[2026-08-27 18:24:07.123] [warn]  [Permissions] Denied 'background-sync' requested by: https://ssum-sec.casalemedia.com/
[2026-08-27 18:24:07.318] [info]  [Auth] [Authenticator] Got Lunar Client Token for Junior_00 (aa35297e424044cb8b676659959d35eb)
[2026-08-27 18:24:07.372] [info]  [AssetServer] Reconnected to AssetServer!
[2026-08-27 18:24:07.376] [info]  [Auth] [Authenticator] Connection disconnected for Junior_00 (aa35297e424044cb8b676659959d35eb)
[2026-08-27 18:24:07.378] [info]  [Auth] [Authenticator] Code: 1000 - Reason: Issued.
[2026-08-27 18:24:07.646] [info]  [AssetServer] Connection opened!
[2026-08-27 18:24:07.648] [info]  [AssetServer] Sending initial connection handshake
[2026-08-27 18:24:07.650] [info]  [AssetServer] Starting service logins in parallel...
[2026-08-27 18:24:07.734] [info]  [AssetServer] Received session ID: 92afb87b-de9e-4d28-9c16-38f4ff0ef24e
[2026-08-27 18:24:07.821] [info]  [Settings] Setting socials-visibility to 1...
[2026-08-27 18:24:07.848] [info]  [Settings] Setting default-screenshot-upload-privacy to 2...
[2026-08-27 18:24:07.856] [info]  [Settings] Setting incoming-gift-privacy to 1...
[2026-08-27 18:24:07.863] [info]  [Settings] Setting wrapped-leaderboard-visibility to 1...
[2026-08-27 18:24:07.879] [info]  [Promotions] Corner promotion exempt? false
[2026-08-27 18:24:07.879] [info]  [Settings] Setting cosmetic-ownership-visibility to 1...
[2026-08-27 18:24:07.888] [info]  [Settings] Setting allow-friend-requests to true...
[2026-08-27 18:24:07.896] [info]  [Settings] Setting last-seen-visibility to 1...
[2026-08-27 18:24:07.904] [info]  [Settings] Setting radio-playing-visibility to 1...
[2026-08-27 18:24:07.912] [info]  [AssetServer] Completed service logins!
[2026-08-27 18:25:07.123] [warn]  [Permissions] Denied 'background-sync' requested by: https://htlb.casalemedia.com/
[2026-08-27 18:25:07.125] [warn]  [Permissions] Denied 'background-sync' requested by: https://ssum-sec.casalemedia.com/
[2026-08-27 18:26:07.126] [warn]  [Permissions] Denied 'background-sync' requested by: https://htlb.casalemedia.com/
[2026-08-27 18:26:07.127] [warn]  [Permissions] Denied 'background-sync' requested by: https://ssum-sec.casalemedia.com/
[2026-08-27 18:27:07.127] [warn]  [Permissions] Denied 'background-sync' requested by: https://htlb.casalemedia.com/
[2026-08-27 18:27:07.128] [warn]  [Permissions] Denied 'background-sync' requested by: https://ssum-sec.casalemedia.com/
[2026-08-27 18:28:07.127] [warn]  [Permissions] Denied 'background-sync' requested by: https://htlb.casalemedia.com/
[2026-08-27 18:28:07.128] [warn]  [Permissions] Denied 'background-sync' requested by: https://ssum-sec.casalemedia.com/
[2026-08-27 18:29:07.129] [warn]  [Permissions] Denied 'background-sync' requested by: https://htlb.casalemedia.com/
[2026-08-27 18:29:07.130] [warn]  [Permissions] Denied 'background-sync' requested by: https://ssum-sec.casalemedia.com/
[2026-08-27 18:30:07.138] [warn]  [Permissions] Denied 'background-sync' requested by: https://htlb.casalemedia.com/
[2026-08-27 18:30:07.140] [warn]  [Permissions] Denied 'background-sync' requested by: https://ssum-sec.casalemedia.com/
[2026-08-27 18:31:07.148] [warn]  [Permissions] Denied 'background-sync' requested by: https://htlb.casalemedia.com/
[2026-08-27 18:31:07.149] [warn]  [Permissions] Denied 'background-sync' requested by: https://ssum-sec.casalemedia.com/
[2026-08-27 18:32:07.164] [warn]  [Permissions] Denied 'background-sync' requested by: https://htlb.casalemedia.com/
[2026-08-27 18:32:07.165] [warn]  [Permissions] Denied 'background-sync' requested by: https://ssum-sec.casalemedia.com/
[2026-08-27 18:33:07.178] [warn]  [Permissions] Denied 'background-sync' requested by: https://htlb.casalemedia.com/
[2026-08-27 18:33:07.180] [warn]  [Permissions] Denied 'background-sync' requested by: https://ssum-sec.casalemedia.com/
[2026-08-27 18:34:07.184] [warn]  [Permissions] Denied 'background-sync' requested by: https://htlb.casalemedia.com/
[2026-08-27 18:34:07.185] [warn]  [Permissions] Denied 'background-sync' requested by: https://ssum-sec.casalemedia.com/
[2026-08-27 18:35:07.187] [warn]  [Permissions] Denied 'background-sync' requested by: https://htlb.casalemedia.com/
[2026-08-27 18:35:07.188] [warn]  [Permissions] Denied 'background-sync' requested by: https://ssum-sec.casalemedia.com/
[2026-08-27 18:35:34.055] [info]  [Updater] Checking for updates...
[2026-08-27 18:35:34.056] [info]           * Current Version: 3.7.16.12965
[2026-08-27 18:35:34.058] [info]           * Channel: latest-ow
[2026-08-27 18:35:34.060] [info]           * URL: https://launcherupdates.lunarclientcdn.com
[2026-08-27 18:35:34.062] [info]           * User Initiated: false
[2026-08-27 18:35:34.248] [info]  [Updater] No updates available.
[2026-08-27 18:35:34.251] [info]  [Updater] Update check returned a result... skipping: {"isUpdateAvailable":false,"versionInfo":{"version":"3.7.16-ow","files":[{"url":"Lunar Client v3.7.16-ow.exe","sha512":"K25vDcT8UO0xbMd4MX5URU+l33+vEILLkpsRkxPMYVfB+yP5gqHGuNWOOGgUOE0gH2g4j+1Mjo9AFnQDC35tng=="}],"path":"Lunar Client v3.7.16-ow.exe","sha512":"K25vDcT8UO0xbMd4MX5URU+l33+vEILLkpsRkxPMYVfB+yP5gqHGuNWOOGgUOE0gH2g4j+1Mjo9AFnQDC35tng==","packages":{"x64":{"size":112473965,"sha512":"f2R8yaxYfUc7t48Bk04LzCImKB27jTxQcAe6RAFE/2lMaHmhsNJCJ47S0XSDCCvUNJp5imIeKLPifHT4z+jt5g==","blockMapSize":116960,"path":"lunarclient-3.7.16-ow-x64.nsis.7z","file":"lunarclient-3.7.16-ow-x64.nsis.7z"}},"releaseDate":"2026-08-24T23:38:30.176Z"},"updateInfo":{"version":"3.7.16-ow","files":[{"url":"Lunar Client v3.7.16-ow.exe","sha512":"K25vDcT8UO0xbMd4MX5URU+l33+vEILLkpsRkxPMYVfB+yP5gqHGuNWOOGgUOE0gH2g4j+1Mjo9AFnQDC35tng=="}],"path":"Lunar Client v3.7.16-ow.exe","sha512":"K25vDcT8UO0xbMd4MX5URU+l33+vEILLkpsRkxPMYVfB+yP5gqHGuNWOOGgUOE0gH2g4j+1Mjo9AFnQDC35tng==","packages":{"x64":{"size":112473965,"sha512":"f2R8yaxYfUc7t48Bk04LzCImKB27jTxQcAe6RAFE/2lMaHmhsNJCJ47S0XSDCCvUNJp5imIeKLPifHT4z+jt5g==","blockMapSize":116960,"path":"lunarclient-3.7.16-ow-x64.nsis.7z","file":"lunarclient-3.7.16-ow-x64.nsis.7z"}},"releaseDate":"2026-08-24T23:38:30.176Z"}}
[2026-08-27 18:36:07.189] [warn]  [Permissions] Denied 'background-sync' requested by: https://htlb.casalemedia.com/
[2026-08-27 18:36:07.190] [warn]  [Permissions] Denied 'background-sync' requested by: https://ssum-sec.casalemedia.com/
[2026-08-27 18:37:07.203] [warn]  [Permissions] Denied 'background-sync' requested by: https://htlb.casalemedia.com/
[2026-08-27 18:37:07.204] [warn]  [Permissions] Denied 'background-sync' requested by: https://ssum-sec.casalemedia.com/
[2026-08-27 18:38:07.212] [warn]  [Permissions] Denied 'background-sync' requested by: https://htlb.casalemedia.com/
[2026-08-27 18:38:07.213] [warn]  [Permissions] Denied 'background-sync' requested by: https://ssum-sec.casalemedia.com/
[2026-08-27 18:39:07.224] [warn]  [Permissions] Denied 'background-sync' requested by: https://htlb.casalemedia.com/
[2026-08-27 18:39:07.225] [warn]  [Permissions] Denied 'background-sync' requested by: https://ssum-sec.casalemedia.com/
[2026-08-27 18:40:07.230] [warn]  [Permissions] Denied 'background-sync' requested by: https://htlb.casalemedia.com/
[2026-08-27 18:40:07.232] [warn]  [Permissions] Denied 'background-sync' requested by: https://ssum-sec.casalemedia.com/
[2026-08-27 18:41:07.265] [warn]  [Permissions] Denied 'background-sync' requested by: https://htlb.casalemedia.com/
[2026-08-27 18:41:07.282] [warn]  [Permissions] Denied 'background-sync' requested by: https://ssum-sec.casalemedia.com/
[2026-08-27 18:42:07.259] [warn]  [Permissions] Denied 'background-sync' requested by: https://htlb.casalemedia.com/
[2026-08-27 18:42:07.265] [warn]  [Permissions] Denied 'background-sync' requested by: https://ssum-sec.casalemedia.com/
[2026-08-27 18:42:54.559] [info]  [AssetServer] Connection closed! Code: 1006 - Reason: N/A
[2026-08-27 18:42:54.566] [info]  [AssetServer] Scheduling reconnect task...
[2026-08-27 18:43:07.261] [warn]  [Permissions] Denied 'background-sync' requested by: https://htlb.casalemedia.com/
[2026-08-27 18:43:07.263] [warn]  [Permissions] Denied 'background-sync' requested by: https://ssum-sec.casalemedia.com/
[2026-08-27 18:43:24.576] [info]  [AssetServer] Attempting to reconnect...
[2026-08-27 18:43:24.584] [info]  [AssetServer] No reconnect JWT available, going to Authenticator...
[2026-08-27 18:43:24.613] [info]  [Auth] [Authenticator] Getting Lunar Client Token for Junior_00 (aa35297e424044cb8b676659959d35eb). Initiator is LAUNCHER_WEBSOCKET
[2026-08-27 18:43:24.616] [info]  [Auth] [Authenticator] Found cached token for Junior_00 (aa35297e424044cb8b676659959d35eb), reusing it.
[2026-08-27 18:43:24.816] [info]  [AssetServer] Reconnected to AssetServer!
[2026-08-27 18:43:25.126] [info]  [AssetServer] Connection opened!
[2026-08-27 18:43:25.129] [info]  [AssetServer] Sending initial connection handshake
[2026-08-27 18:43:25.132] [info]  [AssetServer] Starting service logins in parallel...
[2026-08-27 18:43:25.223] [info]  [AssetServer] Received session ID: 5b761fb0-cabe-409a-83fa-d7e18b3b69d9
[2026-08-27 18:43:25.435] [info]  [Settings] Setting socials-visibility to 1...
[2026-08-27 18:43:25.470] [info]  [Settings] Setting default-screenshot-upload-privacy to 2...
[2026-08-27 18:43:25.486] [info]  [Settings] Setting incoming-gift-privacy to 1...
[2026-08-27 18:43:25.497] [info]  [Settings] Setting wrapped-leaderboard-visibility to 1...
[2026-08-27 18:43:25.509] [info]  [Settings] Setting cosmetic-ownership-visibility to 1...
[2026-08-27 18:43:25.541] [info]  [Promotions] Corner promotion exempt? false
[2026-08-27 18:43:25.542] [info]  [Settings] Setting allow-friend-requests to true...
[2026-08-27 18:43:25.552] [info]  [Settings] Setting last-seen-visibility to 1...
[2026-08-27 18:43:25.567] [info]  [Settings] Setting radio-playing-visibility to 1...
[2026-08-27 18:43:25.581] [info]  [AssetServer] Completed service logins!
[2026-08-27 18:44:07.265] [warn]  [Permissions] Denied 'background-sync' requested by: https://htlb.casalemedia.com/
[2026-08-27 18:44:07.266] [warn]  [Permissions] Denied 'background-sync' requested by: https://ssum-sec.casalemedia.com/
[2026-08-27 18:45:07.277] [warn]  [Permissions] Denied 'background-sync' requested by: https://htlb.casalemedia.com/
[2026-08-27 18:45:07.278] [warn]  [Permissions] Denied 'background-sync' requested by: https://ssum-sec.casalemedia.com/
[2026-08-27 18:46:07.296] [warn]  [Permissions] Denied 'background-sync' requested by: https://htlb.casalemedia.com/
[2026-08-27 18:46:07.297] [warn]  [Permissions] Denied 'background-sync' requested by: https://ssum-sec.casalemedia.com/
[2026-08-27 18:46:51.955] [info]  [Overwolf] [Overlay] Game launched, skipping injection because the feature is currently disabled
[2026-08-27 18:46:54.992] [info]  [Overwolf] [CRN] 'before-notification' event was fired
[2026-08-27 18:47:07.302] [warn]  [Permissions] Denied 'background-sync' requested by: https://htlb.casalemedia.com/
[2026-08-27 18:47:07.303] [warn]  [Permissions] Denied 'background-sync' requested by: https://ssum-sec.casalemedia.com/
[2026-08-27 18:48:07.303] [warn]  [Permissions] Denied 'background-sync' requested by: https://htlb.casalemedia.com/
[2026-08-27 18:48:07.304] [warn]  [Permissions] Denied 'background-sync' requested by: https://ssum-sec.casalemedia.com/
[2026-08-27 18:49:07.316] [warn]  [Permissions] Denied 'background-sync' requested by: https://htlb.casalemedia.com/
[2026-08-27 18:49:07.317] [warn]  [Permissions] Denied 'background-sync' requested by: https://ssum-sec.casalemedia.com/
[2026-08-27 18:50:07.318] [warn]  [Permissions] Denied 'background-sync' requested by: https://htlb.casalemedia.com/
[2026-08-27 18:50:07.320] [warn]  [Permissions] Denied 'background-sync' requested by: https://ssum-sec.casalemedia.com/
[2026-08-27 18:50:34.053] [info]  [Updater] Checking for updates...
[2026-08-27 18:50:34.055] [info]           * Current Version: 3.7.16.12965
[2026-08-27 18:50:34.056] [info]           * Channel: latest-ow
[2026-08-27 18:50:34.058] [info]           * URL: https://launcherupdates.lunarclientcdn.com
[2026-08-27 18:50:34.059] [info]           * User Initiated: false
[2026-08-27 18:50:34.224] [info]  [Updater] No updates available.
[2026-08-27 18:50:34.226] [info]  [Updater] Update check returned a result... skipping: {"isUpdateAvailable":false,"versionInfo":{"version":"3.7.16-ow","files":[{"url":"Lunar Client v3.7.16-ow.exe","sha512":"K25vDcT8UO0xbMd4MX5URU+l33+vEILLkpsRkxPMYVfB+yP5gqHGuNWOOGgUOE0gH2g4j+1Mjo9AFnQDC35tng=="}],"path":"Lunar Client v3.7.16-ow.exe","sha512":"K25vDcT8UO0xbMd4MX5URU+l33+vEILLkpsRkxPMYVfB+yP5gqHGuNWOOGgUOE0gH2g4j+1Mjo9AFnQDC35tng==","packages":{"x64":{"size":112473965,"sha512":"f2R8yaxYfUc7t48Bk04LzCImKB27jTxQcAe6RAFE/2lMaHmhsNJCJ47S0XSDCCvUNJp5imIeKLPifHT4z+jt5g==","blockMapSize":116960,"path":"lunarclient-3.7.16-ow-x64.nsis.7z","file":"lunarclient-3.7.16-ow-x64.nsis.7z"}},"releaseDate":"2026-08-24T23:38:30.176Z"},"updateInfo":{"version":"3.7.16-ow","files":[{"url":"Lunar Client v3.7.16-ow.exe","sha512":"K25vDcT8UO0xbMd4MX5URU+l33+vEILLkpsRkxPMYVfB+yP5gqHGuNWOOGgUOE0gH2g4j+1Mjo9AFnQDC35tng=="}],"path":"Lunar Client v3.7.16-ow.exe","sha512":"K25vDcT8UO0xbMd4MX5URU+l33+vEILLkpsRkxPMYVfB+yP5gqHGuNWOOGgUOE0gH2g4j+1Mjo9AFnQDC35tng==","packages":{"x64":{"size":112473965,"sha512":"f2R8yaxYfUc7t48Bk04LzCImKB27jTxQcAe6RAFE/2lMaHmhsNJCJ47S0XSDCCvUNJp5imIeKLPifHT4z+jt5g==","blockMapSize":116960,"path":"lunarclient-3.7.16-ow-x64.nsis.7z","file":"lunarclient-3.7.16-ow-x64.nsis.7z"}},"releaseDate":"2026-08-24T23:38:30.176Z"}}
[2026-08-27 18:51:07.319] [warn]  [Permissions] Denied 'background-sync' requested by: https://htlb.casalemedia.com/
[2026-08-27 18:51:07.320] [warn]  [Permissions] Denied 'background-sync' requested by: https://ssum-sec.casalemedia.com/
[2026-08-27 18:52:07.329] [warn]  [Permissions] Denied 'background-sync' requested by: https://htlb.casalemedia.com/
[2026-08-27 18:52:07.331] [warn]  [Permissions] Denied 'background-sync' requested by: https://ssum-sec.casalemedia.com/
[2026-08-27 18:53:07.343] [warn]  [Permissions] Denied 'background-sync' requested by: https://htlb.casalemedia.com/
[2026-08-27 18:53:07.345] [warn]  [Permissions] Denied 'background-sync' requested by: https://ssum-sec.casalemedia.com/
[2026-08-27 18:54:07.351] [warn]  [Permissions] Denied 'background-sync' requested by: https://htlb.casalemedia.com/
[2026-08-27 18:54:07.352] [warn]  [Permissions] Denied 'background-sync' requested by: https://ssum-sec.casalemedia.com/
[2026-08-27 18:55:07.356] [warn]  [Permissions] Denied 'background-sync' requested by: https://htlb.casalemedia.com/
[2026-08-27 18:55:07.360] [warn]  [Permissions] Denied 'background-sync' requested by: https://ssum-sec.casalemedia.com/
[2026-08-27 18:55:59.351] [info]  [Overwolf] [Overlay] Game launched, skipping injection because the feature is currently disabled
[2026-08-27 18:56:00.047] [info]  [Overwolf] [CRN] 'before-notification' event was fired
[2026-08-27 18:56:07.357] [warn]  [Permissions] Denied 'background-sync' requested by: https://htlb.casalemedia.com/
[2026-08-27 18:56:07.359] [warn]  [Permissions] Denied 'background-sync' requested by: https://ssum-sec.casalemedia.com/
[2026-08-27 18:57:07.361] [warn]  [Permissions] Denied 'background-sync' requested by: https://htlb.casalemedia.com/
[2026-08-27 18:57:07.363] [warn]  [Permissions] Denied 'background-sync' requested by: https://ssum-sec.casalemedia.com/
[2026-08-27 18:58:07.373] [warn]  [Permissions] Denied 'background-sync' requested by: https://htlb.casalemedia.com/
[2026-08-27 18:58:07.374] [warn]  [Permissions] Denied 'background-sync' requested by: https://ssum-sec.casalemedia.com/
[2026-08-27 18:59:07.376] [warn]  [Permissions] Denied 'background-sync' requested by: https://htlb.casalemedia.com/
[2026-08-27 18:59:07.377] [warn]  [Permissions] Denied 'background-sync' requested by: https://ssum-sec.casalemedia.com/
[2026-08-27 19:00:07.389] [warn]  [Permissions] Denied 'background-sync' requested by: https://htlb.casalemedia.com/
[2026-08-27 19:00:07.390] [warn]  [Permissions] Denied 'background-sync' requested by: https://ssum-sec.casalemedia.com/
[2026-08-27 19:01:07.403] [warn]  [Permissions] Denied 'background-sync' requested by: https://htlb.casalemedia.com/
[2026-08-27 19:01:07.404] [warn]  [Permissions] Denied 'background-sync' requested by: https://ssum-sec.casalemedia.com/
[2026-08-27 19:02:07.418] [warn]  [Permissions] Denied 'background-sync' requested by: https://htlb.casalemedia.com/
[2026-08-27 19:02:07.419] [warn]  [Permissions] Denied 'background-sync' requested by: https://ssum-sec.casalemedia.com/
[2026-08-27 19:03:07.425] [warn]  [Permissions] Denied 'background-sync' requested by: https://htlb.casalemedia.com/
[2026-08-27 19:03:07.427] [warn]  [Permissions] Denied 'background-sync' requested by: https://ssum-sec.casalemedia.com/
[2026-08-27 19:04:07.432] [warn]  [Permissions] Denied 'background-sync' requested by: https://htlb.casalemedia.com/
[2026-08-27 19:04:07.433] [warn]  [Permissions] Denied 'background-sync' requested by: https://ssum-sec.casalemedia.com/
[2026-08-27 19:05:07.437] [warn]  [Permissions] Denied 'background-sync' requested by: https://htlb.casalemedia.com/
[2026-08-27 19:05:07.438] [warn]  [Permissions] Denied 'background-sync' requested by: https://ssum-sec.casalemedia.com/
[2026-08-27 19:05:34.065] [info]  [Updater] Checking for updates...
[2026-08-27 19:05:34.067] [info]           * Current Version: 3.7.16.12965
[2026-08-27 19:05:34.069] [info]           * Channel: latest-ow
[2026-08-27 19:05:34.070] [info]           * URL: https://launcherupdates.lunarclientcdn.com
[2026-08-27 19:05:34.072] [info]           * User Initiated: false
[2026-08-27 19:05:34.230] [info]  [Updater] No updates available.
[2026-08-27 19:05:34.232] [info]  [Updater] Update check returned a result... skipping: {"isUpdateAvailable":false,"versionInfo":{"version":"3.7.16-ow","files":[{"url":"Lunar Client v3.7.16-ow.exe","sha512":"K25vDcT8UO0xbMd4MX5URU+l33+vEILLkpsRkxPMYVfB+yP5gqHGuNWOOGgUOE0gH2g4j+1Mjo9AFnQDC35tng=="}],"path":"Lunar Client v3.7.16-ow.exe","sha512":"K25vDcT8UO0xbMd4MX5URU+l33+vEILLkpsRkxPMYVfB+yP5gqHGuNWOOGgUOE0gH2g4j+1Mjo9AFnQDC35tng==","packages":{"x64":{"size":112473965,"sha512":"f2R8yaxYfUc7t48Bk04LzCImKB27jTxQcAe6RAFE/2lMaHmhsNJCJ47S0XSDCCvUNJp5imIeKLPifHT4z+jt5g==","blockMapSize":116960,"path":"lunarclient-3.7.16-ow-x64.nsis.7z","file":"lunarclient-3.7.16-ow-x64.nsis.7z"}},"releaseDate":"2026-08-24T23:38:30.176Z"},"updateInfo":{"version":"3.7.16-ow","files":[{"url":"Lunar Client v3.7.16-ow.exe","sha512":"K25vDcT8UO0xbMd4MX5URU+l33+vEILLkpsRkxPMYVfB+yP5gqHGuNWOOGgUOE0gH2g4j+1Mjo9AFnQDC35tng=="}],"path":"Lunar Client v3.7.16-ow.exe","sha512":"K25vDcT8UO0xbMd4MX5URU+l33+vEILLkpsRkxPMYVfB+yP5gqHGuNWOOGgUOE0gH2g4j+1Mjo9AFnQDC35tng==","packages":{"x64":{"size":112473965,"sha512":"f2R8yaxYfUc7t48Bk04LzCImKB27jTxQcAe6RAFE/2lMaHmhsNJCJ47S0XSDCCvUNJp5imIeKLPifHT4z+jt5g==","blockMapSize":116960,"path":"lunarclient-3.7.16-ow-x64.nsis.7z","file":"lunarclient-3.7.16-ow-x64.nsis.7z"}},"releaseDate":"2026-08-24T23:38:30.176Z"}}
[2026-08-27 19:06:07.443] [warn]  [Permissions] Denied 'background-sync' requested by: https://htlb.casalemedia.com/
[2026-08-27 19:06:07.444] [warn]  [Permissions] Denied 'background-sync' requested by: https://ssum-sec.casalemedia.com/
[2026-08-27 19:07:07.451] [warn]  [Permissions] Denied 'background-sync' requested by: https://htlb.casalemedia.com/
[2026-08-27 19:07:07.453] [warn]  [Permissions] Denied 'background-sync' requested by: https://ssum-sec.casalemedia.com/
[2026-08-27 19:08:07.456] [warn]  [Permissions] Denied 'background-sync' requested by: https://htlb.casalemedia.com/
[2026-08-27 19:08:07.458] [warn]  [Permissions] Denied 'background-sync' requested by: https://ssum-sec.casalemedia.com/
[2026-08-27 19:09:07.462] [warn]  [Permissions] Denied 'background-sync' requested by: https://htlb.casalemedia.com/
[2026-08-27 19:09:07.464] [warn]  [Permissions] Denied 'background-sync' requested by: https://ssum-sec.casalemedia.com/
[2026-08-27 19:10:07.478] [warn]  [Permissions] Denied 'background-sync' requested by: https://htlb.casalemedia.com/
[2026-08-27 19:10:07.481] [warn]  [Permissions] Denied 'background-sync' requested by: https://ssum-sec.casalemedia.com/
[2026-08-27 19:11:07.483] [warn]  [Permissions] Denied 'background-sync' requested by: https://htlb.casalemedia.com/
[2026-08-27 19:11:07.485] [warn]  [Permissions] Denied 'background-sync' requested by: https://ssum-sec.casalemedia.com/
[2026-08-27 19:11:35.830] [info]  [Overwolf] [Overlay] Game launched, skipping injection because the feature is currently disabled
[2026-08-27 19:11:36.558] [info]  [Overwolf] [CRN] 'before-notification' event was fired
[2026-08-27 19:12:07.485] [warn]  [Permissions] Denied 'background-sync' requested by: https://htlb.casalemedia.com/
[2026-08-27 19:12:07.487] [warn]  [Permissions] Denied 'background-sync' requested by: https://ssum-sec.casalemedia.com/
[2026-08-27 19:13:07.505] [warn]  [Permissions] Denied 'background-sync' requested by: https://htlb.casalemedia.com/
[2026-08-27 19:13:07.510] [warn]  [Permissions] Denied 'background-sync' requested by: https://ssum-sec.casalemedia.com/
[2026-08-27 19:14:07.513] [warn]  [Permissions] Denied 'background-sync' requested by: https://htlb.casalemedia.com/
[2026-08-27 19:14:07.514] [warn]  [Permissions] Denied 'background-sync' requested by: https://ssum-sec.casalemedia.com/
[2026-08-27 19:15:07.526] [warn]  [Permissions] Denied 'background-sync' requested by: https://htlb.casalemedia.com/
[2026-08-27 19:15:07.528] [warn]  [Permissions] Denied 'background-sync' requested by: https://ssum-sec.casalemedia.com/
[2026-08-27 19:15:15.272] [info]  [Overwolf] [Overlay] Game launched, skipping injection because the feature is currently disabled
[2026-08-27 19:15:16.025] [info]  [Overwolf] [CRN] 'before-notification' event was fired
[2026-08-27 19:16:07.529] [warn]  [Permissions] Denied 'background-sync' requested by: https://htlb.casalemedia.com/
[2026-08-27 19:16:07.530] [warn]  [Permissions] Denied 'background-sync' requested by: https://ssum-sec.casalemedia.com/
[2026-08-27 19:17:07.535] [warn]  [Permissions] Denied 'background-sync' requested by: https://htlb.casalemedia.com/
[2026-08-27 19:17:07.536] [warn]  [Permissions] Denied 'background-sync' requested by: https://ssum-sec.casalemedia.com/
[2026-08-27 19:18:07.549] [warn]  [Permissions] Denied 'background-sync' requested by: https://htlb.casalemedia.com/
[2026-08-27 19:18:07.551] [warn]  [Permissions] Denied 'background-sync' requested by: https://ssum-sec.casalemedia.com/
[2026-08-27 19:19:07.564] [warn]  [Permissions] Denied 'background-sync' requested by: https://htlb.casalemedia.com/
[2026-08-27 19:19:07.565] [warn]  [Permissions] Denied 'background-sync' requested by: https://ssum-sec.casalemedia.com/
[2026-08-27 19:20:07.571] [warn]  [Permissions] Denied 'background-sync' requested by: https://htlb.casalemedia.com/
[2026-08-27 19:20:07.574] [warn]  [Permissions] Denied 'background-sync' requested by: https://ssum-sec.casalemedia.com/
[2026-08-27 19:20:34.077] [info]  [Updater] Checking for updates...
[2026-08-27 19:20:34.080] [info]           * Current Version: 3.7.16.12965
[2026-08-27 19:20:34.082] [info]           * Channel: latest-ow
[2026-08-27 19:20:34.085] [info]           * URL: https://launcherupdates.lunarclientcdn.com
[2026-08-27 19:20:34.088] [info]           * User Initiated: false
[2026-08-27 19:20:34.268] [info]  [Updater] No updates available.
[2026-08-27 19:20:34.270] [info]  [Updater] Update check returned a result... skipping: {"isUpdateAvailable":false,"versionInfo":{"version":"3.7.16-ow","files":[{"url":"Lunar Client v3.7.16-ow.exe","sha512":"K25vDcT8UO0xbMd4MX5URU+l33+vEILLkpsRkxPMYVfB+yP5gqHGuNWOOGgUOE0gH2g4j+1Mjo9AFnQDC35tng=="}],"path":"Lunar Client v3.7.16-ow.exe","sha512":"K25vDcT8UO0xbMd4MX5URU+l33+vEILLkpsRkxPMYVfB+yP5gqHGuNWOOGgUOE0gH2g4j+1Mjo9AFnQDC35tng==","packages":{"x64":{"size":112473965,"sha512":"f2R8yaxYfUc7t48Bk04LzCImKB27jTxQcAe6RAFE/2lMaHmhsNJCJ47S0XSDCCvUNJp5imIeKLPifHT4z+jt5g==","blockMapSize":116960,"path":"lunarclient-3.7.16-ow-x64.nsis.7z","file":"lunarclient-3.7.16-ow-x64.nsis.7z"}},"releaseDate":"2026-08-24T23:38:30.176Z"},"updateInfo":{"version":"3.7.16-ow","files":[{"url":"Lunar Client v3.7.16-ow.exe","sha512":"K25vDcT8UO0xbMd4MX5URU+l33+vEILLkpsRkxPMYVfB+yP5gqHGuNWOOGgUOE0gH2g4j+1Mjo9AFnQDC35tng=="}],"path":"Lunar Client v3.7.16-ow.exe","sha512":"K25vDcT8UO0xbMd4MX5URU+l33+vEILLkpsRkxPMYVfB+yP5gqHGuNWOOGgUOE0gH2g4j+1Mjo9AFnQDC35tng==","packages":{"x64":{"size":112473965,"sha512":"f2R8yaxYfUc7t48Bk04LzCImKB27jTxQcAe6RAFE/2lMaHmhsNJCJ47S0XSDCCvUNJp5imIeKLPifHT4z+jt5g==","blockMapSize":116960,"path":"lunarclient-3.7.16-ow-x64.nsis.7z","file":"lunarclient-3.7.16-ow-x64.nsis.7z"}},"releaseDate":"2026-08-24T23:38:30.176Z"}}
[2026-08-27 19:21:07.585] [warn]  [Permissions] Denied 'background-sync' requested by: https://htlb.casalemedia.com/
[2026-08-27 19:21:07.586] [warn]  [Permissions] Denied 'background-sync' requested by: https://ssum-sec.casalemedia.com/
[2026-08-27 19:22:07.595] [warn]  [Permissions] Denied 'background-sync' requested by: https://htlb.casalemedia.com/
[2026-08-27 19:22:07.596] [warn]  [Permissions] Denied 'background-sync' requested by: https://ssum-sec.casalemedia.com/
[2026-08-27 19:23:07.597] [warn]  [Permissions] Denied 'background-sync' requested by: https://htlb.casalemedia.com/
[2026-08-27 19:23:07.598] [warn]  [Permissions] Denied 'background-sync' requested by: https://ssum-sec.casalemedia.com/
[2026-08-27 19:24:07.606] [warn]  [Permissions] Denied 'background-sync' requested by: https://htlb.casalemedia.com/
[2026-08-27 19:24:07.607] [warn]  [Permissions] Denied 'background-sync' requested by: https://ssum-sec.casalemedia.com/
[2026-08-27 19:25:07.609] [warn]  [Permissions] Denied 'background-sync' requested by: https://htlb.casalemedia.com/
[2026-08-27 19:25:07.610] [warn]  [Permissions] Denied 'background-sync' requested by: https://ssum-sec.casalemedia.com/
[2026-08-27 19:26:07.620] [warn]  [Permissions] Denied 'background-sync' requested by: https://htlb.casalemedia.com/
[2026-08-27 19:26:07.621] [warn]  [Permissions] Denied 'background-sync' requested by: https://ssum-sec.casalemedia.com/
[2026-08-27 19:27:07.630] [warn]  [Permissions] Denied 'background-sync' requested by: https://htlb.casalemedia.com/
[2026-08-27 19:27:07.631] [warn]  [Permissions] Denied 'background-sync' requested by: https://ssum-sec.casalemedia.com/
[2026-08-27 19:28:07.642] [warn]  [Permissions] Denied 'background-sync' requested by: https://htlb.casalemedia.com/
[2026-08-27 19:28:07.644] [warn]  [Permissions] Denied 'background-sync' requested by: https://ssum-sec.casalemedia.com/
[2026-08-27 19:29:07.654] [warn]  [Permissions] Denied 'background-sync' requested by: https://htlb.casalemedia.com/
[2026-08-27 19:29:07.655] [warn]  [Permissions] Denied 'background-sync' requested by: https://ssum-sec.casalemedia.com/
[2026-08-27 19:30:07.660] [warn]  [Permissions] Denied 'background-sync' requested by: https://htlb.casalemedia.com/
[2026-08-27 19:30:07.661] [warn]  [Permissions] Denied 'background-sync' requested by: https://ssum-sec.casalemedia.com/
[2026-08-27 19:30:46.168] [info]  [Overwolf] [Overlay] Game launched, skipping injection because the feature is currently disabled
[2026-08-27 19:30:47.256] [info]  [Overwolf] [CRN] 'before-notification' event was fired
[2026-08-27 19:31:07.666] [warn]  [Permissions] Denied 'background-sync' requested by: https://htlb.casalemedia.com/
[2026-08-27 19:31:07.668] [warn]  [Permissions] Denied 'background-sync' requested by: https://ssum-sec.casalemedia.com/
[2026-08-27 19:32:07.674] [warn]  [Permissions] Denied 'background-sync' requested by: https://htlb.casalemedia.com/
[2026-08-27 19:32:07.676] [warn]  [Permissions] Denied 'background-sync' requested by: https://ssum-sec.casalemedia.com/
[2026-08-27 19:33:07.682] [warn]  [Permissions] Denied 'background-sync' requested by: https://htlb.casalemedia.com/
[2026-08-27 19:33:07.691] [warn]  [Permissions] Denied 'background-sync' requested by: https://ssum-sec.casalemedia.com/
[2026-08-27 19:34:07.696] [warn]  [Permissions] Denied 'background-sync' requested by: https://htlb.casalemedia.com/
[2026-08-27 19:34:07.698] [warn]  [Permissions] Denied 'background-sync' requested by: https://ssum-sec.casalemedia.com/
[2026-08-27 19:35:07.700] [warn]  [Permissions] Denied 'background-sync' requested by: https://htlb.casalemedia.com/
[2026-08-27 19:35:07.701] [warn]  [Permissions] Denied 'background-sync' requested by: https://ssum-sec.casalemedia.com/
[2026-08-27 19:35:34.083] [info]  [Updater] Checking for updates...
[2026-08-27 19:35:34.085] [info]           * Current Version: 3.7.16.12965
[2026-08-27 19:35:34.088] [info]           * Channel: latest-ow
[2026-08-27 19:35:34.090] [info]           * URL: https://launcherupdates.lunarclientcdn.com
[2026-08-27 19:35:34.093] [info]           * User Initiated: false
[2026-08-27 19:35:34.241] [info]  [Updater] No updates available.
[2026-08-27 19:35:34.243] [info]  [Updater] Update check returned a result... skipping: {"isUpdateAvailable":false,"versionInfo":{"version":"3.7.16-ow","files":[{"url":"Lunar Client v3.7.16-ow.exe","sha512":"K25vDcT8UO0xbMd4MX5URU+l33+vEILLkpsRkxPMYVfB+yP5gqHGuNWOOGgUOE0gH2g4j+1Mjo9AFnQDC35tng=="}],"path":"Lunar Client v3.7.16-ow.exe","sha512":"K25vDcT8UO0xbMd4MX5URU+l33+vEILLkpsRkxPMYVfB+yP5gqHGuNWOOGgUOE0gH2g4j+1Mjo9AFnQDC35tng==","packages":{"x64":{"size":112473965,"sha512":"f2R8yaxYfUc7t48Bk04LzCImKB27jTxQcAe6RAFE/2lMaHmhsNJCJ47S0XSDCCvUNJp5imIeKLPifHT4z+jt5g==","blockMapSize":116960,"path":"lunarclient-3.7.16-ow-x64.nsis.7z","file":"lunarclient-3.7.16-ow-x64.nsis.7z"}},"releaseDate":"2026-08-24T23:38:30.176Z"},"updateInfo":{"version":"3.7.16-ow","files":[{"url":"Lunar Client v3.7.16-ow.exe","sha512":"K25vDcT8UO0xbMd4MX5URU+l33+vEILLkpsRkxPMYVfB+yP5gqHGuNWOOGgUOE0gH2g4j+1Mjo9AFnQDC35tng=="}],"path":"Lunar Client v3.7.16-ow.exe","sha512":"K25vDcT8UO0xbMd4MX5URU+l33+vEILLkpsRkxPMYVfB+yP5gqHGuNWOOGgUOE0gH2g4j+1Mjo9AFnQDC35tng==","packages":{"x64":{"size":112473965,"sha512":"f2R8yaxYfUc7t48Bk04LzCImKB27jTxQcAe6RAFE/2lMaHmhsNJCJ47S0XSDCCvUNJp5imIeKLPifHT4z+jt5g==","blockMapSize":116960,"path":"lunarclient-3.7.16-ow-x64.nsis.7z","file":"lunarclient-3.7.16-ow-x64.nsis.7z"}},"releaseDate":"2026-08-24T23:38:30.176Z"}}
[2026-08-27 19:36:07.706] [warn]  [Permissions] Denied 'background-sync' requested by: https://htlb.casalemedia.com/
[2026-08-27 19:36:07.707] [warn]  [Permissions] Denied 'background-sync' requested by: https://ssum-sec.casalemedia.com/
[2026-08-27 19:37:07.720] [warn]  [Permissions] Denied 'background-sync' requested by: https://htlb.casalemedia.com/
[2026-08-27 19:37:07.721] [warn]  [Permissions] Denied 'background-sync' requested by: https://ssum-sec.casalemedia.com/
[2026-08-27 19:38:07.724] [warn]  [Permissions] Denied 'background-sync' requested by: https://htlb.casalemedia.com/
[2026-08-27 19:38:07.725] [warn]  [Permissions] Denied 'background-sync' requested by: https://ssum-sec.casalemedia.com/
[2026-08-27 19:39:07.732] [warn]  [Permissions] Denied 'background-sync' requested by: https://htlb.casalemedia.com/
[2026-08-27 19:39:07.733] [warn]  [Permissions] Denied 'background-sync' requested by: https://ssum-sec.casalemedia.com/
[2026-08-27 19:40:07.744] [warn]  [Permissions] Denied 'background-sync' requested by: https://htlb.casalemedia.com/
[2026-08-27 19:40:07.745] [warn]  [Permissions] Denied 'background-sync' requested by: https://ssum-sec.casalemedia.com/
[2026-08-27 19:41:07.756] [warn]  [Permissions] Denied 'background-sync' requested by: https://htlb.casalemedia.com/
[2026-08-27 19:41:07.757] [warn]  [Permissions] Denied 'background-sync' requested by: https://ssum-sec.casalemedia.com/
[2026-08-27 19:42:07.771] [warn]  [Permissions] Denied 'background-sync' requested by: https://htlb.casalemedia.com/
[2026-08-27 19:42:07.772] [warn]  [Permissions] Denied 'background-sync' requested by: https://ssum-sec.casalemedia.com/
[2026-08-27 19:43:07.786] [warn]  [Permissions] Denied 'background-sync' requested by: https://htlb.casalemedia.com/
[2026-08-27 19:43:07.787] [warn]  [Permissions] Denied 'background-sync' requested by: https://ssum-sec.casalemedia.com/
[2026-08-27 19:44:07.787] [warn]  [Permissions] Denied 'background-sync' requested by: https://htlb.casalemedia.com/
[2026-08-27 19:44:07.789] [warn]  [Permissions] Denied 'background-sync' requested by: https://ssum-sec.casalemedia.com/
[2026-08-27 19:45:07.798] [warn]  [Permissions] Denied 'background-sync' requested by: https://htlb.casalemedia.com/
[2026-08-27 19:45:07.799] [warn]  [Permissions] Denied 'background-sync' requested by: https://ssum-sec.casalemedia.com/
[2026-08-27 19:46:07.809] [warn]  [Permissions] Denied 'background-sync' requested by: https://htlb.casalemedia.com/
[2026-08-27 19:46:07.810] [warn]  [Permissions] Denied 'background-sync' requested by: https://ssum-sec.casalemedia.com/
[2026-08-27 19:47:07.820] [warn]  [Permissions] Denied 'background-sync' requested by: https://htlb.casalemedia.com/
[2026-08-27 19:47:07.821] [warn]  [Permissions] Denied 'background-sync' requested by: https://ssum-sec.casalemedia.com/
[2026-08-27 19:48:07.820] [warn]  [Permissions] Denied 'background-sync' requested by: https://htlb.casalemedia.com/
[2026-08-27 19:48:07.822] [warn]  [Permissions] Denied 'background-sync' requested by: https://ssum-sec.casalemedia.com/
[2026-08-27 19:49:07.824] [warn]  [Permissions] Denied 'background-sync' requested by: https://htlb.casalemedia.com/
[2026-08-27 19:49:07.826] [warn]  [Permissions] Denied 'background-sync' requested by: https://ssum-sec.casalemedia.com/
[2026-08-27 19:50:07.836] [warn]  [Permissions] Denied 'background-sync' requested by: https://htlb.casalemedia.com/
[2026-08-27 19:50:07.838] [warn]  [Permissions] Denied 'background-sync' requested by: https://ssum-sec.casalemedia.com/
[2026-08-27 19:50:34.096] [info]  [Updater] Checking for updates...
[2026-08-27 19:50:34.097] [info]           * Current Version: 3.7.16.12965
[2026-08-27 19:50:34.100] [info]           * Channel: latest-ow
[2026-08-27 19:50:34.101] [info]           * URL: https://launcherupdates.lunarclientcdn.com
[2026-08-27 19:50:34.104] [info]           * User Initiated: false
[2026-08-27 19:50:34.289] [info]  [Updater] No updates available.
[2026-08-27 19:50:34.291] [info]  [Updater] Update check returned a result... skipping: {"isUpdateAvailable":false,"versionInfo":{"version":"3.7.16-ow","files":[{"url":"Lunar Client v3.7.16-ow.exe","sha512":"K25vDcT8UO0xbMd4MX5URU+l33+vEILLkpsRkxPMYVfB+yP5gqHGuNWOOGgUOE0gH2g4j+1Mjo9AFnQDC35tng=="}],"path":"Lunar Client v3.7.16-ow.exe","sha512":"K25vDcT8UO0xbMd4MX5URU+l33+vEILLkpsRkxPMYVfB+yP5gqHGuNWOOGgUOE0gH2g4j+1Mjo9AFnQDC35tng==","packages":{"x64":{"size":112473965,"sha512":"f2R8yaxYfUc7t48Bk04LzCImKB27jTxQcAe6RAFE/2lMaHmhsNJCJ47S0XSDCCvUNJp5imIeKLPifHT4z+jt5g==","blockMapSize":116960,"path":"lunarclient-3.7.16-ow-x64.nsis.7z","file":"lunarclient-3.7.16-ow-x64.nsis.7z"}},"releaseDate":"2026-08-24T23:38:30.176Z"},"updateInfo":{"version":"3.7.16-ow","files":[{"url":"Lunar Client v3.7.16-ow.exe","sha512":"K25vDcT8UO0xbMd4MX5URU+l33+vEILLkpsRkxPMYVfB+yP5gqHGuNWOOGgUOE0gH2g4j+1Mjo9AFnQDC35tng=="}],"path":"Lunar Client v3.7.16-ow.exe","sha512":"K25vDcT8UO0xbMd4MX5URU+l33+vEILLkpsRkxPMYVfB+yP5gqHGuNWOOGgUOE0gH2g4j+1Mjo9AFnQDC35tng==","packages":{"x64":{"size":112473965,"sha512":"f2R8yaxYfUc7t48Bk04LzCImKB27jTxQcAe6RAFE/2lMaHmhsNJCJ47S0XSDCCvUNJp5imIeKLPifHT4z+jt5g==","blockMapSize":116960,"path":"lunarclient-3.7.16-ow-x64.nsis.7z","file":"lunarclient-3.7.16-ow-x64.nsis.7z"}},"releaseDate":"2026-08-24T23:38:30.176Z"}}
[2026-08-27 19:51:07.845] [warn]  [Permissions] Denied 'background-sync' requested by: https://htlb.casalemedia.com/
[2026-08-27 19:51:07.846] [warn]  [Permissions] Denied 'background-sync' requested by: https://ssum-sec.casalemedia.com/
[2026-08-27 19:52:07.850] [warn]  [Permissions] Denied 'background-sync' requested by: https://htlb.casalemedia.com/
[2026-08-27 19:52:07.852] [warn]  [Permissions] Denied 'background-sync' requested by: https://ssum-sec.casalemedia.com/
[2026-08-27 19:53:07.853] [warn]  [Permissions] Denied 'background-sync' requested by: https://htlb.casalemedia.com/
[2026-08-27 19:53:07.854] [warn]  [Permissions] Denied 'background-sync' requested by: https://ssum-sec.casalemedia.com/
[2026-08-27 19:54:07.861] [warn]  [Permissions] Denied 'background-sync' requested by: https://htlb.casalemedia.com/
[2026-08-27 19:54:07.862] [warn]  [Permissions] Denied 'background-sync' requested by: https://ssum-sec.casalemedia.com/
[2026-08-27 19:55:07.872] [warn]  [Permissions] Denied 'background-sync' requested by: https://htlb.casalemedia.com/
[2026-08-27 19:55:07.873] [warn]  [Permissions] Denied 'background-sync' requested by: https://ssum-sec.casalemedia.com/
[2026-08-27 19:56:07.875] [warn]  [Permissions] Denied 'background-sync' requested by: https://htlb.casalemedia.com/
[2026-08-27 19:56:07.876] [warn]  [Permissions] Denied 'background-sync' requested by: https://ssum-sec.casalemedia.com/
[2026-08-27 19:57:07.889] [warn]  [Permissions] Denied 'background-sync' requested by: https://htlb.casalemedia.com/
[2026-08-27 19:57:07.891] [warn]  [Permissions] Denied 'background-sync' requested by: https://ssum-sec.casalemedia.com/
[2026-08-27 19:58:07.903] [warn]  [Permissions] Denied 'background-sync' requested by: https://htlb.casalemedia.com/
[2026-08-27 19:58:07.905] [warn]  [Permissions] Denied 'background-sync' requested by: https://ssum-sec.casalemedia.com/
[2026-08-27 19:59:07.919] [warn]  [Permissions] Denied 'background-sync' requested by: https://htlb.casalemedia.com/
[2026-08-27 19:59:07.921] [warn]  [Permissions] Denied 'background-sync' requested by: https://ssum-sec.casalemedia.com/
[2026-08-27 20:00:07.926] [warn]  [Permissions] Denied 'background-sync' requested by: https://htlb.casalemedia.com/
[2026-08-27 20:00:07.927] [warn]  [Permissions] Denied 'background-sync' requested by: https://ssum-sec.casalemedia.com/
[2026-08-27 20:01:07.942] [warn]  [Permissions] Denied 'background-sync' requested by: https://htlb.casalemedia.com/
[2026-08-27 20:01:07.942] [warn]  [Permissions] Denied 'background-sync' requested by: https://ssum-sec.casalemedia.com/
[2026-08-27 20:02:07.949] [warn]  [Permissions] Denied 'background-sync' requested by: https://htlb.casalemedia.com/
[2026-08-27 20:02:07.950] [warn]  [Permissions] Denied 'background-sync' requested by: https://ssum-sec.casalemedia.com/
[2026-08-27 20:03:07.957] [warn]  [Permissions] Denied 'background-sync' requested by: https://htlb.casalemedia.com/
[2026-08-27 20:03:07.958] [warn]  [Permissions] Denied 'background-sync' requested by: https://ssum-sec.casalemedia.com/
[2026-08-27 20:04:07.958] [warn]  [Permissions] Denied 'background-sync' requested by: https://htlb.casalemedia.com/
[2026-08-27 20:04:07.958] [warn]  [Permissions] Denied 'background-sync' requested by: https://ssum-sec.casalemedia.com/
[2026-08-27 20:05:07.964] [warn]  [Permissions] Denied 'background-sync' requested by: https://htlb.casalemedia.com/
[2026-08-27 20:05:07.966] [warn]  [Permissions] Denied 'background-sync' requested by: https://ssum-sec.casalemedia.com/
[2026-08-27 20:05:34.098] [info]  [Updater] Checking for updates...
[2026-08-27 20:05:34.099] [info]           * Current Version: 3.7.16.12965
[2026-08-27 20:05:34.102] [info]           * Channel: latest-ow
[2026-08-27 20:05:34.104] [info]           * URL: https://launcherupdates.lunarclientcdn.com
[2026-08-27 20:05:34.106] [info]           * User Initiated: false
[2026-08-27 20:05:34.466] [info]  [Updater] No updates available.
[2026-08-27 20:05:34.467] [info]  [Updater] Update check returned a result... skipping: {"isUpdateAvailable":false,"versionInfo":{"version":"3.7.16-ow","files":[{"url":"Lunar Client v3.7.16-ow.exe","sha512":"K25vDcT8UO0xbMd4MX5URU+l33+vEILLkpsRkxPMYVfB+yP5gqHGuNWOOGgUOE0gH2g4j+1Mjo9AFnQDC35tng=="}],"path":"Lunar Client v3.7.16-ow.exe","sha512":"K25vDcT8UO0xbMd4MX5URU+l33+vEILLkpsRkxPMYVfB+yP5gqHGuNWOOGgUOE0gH2g4j+1Mjo9AFnQDC35tng==","packages":{"x64":{"size":112473965,"sha512":"f2R8yaxYfUc7t48Bk04LzCImKB27jTxQcAe6RAFE/2lMaHmhsNJCJ47S0XSDCCvUNJp5imIeKLPifHT4z+jt5g==","blockMapSize":116960,"path":"lunarclient-3.7.16-ow-x64.nsis.7z","file":"lunarclient-3.7.16-ow-x64.nsis.7z"}},"releaseDate":"2026-08-24T23:38:30.176Z"},"updateInfo":{"version":"3.7.16-ow","files":[{"url":"Lunar Client v3.7.16-ow.exe","sha512":"K25vDcT8UO0xbMd4MX5URU+l33+vEILLkpsRkxPMYVfB+yP5gqHGuNWOOGgUOE0gH2g4j+1Mjo9AFnQDC35tng=="}],"path":"Lunar Client v3.7.16-ow.exe","sha512":"K25vDcT8UO0xbMd4MX5URU+l33+vEILLkpsRkxPMYVfB+yP5gqHGuNWOOGgUOE0gH2g4j+1Mjo9AFnQDC35tng==","packages":{"x64":{"size":112473965,"sha512":"f2R8yaxYfUc7t48Bk04LzCImKB27jTxQcAe6RAFE/2lMaHmhsNJCJ47S0XSDCCvUNJp5imIeKLPifHT4z+jt5g==","blockMapSize":116960,"path":"lunarclient-3.7.16-ow-x64.nsis.7z","file":"lunarclient-3.7.16-ow-x64.nsis.7z"}},"releaseDate":"2026-08-24T23:38:30.176Z"}}
[2026-08-27 20:06:07.965] [warn]  [Permissions] Denied 'background-sync' requested by: https://htlb.casalemedia.com/
[2026-08-27 20:06:07.966] [warn]  [Permissions] Denied 'background-sync' requested by: https://ssum-sec.casalemedia.com/
[2026-08-27 20:07:07.978] [warn]  [Permissions] Denied 'background-sync' requested by: https://htlb.casalemedia.com/
[2026-08-27 20:07:07.979] [warn]  [Permissions] Denied 'background-sync' requested by: https://ssum-sec.casalemedia.com/
[2026-08-27 20:08:07.989] [warn]  [Permissions] Denied 'background-sync' requested by: https://htlb.casalemedia.com/
[2026-08-27 20:08:07.990] [warn]  [Permissions] Denied 'background-sync' requested by: https://ssum-sec.casalemedia.com/
[2026-08-27 20:09:08.005] [warn]  [Permissions] Denied 'background-sync' requested by: https://htlb.casalemedia.com/
[2026-08-27 20:09:08.007] [warn]  [Permissions] Denied 'background-sync' requested by: https://ssum-sec.casalemedia.com/
[2026-08-27 20:10:08.013] [warn]  [Permissions] Denied 'background-sync' requested by: https://htlb.casalemedia.com/
[2026-08-27 20:10:08.014] [warn]  [Permissions] Denied 'background-sync' requested by: https://ssum-sec.casalemedia.com/
[2026-08-27 20:11:08.014] [warn]  [Permissions] Denied 'background-sync' requested by: https://htlb.casalemedia.com/
[2026-08-27 20:11:08.015] [warn]  [Permissions] Denied 'background-sync' requested by: https://ssum-sec.casalemedia.com/
[2026-08-27 20:12:08.025] [warn]  [Permissions] Denied 'background-sync' requested by: https://htlb.casalemedia.com/
[2026-08-27 20:12:08.026] [warn]  [Permissions] Denied 'background-sync' requested by: https://ssum-sec.casalemedia.com/
[2026-08-27 20:13:08.034] [warn]  [Permissions] Denied 'background-sync' requested by: https://htlb.casalemedia.com/
[2026-08-27 20:13:08.035] [warn]  [Permissions] Denied 'background-sync' requested by: https://ssum-sec.casalemedia.com/
[2026-08-27 20:14:08.047] [warn]  [Permissions] Denied 'background-sync' requested by: https://htlb.casalemedia.com/
[2026-08-27 20:14:08.048] [warn]  [Permissions] Denied 'background-sync' requested by: https://ssum-sec.casalemedia.com/
[2026-08-27 20:15:08.060] [warn]  [Permissions] Denied 'background-sync' requested by: https://htlb.casalemedia.com/
[2026-08-27 20:15:08.061] [warn]  [Permissions] Denied 'background-sync' requested by: https://ssum-sec.casalemedia.com/
[2026-08-27 20:16:08.066] [warn]  [Permissions] Denied 'background-sync' requested by: https://htlb.casalemedia.com/
[2026-08-27 20:16:08.068] [warn]  [Permissions] Denied 'background-sync' requested by: https://ssum-sec.casalemedia.com/
[2026-08-27 20:17:08.077] [warn]  [Permissions] Denied 'background-sync' requested by: https://htlb.casalemedia.com/
[2026-08-27 20:17:08.079] [warn]  [Permissions] Denied 'background-sync' requested by: https://ssum-sec.casalemedia.com/
[2026-08-27 20:18:08.090] [warn]  [Permissions] Denied 'background-sync' requested by: https://htlb.casalemedia.com/
[2026-08-27 20:18:08.091] [warn]  [Permissions] Denied 'background-sync' requested by: https://ssum-sec.casalemedia.com/
[2026-08-27 20:19:08.102] [warn]  [Permissions] Denied 'background-sync' requested by: https://htlb.casalemedia.com/
[2026-08-27 20:19:08.103] [warn]  [Permissions] Denied 'background-sync' requested by: https://ssum-sec.casalemedia.com/
[2026-08-27 20:20:08.113] [warn]  [Permissions] Denied 'background-sync' requested by: https://htlb.casalemedia.com/
[2026-08-27 20:20:08.113] [warn]  [Permissions] Denied 'background-sync' requested by: https://ssum-sec.casalemedia.com/
[2026-08-27 20:20:34.113] [info]  [Updater] Checking for updates...
[2026-08-27 20:20:34.115] [info]           * Current Version: 3.7.16.12965
[2026-08-27 20:20:34.117] [info]           * Channel: latest-ow
[2026-08-27 20:20:34.119] [info]           * URL: https://launcherupdates.lunarclientcdn.com
[2026-08-27 20:20:34.122] [info]           * User Initiated: false
[2026-08-27 20:20:34.279] [info]  [Updater] No updates available.
[2026-08-27 20:20:34.281] [info]  [Updater] Update check returned a result... skipping: {"isUpdateAvailable":false,"versionInfo":{"version":"3.7.16-ow","files":[{"url":"Lunar Client v3.7.16-ow.exe","sha512":"K25vDcT8UO0xbMd4MX5URU+l33+vEILLkpsRkxPMYVfB+yP5gqHGuNWOOGgUOE0gH2g4j+1Mjo9AFnQDC35tng=="}],"path":"Lunar Client v3.7.16-ow.exe","sha512":"K25vDcT8UO0xbMd4MX5URU+l33+vEILLkpsRkxPMYVfB+yP5gqHGuNWOOGgUOE0gH2g4j+1Mjo9AFnQDC35tng==","packages":{"x64":{"size":112473965,"sha512":"f2R8yaxYfUc7t48Bk04LzCImKB27jTxQcAe6RAFE/2lMaHmhsNJCJ47S0XSDCCvUNJp5imIeKLPifHT4z+jt5g==","blockMapSize":116960,"path":"lunarclient-3.7.16-ow-x64.nsis.7z","file":"lunarclient-3.7.16-ow-x64.nsis.7z"}},"releaseDate":"2026-08-24T23:38:30.176Z"},"updateInfo":{"version":"3.7.16-ow","files":[{"url":"Lunar Client v3.7.16-ow.exe","sha512":"K25vDcT8UO0xbMd4MX5URU+l33+vEILLkpsRkxPMYVfB+yP5gqHGuNWOOGgUOE0gH2g4j+1Mjo9AFnQDC35tng=="}],"path":"Lunar Client v3.7.16-ow.exe","sha512":"K25vDcT8UO0xbMd4MX5URU+l33+vEILLkpsRkxPMYVfB+yP5gqHGuNWOOGgUOE0gH2g4j+1Mjo9AFnQDC35tng==","packages":{"x64":{"size":112473965,"sha512":"f2R8yaxYfUc7t48Bk04LzCImKB27jTxQcAe6RAFE/2lMaHmhsNJCJ47S0XSDCCvUNJp5imIeKLPifHT4z+jt5g==","blockMapSize":116960,"path":"lunarclient-3.7.16-ow-x64.nsis.7z","file":"lunarclient-3.7.16-ow-x64.nsis.7z"}},"releaseDate":"2026-08-24T23:38:30.176Z"}}
[2026-08-27 20:21:08.124] [warn]  [Permissions] Denied 'background-sync' requested by: https://htlb.casalemedia.com/
[2026-08-27 20:21:08.125] [warn]  [Permissions] Denied 'background-sync' requested by: https://ssum-sec.casalemedia.com/
[2026-08-27 20:22:08.139] [warn]  [Permissions] Denied 'background-sync' requested by: https://htlb.casalemedia.com/
[2026-08-27 20:22:08.141] [warn]  [Permissions] Denied 'background-sync' requested by: https://ssum-sec.casalemedia.com/
[2026-08-27 20:23:08.146] [warn]  [Permissions] Denied 'background-sync' requested by: https://htlb.casalemedia.com/
[2026-08-27 20:23:08.147] [warn]  [Permissions] Denied 'background-sync' requested by: https://ssum-sec.casalemedia.com/
[2026-08-27 20:24:08.147] [warn]  [Permissions] Denied 'background-sync' requested by: https://htlb.casalemedia.com/
[2026-08-27 20:24:08.148] [warn]  [Permissions] Denied 'background-sync' requested by: https://ssum-sec.casalemedia.com/
[2026-08-27 20:25:08.162] [warn]  [Permissions] Denied 'background-sync' requested by: https://htlb.casalemedia.com/
[2026-08-27 20:25:08.163] [warn]  [Permissions] Denied 'background-sync' requested by: https://ssum-sec.casalemedia.com/
[2026-08-27 20:26:08.172] [warn]  [Permissions] Denied 'background-sync' requested by: https://htlb.casalemedia.com/
[2026-08-27 20:26:08.173] [warn]  [Permissions] Denied 'background-sync' requested by: https://ssum-sec.casalemedia.com/
[2026-08-27 20:27:08.183] [warn]  [Permissions] Denied 'background-sync' requested by: https://htlb.casalemedia.com/
[2026-08-27 20:27:08.184] [warn]  [Permissions] Denied 'background-sync' requested by: https://ssum-sec.casalemedia.com/
[2026-08-27 20:28:08.193] [warn]  [Permissions] Denied 'background-sync' requested by: https://htlb.casalemedia.com/
[2026-08-27 20:28:08.194] [warn]  [Permissions] Denied 'background-sync' requested by: https://ssum-sec.casalemedia.com/
[2026-08-27 20:29:08.202] [warn]  [Permissions] Denied 'background-sync' requested by: https://htlb.casalemedia.com/
[2026-08-27 20:29:08.203] [warn]  [Permissions] Denied 'background-sync' requested by: https://ssum-sec.casalemedia.com/
[2026-08-27 20:30:08.205] [warn]  [Permissions] Denied 'background-sync' requested by: https://htlb.casalemedia.com/
[2026-08-27 20:30:08.206] [warn]  [Permissions] Denied 'background-sync' requested by: https://ssum-sec.casalemedia.com/
[2026-08-27 20:31:08.214] [warn]  [Permissions] Denied 'background-sync' requested by: https://htlb.casalemedia.com/
[2026-08-27 20:31:08.215] [warn]  [Permissions] Denied 'background-sync' requested by: https://ssum-sec.casalemedia.com/
[2026-08-27 20:32:08.228] [warn]  [Permissions] Denied 'background-sync' requested by: https://htlb.casalemedia.com/
[2026-08-27 20:32:08.229] [warn]  [Permissions] Denied 'background-sync' requested by: https://ssum-sec.casalemedia.com/
[2026-08-27 20:33:08.232] [warn]  [Permissions] Denied 'background-sync' requested by: https://htlb.casalemedia.com/
[2026-08-27 20:33:08.234] [warn]  [Permissions] Denied 'background-sync' requested by: https://ssum-sec.casalemedia.com/
[2026-08-27 20:34:08.236] [warn]  [Permissions] Denied 'background-sync' requested by: https://htlb.casalemedia.com/
[2026-08-27 20:34:08.238] [warn]  [Permissions] Denied 'background-sync' requested by: https://ssum-sec.casalemedia.com/
[2026-08-27 20:35:08.237] [warn]  [Permissions] Denied 'background-sync' requested by: https://htlb.casalemedia.com/
[2026-08-27 20:35:08.238] [warn]  [Permissions] Denied 'background-sync' requested by: https://ssum-sec.casalemedia.com/
[2026-08-27 20:35:34.128] [info]  [Updater] Checking for updates...
[2026-08-27 20:35:34.131] [info]           * Current Version: 3.7.16.12965
[2026-08-27 20:35:34.134] [info]           * Channel: latest-ow
[2026-08-27 20:35:34.136] [info]           * URL: https://launcherupdates.lunarclientcdn.com
[2026-08-27 20:35:34.137] [info]           * User Initiated: false
[2026-08-27 20:35:34.362] [info]  [Updater] No updates available.
[2026-08-27 20:35:34.364] [info]  [Updater] Update check returned a result... skipping: {"isUpdateAvailable":false,"versionInfo":{"version":"3.7.16-ow","files":[{"url":"Lunar Client v3.7.16-ow.exe","sha512":"K25vDcT8UO0xbMd4MX5URU+l33+vEILLkpsRkxPMYVfB+yP5gqHGuNWOOGgUOE0gH2g4j+1Mjo9AFnQDC35tng=="}],"path":"Lunar Client v3.7.16-ow.exe","sha512":"K25vDcT8UO0xbMd4MX5URU+l33+vEILLkpsRkxPMYVfB+yP5gqHGuNWOOGgUOE0gH2g4j+1Mjo9AFnQDC35tng==","packages":{"x64":{"size":112473965,"sha512":"f2R8yaxYfUc7t48Bk04LzCImKB27jTxQcAe6RAFE/2lMaHmhsNJCJ47S0XSDCCvUNJp5imIeKLPifHT4z+jt5g==","blockMapSize":116960,"path":"lunarclient-3.7.16-ow-x64.nsis.7z","file":"lunarclient-3.7.16-ow-x64.nsis.7z"}},"releaseDate":"2026-08-24T23:38:30.176Z"},"updateInfo":{"version":"3.7.16-ow","files":[{"url":"Lunar Client v3.7.16-ow.exe","sha512":"K25vDcT8UO0xbMd4MX5URU+l33+vEILLkpsRkxPMYVfB+yP5gqHGuNWOOGgUOE0gH2g4j+1Mjo9AFnQDC35tng=="}],"path":"Lunar Client v3.7.16-ow.exe","sha512":"K25vDcT8UO0xbMd4MX5URU+l33+vEILLkpsRkxPMYVfB+yP5gqHGuNWOOGgUOE0gH2g4j+1Mjo9AFnQDC35tng==","packages":{"x64":{"size":112473965,"sha512":"f2R8yaxYfUc7t48Bk04LzCImKB27jTxQcAe6RAFE/2lMaHmhsNJCJ47S0XSDCCvUNJp5imIeKLPifHT4z+jt5g==","blockMapSize":116960,"path":"lunarclient-3.7.16-ow-x64.nsis.7z","file":"lunarclient-3.7.16-ow-x64.nsis.7z"}},"releaseDate":"2026-08-24T23:38:30.176Z"}}
[2026-08-27 20:36:08.241] [warn]  [Permissions] Denied 'background-sync' requested by: https://htlb.casalemedia.com/
[2026-08-27 20:36:08.242] [warn]  [Permissions] Denied 'background-sync' requested by: https://ssum-sec.casalemedia.com/
[2026-08-27 20:37:08.242] [warn]  [Permissions] Denied 'background-sync' requested by: https://htlb.casalemedia.com/
[2026-08-27 20:37:08.243] [warn]  [Permissions] Denied 'background-sync' requested by: https://ssum-sec.casalemedia.com/
[2026-08-27 20:38:08.247] [warn]  [Permissions] Denied 'background-sync' requested by: https://htlb.casalemedia.com/
[2026-08-27 20:38:08.248] [warn]  [Permissions] Denied 'background-sync' requested by: https://ssum-sec.casalemedia.com/
[2026-08-27 20:39:08.252] [warn]  [Permissions] Denied 'background-sync' requested by: https://htlb.casalemedia.com/
[2026-08-27 20:39:08.252] [warn]  [Permissions] Denied 'background-sync' requested by: https://ssum-sec.casalemedia.com/
[2026-08-27 20:40:08.258] [warn]  [Permissions] Denied 'background-sync' requested by: https://htlb.casalemedia.com/
[2026-08-27 20:40:08.259] [warn]  [Permissions] Denied 'background-sync' requested by: https://ssum-sec.casalemedia.com/
[2026-08-27 20:41:08.265] [warn]  [Permissions] Denied 'background-sync' requested by: https://htlb.casalemedia.com/
[2026-08-27 20:41:08.266] [warn]  [Permissions] Denied 'background-sync' requested by: https://ssum-sec.casalemedia.com/
[2026-08-27 20:42:08.281] [warn]  [Permissions] Denied 'background-sync' requested by: https://htlb.casalemedia.com/
[2026-08-27 20:42:08.282] [warn]  [Permissions] Denied 'background-sync' requested by: https://ssum-sec.casalemedia.com/
[2026-08-27 20:43:08.291] [warn]  [Permissions] Denied 'background-sync' requested by: https://htlb.casalemedia.com/
[2026-08-27 20:43:08.293] [warn]  [Permissions] Denied 'background-sync' requested by: https://ssum-sec.casalemedia.com/
[2026-08-27 20:44:08.298] [warn]  [Permissions] Denied 'background-sync' requested by: https://htlb.casalemedia.com/
[2026-08-27 20:44:08.299] [warn]  [Permissions] Denied 'background-sync' requested by: https://ssum-sec.casalemedia.com/
[2026-08-27 20:45:08.299] [warn]  [Permissions] Denied 'background-sync' requested by: https://htlb.casalemedia.com/
[2026-08-27 20:45:08.300] [warn]  [Permissions] Denied 'background-sync' requested by: https://ssum-sec.casalemedia.com/
[2026-08-27 20:46:08.308] [warn]  [Permissions] Denied 'background-sync' requested by: https://htlb.casalemedia.com/
[2026-08-27 20:46:08.310] [warn]  [Permissions] Denied 'background-sync' requested by: https://ssum-sec.casalemedia.com/
[2026-08-27 20:47:08.316] [warn]  [Permissions] Denied 'background-sync' requested by: https://htlb.casalemedia.com/
[2026-08-27 20:47:08.319] [warn]  [Permissions] Denied 'background-sync' requested by: https://ssum-sec.casalemedia.com/
[2026-08-27 20:48:08.326] [warn]  [Permissions] Denied 'background-sync' requested by: https://htlb.casalemedia.com/
[2026-08-27 20:48:08.327] [warn]  [Permissions] Denied 'background-sync' requested by: https://ssum-sec.casalemedia.com/
[2026-08-27 20:49:08.340] [warn]  [Permissions] Denied 'background-sync' requested by: https://htlb.casalemedia.com/
[2026-08-27 20:49:08.350] [warn]  [Permissions] Denied 'background-sync' requested by: https://ssum-sec.casalemedia.com/
[2026-08-27 20:50:08.364] [warn]  [Permissions] Denied 'background-sync' requested by: https://htlb.casalemedia.com/
[2026-08-27 20:50:08.365] [warn]  [Permissions] Denied 'background-sync' requested by: https://ssum-sec.casalemedia.com/
[2026-08-27 20:50:34.148] [info]  [Updater] Checking for updates...
[2026-08-27 20:50:34.150] [info]           * Current Version: 3.7.16.12965
[2026-08-27 20:50:34.152] [info]           * Channel: latest-ow
[2026-08-27 20:50:34.154] [info]           * URL: https://launcherupdates.lunarclientcdn.com
[2026-08-27 20:50:34.156] [info]           * User Initiated: false
[2026-08-27 20:50:34.412] [info]  [Updater] No updates available.
[2026-08-27 20:50:34.414] [info]  [Updater] Update check returned a result... skipping: {"isUpdateAvailable":false,"versionInfo":{"version":"3.7.16-ow","files":[{"url":"Lunar Client v3.7.16-ow.exe","sha512":"K25vDcT8UO0xbMd4MX5URU+l33+vEILLkpsRkxPMYVfB+yP5gqHGuNWOOGgUOE0gH2g4j+1Mjo9AFnQDC35tng=="}],"path":"Lunar Client v3.7.16-ow.exe","sha512":"K25vDcT8UO0xbMd4MX5URU+l33+vEILLkpsRkxPMYVfB+yP5gqHGuNWOOGgUOE0gH2g4j+1Mjo9AFnQDC35tng==","packages":{"x64":{"size":112473965,"sha512":"f2R8yaxYfUc7t48Bk04LzCImKB27jTxQcAe6RAFE/2lMaHmhsNJCJ47S0XSDCCvUNJp5imIeKLPifHT4z+jt5g==","blockMapSize":116960,"path":"lunarclient-3.7.16-ow-x64.nsis.7z","file":"lunarclient-3.7.16-ow-x64.nsis.7z"}},"releaseDate":"2026-08-24T23:38:30.176Z"},"updateInfo":{"version":"3.7.16-ow","files":[{"url":"Lunar Client v3.7.16-ow.exe","sha512":"K25vDcT8UO0xbMd4MX5URU+l33+vEILLkpsRkxPMYVfB+yP5gqHGuNWOOGgUOE0gH2g4j+1Mjo9AFnQDC35tng=="}],"path":"Lunar Client v3.7.16-ow.exe","sha512":"K25vDcT8UO0xbMd4MX5URU+l33+vEILLkpsRkxPMYVfB+yP5gqHGuNWOOGgUOE0gH2g4j+1Mjo9AFnQDC35tng==","packages":{"x64":{"size":112473965,"sha512":"f2R8yaxYfUc7t48Bk04LzCImKB27jTxQcAe6RAFE/2lMaHmhsNJCJ47S0XSDCCvUNJp5imIeKLPifHT4z+jt5g==","blockMapSize":116960,"path":"lunarclient-3.7.16-ow-x64.nsis.7z","file":"lunarclient-3.7.16-ow-x64.nsis.7z"}},"releaseDate":"2026-08-24T23:38:30.176Z"}}
[2026-08-27 20:51:08.375] [warn]  [Permissions] Denied 'background-sync' requested by: https://htlb.casalemedia.com/
[2026-08-27 20:51:08.376] [warn]  [Permissions] Denied 'background-sync' requested by: https://ssum-sec.casalemedia.com/
[2026-08-27 20:52:08.377] [warn]  [Permissions] Denied 'background-sync' requested by: https://htlb.casalemedia.com/
[2026-08-27 20:52:08.378] [warn]  [Permissions] Denied 'background-sync' requested by: https://ssum-sec.casalemedia.com/
[2026-08-27 20:53:08.377] [warn]  [Permissions] Denied 'background-sync' requested by: https://htlb.casalemedia.com/
[2026-08-27 20:53:08.378] [warn]  [Permissions] Denied 'background-sync' requested by: https://ssum-sec.casalemedia.com/
[2026-08-27 20:54:08.382] [warn]  [Permissions] Denied 'background-sync' requested by: https://htlb.casalemedia.com/
[2026-08-27 20:54:08.383] [warn]  [Permissions] Denied 'background-sync' requested by: https://ssum-sec.casalemedia.com/
[2026-08-27 20:55:08.392] [warn]  [Permissions] Denied 'background-sync' requested by: https://htlb.casalemedia.com/
[2026-08-27 20:55:08.393] [warn]  [Permissions] Denied 'background-sync' requested by: https://ssum-sec.casalemedia.com/
[2026-08-27 20:55:26.619] [error] [Electron] Child process has been killed or crashed...
[2026-08-27 20:55:26.623] [error]          * Type: Utility
[2026-08-27 20:55:26.624] [error]          * Name: Audio Service
[2026-08-27 20:55:26.625] [error]          * Reason: killed
[2026-08-27 20:55:26.627] [error]          * Exit Code: 1073807364
[2026-08-27 20:55:26.629] [error]          * Service Name: audio.mojom.AudioService
[2026-08-27 21:13:49.370] [info]  [Electron] Starting application...
[2026-08-27 21:13:49.372] [info]  [Electron] Lunar Client directory permissions: 666
[2026-08-27 21:13:49.373] [info]  [Electron] Resources path: C:\Users\CARLOS_JR\AppData\Local\Programs\Lunar Client\resources
[2026-08-27 21:13:49.374] [info]  [Electron] Crashdumps path: C:\Users\CARLOS_JR\AppData\Roaming\lunarclient\Crashpad
[2026-08-27 21:13:49.424] [info]  [Electron] Launcher is running with standard permissions.
[2026-08-27 21:13:49.435] [info]  [Identifiers] Installation ID found, ID: bc6a3018-85a4-47b1-9ac9-b04a5a4cf48e
[2026-08-27 21:13:49.438] [info]  [Identifiers] Installation ID first seen at: 2026-07-31T15:25:34.410Z
[2026-08-27 21:13:49.440] [info]  [Electron] Overwolf MUID: 45bcb4ce-2aed-422f-843e-955bc85343b3
[2026-08-27 21:13:49.441] [info]  [Electron] Starting Lunar Client Launcher...
[2026-08-27 21:13:49.442] [info]           * Session ID: 07c882ba-275c-481d-98a0-1bc0ff913974
[2026-08-27 21:13:49.442] [info]           * Operating System: win32 x64 10.0.26200
[2026-08-27 21:13:49.443] [info]           * Electron Version: 39.8.12 (Chrome v142.0.7444.265, Node v22.22.1)
[2026-08-27 21:13:49.443] [info]           * Binaries Type: @overwolf/ow-electron
[2026-08-27 21:13:49.443] [info]           * Version: 3.7.16
[2026-08-27 21:13:49.444] [info]           * Stream: latest-ow
[2026-08-27 21:13:49.444] [info]           * Branch: master
[2026-08-27 21:13:49.445] [info]           * Build Number: 12965
[2026-08-27 21:13:49.445] [info]           * Commit Hash: 218f614c33c57017dab2b661a5c3f019ed489648
[2026-08-27 21:13:49.446] [info]           * Short Commit Hash: 218f614
[2026-08-27 21:13:49.446] [info]           * Overwolf App UID: N/A
[2026-08-27 21:13:49.449] [info]  [Sentry] Initializing Sentry in main process...
[2026-08-27 21:13:49.449] [info]           * DSN: https://2b19802000444b71b53899a26418c0ef@o923049.ingest.sentry.io/6029601
[2026-08-27 21:13:49.450] [info]           * Sample Rate: 0.05
[2026-08-27 21:13:49.450] [info]           * Traces Sample rate: 0.01
[2026-08-27 21:13:49.451] [info]           * Debug: disabled
[2026-08-27 21:13:49.451] [info]           * Trace ID: 32f57d125f35de65cb691a5bc17ce0d7
[2026-08-27 21:13:49.452] [info]           * Environment: production
[2026-08-27 21:13:49.452] [info]           * Spotlight: disabled
[2026-08-27 21:13:49.544] [info]  [Store] Initializing redux store (dev tools: disabled)...
[2026-08-27 21:13:49.547] [info]  [Store] Initialized redux store (auth,badges,cosmetics,deviceCodeAuth,embeddedBrowser,emotes,metadata,friends,installQueue,launch,logUpload,notifications,profiles,servers,settings,socials,updater,styngr,misc,conversations)
[2026-08-27 21:13:49.640] [info]  [DB] Schema up to date (2 migration(s))
[2026-08-27 21:13:49.641] [info]  [DB] Initialized at C:\Users\CARLOS_JR\.lunarclient\db\profiles.db
[2026-08-27 21:13:49.642] [info]  [Settings] Initialising store on path: C:\Users\CARLOS_JR\.lunarclient\settings
[2026-08-27 21:13:49.675] [info]  [Settings] Sent initial settings payload to redux
[2026-08-27 21:13:49.749] [info]  [Cache] Initialising store on path: C:\Users\CARLOS_JR\.lunarclient\settings
[2026-08-27 21:13:49.759] [info]  [Cache] Cache store initialised.
[2026-08-27 21:13:49.760] [info]  [Cache] Cache loaded.
[2026-08-27 21:13:49.761] [info]  [Electron] Setting up protocol (non-default app)...
[2026-08-27 21:13:49.763] [info]  [Electron] Hardware acceleration: enabled
[2026-08-27 21:13:49.770] [info]  [Electron] Disabling ads optimization...
[2026-08-27 21:13:49.771] [info]  [Electron] Attempting to run app entrypoint...
[2026-08-27 21:13:50.665] [info]  [Electron] Ready signal received.
[2026-08-27 21:13:50.672] [info]  [Electron] Production mode detected.
[2026-08-27 21:13:50.673] [info]  [Electron] Setting up login options... (with startup setting: CLOSED)
[2026-08-27 21:13:50.714] [debug] [Electron] Overwolf UTM params: {"hashParams":{},"source":"client-site","medium":"download-page","campaign":"direct","referrer":"www.lunarclient.com"}
[2026-08-27 21:13:50.773] [info]  [Window] Setting up (Silent startup: false)...
[2026-08-27 21:13:50.814] [warn]  [Permissions] Denied 'media' requested by: 
[2026-08-27 21:13:50.815] [warn]  [Permissions] Denied 'media' requested by: 
[2026-08-27 21:13:50.816] [warn]  [Permissions] Denied 'geolocation' requested by: 
[2026-08-27 21:13:50.817] [warn]  [Permissions] Denied 'window-management' requested by: 
[2026-08-27 21:13:50.835] [info]  [Window] [main] Loading file: C:\Users\CARLOS_JR\AppData\Local\Programs\Lunar Client\resources\app.asar\dist\html\main.html#/
[2026-08-27 21:13:50.868] [info]  [Window] Setup complete!
[2026-08-27 21:13:50.873] [info]  [Module] Setting up...
[2026-08-27 21:13:50.903] [info]  [Module] Starting assetserver
[2026-08-27 21:13:50.904] [info]  [Module] Started assetserver
[2026-08-27 21:13:50.906] [info]  [Module] Starting auth
[2026-08-27 21:13:50.909] [info]  [Auth] Initializing authentication...
[2026-08-27 21:13:50.914] [info]  [Module] Started auth
[2026-08-27 21:13:50.915] [info]  [Module] Starting badlion
[2026-08-27 21:13:50.917] [info]  [Badlion] Starting Badlion initialization
[2026-08-27 21:13:50.918] [info]  [Badlion] Badlion appdata exists: false, Downloaded from Badlion: false
[2026-08-27 21:13:50.919] [info]  [Badlion] Should opt in to Badlion services: false
[2026-08-27 21:13:50.920] [info]  [Module] Started badlion
[2026-08-27 21:13:50.921] [info]  [Module] Starting metadata
[2026-08-27 21:13:50.924] [info]  [Metadata] Loading game profile: ca09900b-3645-4e81-8129-aa5e00073a6a
[2026-08-27 21:13:50.928] [info]  [Module] Started metadata
[2026-08-27 21:13:50.929] [info]  [Module] Starting satellite
[2026-08-27 21:13:50.931] [info]  [Module] Started satellite
[2026-08-27 21:13:50.933] [info]  [Module] Starting profiles
[2026-08-27 21:13:50.936] [info]  [Profiles] Loading profiles...
[2026-08-27 21:13:50.938] [info]  [Module] Started profiles
[2026-08-27 21:13:50.940] [info]  [Module] Starting modrinth
[2026-08-27 21:13:50.942] [info]  [Module] Started modrinth
[2026-08-27 21:13:50.943] [info]  [Module] Starting curseforge
[2026-08-27 21:13:50.945] [info]  [Module] Started curseforge
[2026-08-27 21:13:50.946] [info]  [Module] Starting external-import
[2026-08-27 21:13:50.948] [info]  [Module] Started external-import
[2026-08-27 21:13:50.950] [info]  [Module] Starting installs
[2026-08-27 21:13:50.951] [info]  [Module] Started installs
[2026-08-27 21:13:50.952] [info]  [Module] Starting launch
[2026-08-27 21:13:50.953] [info]  [Module] Started launch
[2026-08-27 21:13:50.954] [info]  [Module] Starting gameipc
[2026-08-27 21:13:50.956] [info]  [GameIPC] Using WebSocketServer directly
[2026-08-27 21:13:50.959] [info]  [Module] Started gameipc
[2026-08-27 21:13:50.961] [info]  [Module] Starting connection
[2026-08-27 21:13:50.962] [info]  [Module] Started connection
[2026-08-27 21:13:50.963] [info]  [Module] Starting hosts-check
[2026-08-27 21:13:50.965] [info]  [Module] Started hosts-check
[2026-08-27 21:13:50.966] [info]  [Module] Starting deeplink
[2026-08-27 21:13:50.967] [info]  [Module] Started deeplink
[2026-08-27 21:13:50.968] [info]  [Module] Starting discord
[2026-08-27 21:13:50.972] [info]  [Module] Started discord
[2026-08-27 21:13:50.973] [info]  [Module] Starting socials
[2026-08-27 21:13:50.974] [info]  [Module] Started socials
[2026-08-27 21:13:50.975] [info]  [Module] Starting styngr
[2026-08-27 21:13:50.975] [info]  [Module] Started styngr
[2026-08-27 21:13:50.976] [info]  [Module] Starting notifications
[2026-08-27 21:13:50.977] [info]  [Module] Started notifications
[2026-08-27 21:13:50.978] [info]  [Module] Starting cosmetics
[2026-08-27 21:13:50.983] [info]  [Module] Started cosmetics
[2026-08-27 21:13:50.984] [info]  [Module] Starting promotions
[2026-08-27 21:13:50.985] [info]  [Module] Started promotions
[2026-08-27 21:13:50.987] [info]  [Module] Starting logs
[2026-08-27 21:13:50.988] [info]  [Module] Started logs
[2026-08-27 21:13:50.989] [info]  [Module] Starting logupload
[2026-08-27 21:13:50.990] [info]  [Module] Started logupload
[2026-08-27 21:13:50.990] [info]  [Module] Starting checkout
[2026-08-27 21:13:50.991] [info]  [Module] Started checkout
[2026-08-27 21:13:50.992] [info]  [Module] Starting overwolf
[2026-08-27 21:13:50.993] [info]  [Module] Started overwolf
[2026-08-27 21:13:50.994] [info]  [Module] Starting servers
[2026-08-27 21:13:50.995] [info]  [Module] Started servers
[2026-08-27 21:13:50.996] [info]  [Module] Starting worlds
[2026-08-27 21:13:50.998] [info]  [Module] Started worlds
[2026-08-27 21:13:50.999] [info]  [Module] Starting screenshots
[2026-08-27 21:13:51.000] [info]  [Module] Started screenshots
[2026-08-27 21:13:51.001] [info]  [Module] Successfully setup 28 modules!
[2026-08-27 21:13:51.003] [info]  [Log Retention] Applying log retention policy: ONE_WEEK. Deleting logs older than 7 days.
[2026-08-27 21:13:51.004] [error] [Log Retention] No profile found, skipping cleanup.
[2026-08-27 21:13:51.007] [info]  [Profiles] Registering directory watcher at C:\Users\CARLOS_JR\.lunarclient\profiles...
[2026-08-27 21:13:51.013] [info]  [Updater] Checking for updates...
[2026-08-27 21:13:51.015] [info]           * Current Version: 3.7.16.12965
[2026-08-27 21:13:51.017] [info]           * Channel: latest-ow
[2026-08-27 21:13:51.018] [info]           * URL: https://launcherupdates.lunarclientcdn.com
[2026-08-27 21:13:51.019] [info]           * User Initiated: false
[2026-08-27 21:13:51.030] [info]  [GameIPC] Server listening on port 28190
[2026-08-27 21:13:51.041] [info]  [Profiles] Found 4 profiles in SQLite
[2026-08-27 21:13:51.046] [info]  [Profiles] Loaded profile Minecraft 26 (ID: 862e3fe1-3710-48b1-b677-390765926149)
[2026-08-27 21:13:51.058] [info]  [Electron] Auto-launch has been detected as disabled
[2026-08-27 21:13:51.075] [debug] [Window] [main] Window focused
[2026-08-27 21:13:51.096] [info]  [Profiles] Loaded profile JUNIOR_ (ID: ca09900b-3645-4e81-8129-aa5e00073a6a)
[2026-08-27 21:13:51.638] [info]  [Metadata] Badlion versions metadata fetched successfully
[2026-08-27 21:13:51.673] [info]  [Profiles] Loaded profile JUNIOR_ (ID: ca09900b-3645-4e81-8129-aa5e00073a6a)
[2026-08-27 21:13:51.686] [info]  [Auth] Account Junior_00 is currently active
[2026-08-27 21:13:51.763] [info]  [Auth] Validating account Junior_00 owns Minecraft...
[2026-08-27 21:13:51.856] [warn]  [Profiles] No icon file found for profile Diosesmon Oficial (ID: 66e9766e-a0c3-4951-b7e4-c8946c428ff5)
[2026-08-27 21:13:51.857] [warn]  [Profiles] No featured image file found for profile Diosesmon Oficial (ID: 66e9766e-a0c3-4951-b7e4-c8946c428ff5)
[2026-08-27 21:13:51.859] [info]  [Profiles] Loaded profile Diosesmon Oficial (ID: 66e9766e-a0c3-4951-b7e4-c8946c428ff5)
[2026-08-27 21:13:51.912] [info]  [Updater] No updates available.
[2026-08-27 21:13:51.914] [info]  [Updater] Update check returned a result... skipping: {"isUpdateAvailable":false,"versionInfo":{"version":"3.7.16-ow","files":[{"url":"Lunar Client v3.7.16-ow.exe","sha512":"K25vDcT8UO0xbMd4MX5URU+l33+vEILLkpsRkxPMYVfB+yP5gqHGuNWOOGgUOE0gH2g4j+1Mjo9AFnQDC35tng=="}],"path":"Lunar Client v3.7.16-ow.exe","sha512":"K25vDcT8UO0xbMd4MX5URU+l33+vEILLkpsRkxPMYVfB+yP5gqHGuNWOOGgUOE0gH2g4j+1Mjo9AFnQDC35tng==","packages":{"x64":{"size":112473965,"sha512":"f2R8yaxYfUc7t48Bk04LzCImKB27jTxQcAe6RAFE/2lMaHmhsNJCJ47S0XSDCCvUNJp5imIeKLPifHT4z+jt5g==","blockMapSize":116960,"path":"lunarclient-3.7.16-ow-x64.nsis.7z","file":"lunarclient-3.7.16-ow-x64.nsis.7z"}},"releaseDate":"2026-08-24T23:38:30.176Z"},"updateInfo":{"version":"3.7.16-ow","files":[{"url":"Lunar Client v3.7.16-ow.exe","sha512":"K25vDcT8UO0xbMd4MX5URU+l33+vEILLkpsRkxPMYVfB+yP5gqHGuNWOOGgUOE0gH2g4j+1Mjo9AFnQDC35tng=="}],"path":"Lunar Client v3.7.16-ow.exe","sha512":"K25vDcT8UO0xbMd4MX5URU+l33+vEILLkpsRkxPMYVfB+yP5gqHGuNWOOGgUOE0gH2g4j+1Mjo9AFnQDC35tng==","packages":{"x64":{"size":112473965,"sha512":"f2R8yaxYfUc7t48Bk04LzCImKB27jTxQcAe6RAFE/2lMaHmhsNJCJ47S0XSDCCvUNJp5imIeKLPifHT4z+jt5g==","blockMapSize":116960,"path":"lunarclient-3.7.16-ow-x64.nsis.7z","file":"lunarclient-3.7.16-ow-x64.nsis.7z"}},"releaseDate":"2026-08-24T23:38:30.176Z"}}
[2026-08-27 21:13:51.948] [info]  [Metadata] Terms 'privacy' is up to date!
[2026-08-27 21:13:51.949] [info]  [Metadata] Terms 'terms' is up to date!
[2026-08-27 21:13:51.949] [info]  [Metadata] Misc metadata fetched successfully
[2026-08-27 21:13:51.951] [info]  [Metadata] Feature Flags enabled: ServersCTA, SocialMessaging, LunarOAuthApp, SelectModpack, EmbeddedBrowserOpens, ExternalLinkSSO, HomeAdOverwolf, MissionControlAdOverwolf, AMDDriverFix, ExploreModsAdOverwolf, MissionControlTopAdOverwolf, OverwolfCRN, HomeTopAdOverwolf, VersionsCreateProfile
[2026-08-27 21:13:51.952] [info]  [Metadata] Feature Flags disabled: ProfileModsExploreCTA, LoaderVersionSetting, InstallVCRedistributable, OverwolfOverlay, TopbarOutplayedPromotion
[2026-08-27 21:13:51.952] [info]  [Metadata] Updater stream channel and URL are the same as before, skipping...
[2026-08-27 21:13:51.953] [info]  [Metadata] Checking cache for language es_ES with remote hash 8f46e49889e93b6bf3f73b7fe8dcafd6bb24f562
[2026-08-27 21:13:51.969] [info]  [Metadata] Language es_ES is already cached, skipping...
[2026-08-27 21:13:51.970] [info]  [Metadata] Languages successfully processed, sending updates...
[2026-08-27 21:13:51.972] [info]  [DiscordRP] Updating activity status...
[2026-08-27 21:13:52.016] [info]  [Metadata] Layout metadata fetched successfully
[2026-08-27 21:13:52.025] [info]  [Profiles] Loaded profile MCC Island for Lunar Client (ID: 67380c89-129f-43ea-96eb-7cd979e24a9a)
[2026-08-27 21:13:52.025] [info]  [Profiles] Loaded 4 profiles (0 virtual, 4 saved)
[2026-08-27 21:13:52.027] [info]  [Metadata] Setting up virtual profiles
[2026-08-27 21:13:52.029] [info]  [Metadata] Profile selected, using JUNIOR_ (ID: ca09900b-3645-4e81-8129-aa5e00073a6a, type: user-modpack, version: 1.21.8)...
[2026-08-27 21:13:52.030] [info]  [Metadata] Cleaning up profile modules...
[2026-08-27 21:13:52.031] [info]  [Metadata] No profiles were found to have bad modules!
[2026-08-27 21:13:52.086] [info]  [Metadata] Lunar versions metadata fetched successfully
[2026-08-27 21:13:52.204] [warn]  [Permissions] Denied 'media' requested by: 
[2026-08-27 21:13:52.205] [warn]  [Permissions] Denied 'media' requested by: 
[2026-08-27 21:13:52.206] [warn]  [Permissions] Denied 'geolocation' requested by: 
[2026-08-27 21:13:52.207] [warn]  [Permissions] Denied 'window-management' requested by: 
[2026-08-27 21:13:52.261] [info]  [Metadata] Vanilla versions metadata fetched successfully
[2026-08-27 21:13:52.268] [info]  [Metadata] Setting up virtual profiles
[2026-08-27 21:13:52.306] [info]  [Metadata] Profile selected, using JUNIOR_ (ID: ca09900b-3645-4e81-8129-aa5e00073a6a, type: user-modpack, version: 1.21.8)...
[2026-08-27 21:13:52.307] [info]  [Metadata] Cleaning up profile modules...
[2026-08-27 21:13:52.308] [info]  [Metadata] No profiles were found to have bad modules!
[2026-08-27 21:13:52.364] [info]  [Sentry] Initializing Sentry in app renderer...
[2026-08-27 21:13:52.365] [info]           * DSN: https://2b19802000444b71b53899a26418c0ef@o923049.ingest.sentry.io/6029601
[2026-08-27 21:13:52.365] [info]           * Sample rate: 0.05
[2026-08-27 21:13:52.365] [info]           * Traces Sample rate: 0.01
[2026-08-27 21:13:52.365] [info]           * Debug: disabled
[2026-08-27 21:13:52.365] [info]           * ANR: disabled
[2026-08-27 21:13:52.365] [info]           * Environment: production
[2026-08-27 21:13:52.405] [warn]  [Permissions] Denied 'media' requested by: file:///
[2026-08-27 21:13:52.406] [warn]  [Permissions] Denied 'media' requested by: file:///
[2026-08-27 21:13:52.407] [warn]  [Permissions] Denied 'geolocation' requested by: file:///
[2026-08-27 21:13:52.408] [warn]  [Permissions] Denied 'window-management' requested by: file:///
[2026-08-27 21:13:52.660] [info]  [Auth] Account Junior_00 successfully validated to own Minecraft, proceeding with profile retrieval...
[2026-08-27 21:13:52.794] [info]  [Styngr] [Player] Binding event listeners to audio element...
[2026-08-27 21:13:52.808] [info]  [Window] Renderer ready for window 'main'
[2026-08-27 21:13:53.194] [info]  [Auth] Successfully retrieved Minecraft profile for account Junior_00, checking multiplayer privileges...
[2026-08-27 21:13:53.196] [info]  [Auth] Successfully validated account Junior_00 owns Minecraft, checking banned status...
[2026-08-27 21:13:53.198] [info]  [Auth] Account Junior_00 has multiplayer access and is not banned, proceeding with login...
[2026-08-27 21:13:53.203] [info]  [AssetServer] No reconnect JWT available, going to Authenticator...
[2026-08-27 21:13:53.209] [info]  [AssetServer] Registered 42 push handlers
[2026-08-27 21:13:53.214] [info]  [Overwolf] Set cached OWAEH in Overwolf registry for aa35297e424044cb8b676659959d35eb
[2026-08-27 21:13:53.223] [info]  [Auth] [Authenticator] Getting Lunar Client Token for Junior_00 (aa35297e424044cb8b676659959d35eb). Initiator is LAUNCHER_WEBSOCKET
[2026-08-27 21:13:53.225] [info]  [Auth] [Authenticator] No cached token found for Junior_00 (aa35297e424044cb8b676659959d35eb), requesting new token...
[2026-08-27 21:13:53.337] [info]  [Auth] [Authenticator] Connection opened for Junior_00 (aa35297e424044cb8b676659959d35eb)
[2026-08-27 21:13:53.366] [info]  [Auth] [Authenticator] Creating Minecraft session for Junior_00 (aa35297e424044cb8b676659959d35eb)...
[2026-08-27 21:13:53.711] [info]  [Auth] [Authenticator] Created Minecraft session for Junior_00 (aa35297e424044cb8b676659959d35eb)
[2026-08-27 21:13:53.941] [info]  [Auth] [Authenticator] Got Lunar Client Token for Junior_00 (aa35297e424044cb8b676659959d35eb)
[2026-08-27 21:13:54.097] [info]  [Auth] [Authenticator] Connection disconnected for Junior_00 (aa35297e424044cb8b676659959d35eb)
[2026-08-27 21:13:54.099] [info]  [Auth] [Authenticator] Code: 1000 - Reason: Issued.
[2026-08-27 21:13:54.309] [info]  [AssetServer] Connection opened!
[2026-08-27 21:13:54.312] [info]  [AssetServer] Sending initial connection handshake
[2026-08-27 21:13:54.315] [info]  [AssetServer] Starting service logins in parallel...
[2026-08-27 21:13:54.815] [info]  [Overwolf] Received ready signal for overlay v2.0.10
[2026-08-27 21:13:55.054] [info]  [Overwolf] Received ready signal for crn v279.0.3
[2026-08-27 21:13:55.228] [info]  [AssetServer] Received session ID: b56587cb-eb0c-41e5-bbdd-1c52fa9f3bd1
[2026-08-27 21:13:55.275] [info]  [Settings] Setting socials-visibility to 1...
[2026-08-27 21:13:55.289] [info]  [Settings] Setting default-screenshot-upload-privacy to 2...
[2026-08-27 21:13:55.301] [info]  [Settings] Setting incoming-gift-privacy to 1...
[2026-08-27 21:13:55.328] [info]  [Settings] Setting wrapped-leaderboard-visibility to 1...
[2026-08-27 21:13:55.349] [info]  [Promotions] Corner promotion exempt? false
[2026-08-27 21:13:55.350] [info]  [Settings] Setting allow-friend-requests to true...
[2026-08-27 21:13:55.363] [info]  [Settings] Setting last-seen-visibility to 1...
[2026-08-27 21:13:55.374] [info]  [Settings] Setting radio-playing-visibility to 1...
[2026-08-27 21:13:56.130] [warn]  [Permissions] Denied 'media' requested by: file:///
[2026-08-27 21:13:56.131] [warn]  [Permissions] Denied 'media' requested by: file:///
[2026-08-27 21:13:56.132] [warn]  [Permissions] Denied 'geolocation' requested by: file:///
[2026-08-27 21:13:56.133] [warn]  [Permissions] Denied 'window-management' requested by: file:///
[2026-08-27 21:13:56.141] [warn]  [Permissions] Denied 'media' requested by: 
[2026-08-27 21:13:56.142] [warn]  [Permissions] Denied 'media' requested by: 
[2026-08-27 21:13:56.143] [warn]  [Permissions] Denied 'geolocation' requested by: 
[2026-08-27 21:13:56.145] [warn]  [Permissions] Denied 'window-management' requested by: 
[2026-08-27 21:13:56.299] [info]  [Settings] Setting cosmetic-ownership-visibility to 1...
[2026-08-27 21:13:56.308] [info]  [AssetServer] Completed service logins!
[2026-08-27 21:13:57.440] [info]  [Profiles] Setting up logs configuration for JUNIOR_ at C:\Users\CARLOS_JR\.lunarclient\profiles\junior\logs\config.xml...
[2026-08-27 21:13:57.443] [info]  [Launch] Starting new session (ID: a5eef750-1916-4ea6-9485-05e1626e4cb1)
[2026-08-27 21:13:57.448] [info]  [Launch] [Request] Starting check...
[2026-08-27 21:13:57.466] [warn]  [Permissions] Denied 'media' requested by: 
[2026-08-27 21:13:57.467] [warn]  [Permissions] Denied 'media' requested by: 
[2026-08-27 21:13:57.468] [warn]  [Permissions] Denied 'geolocation' requested by: 
[2026-08-27 21:13:57.469] [warn]  [Permissions] Denied 'window-management' requested by: 
[2026-08-27 21:13:57.481] [info]  [Window] [mission-control] Loading file: C:\Users\CARLOS_JR\AppData\Local\Programs\Lunar Client\resources\app.asar\dist\html\mission-control.html#undefined
[2026-08-27 21:13:57.487] [info]  [Window] Opening Mission Control on primary display (Display ID: 2325930830)...
[2026-08-27 21:13:57.648] [info]  [Launch] [Request] Finished check (200ms)
[2026-08-27 21:13:57.652] [info]  [Launch] [Parallel-stages] Starting check...
[2026-08-27 21:13:57.653] [info]  [Launch]   [Licenses] Starting check...
[2026-08-27 21:13:57.654] [info]  [Launch]   [Textures] Starting check...
[2026-08-27 21:13:57.655] [info]  [Launch]   [Assets] Starting check...
[2026-08-27 21:13:57.656] [info]  [Launch]   [Artifacts-and-natives] Starting check...
[2026-08-27 21:13:57.657] [info]  [Launch]   [Jre] Starting check...
[2026-08-27 21:13:57.658] [info]  [Launch]   [Ui] Starting check...
[2026-08-27 21:13:57.662] [info]  [Launch]     [Artifacts] Starting check...
[2026-08-27 21:13:57.664] [info]  [Launch]   [Jre] JRE folder permissions: 666
[2026-08-27 21:13:58.031] [info]  [Launch]   [Ui] Checking HKLM for VC++ Redistributable...
[2026-08-27 21:13:58.280] [info]  [Sentry] Initializing Sentry in mission-control renderer...
[2026-08-27 21:13:58.287] [info]           * DSN: https://2b19802000444b71b53899a26418c0ef@o923049.ingest.sentry.io/6029601
[2026-08-27 21:13:58.298] [info]           * Sample rate: 0.05
[2026-08-27 21:13:58.308] [info]           * Traces Sample rate: 0.01
[2026-08-27 21:13:58.308] [info]           * Debug: disabled
[2026-08-27 21:13:58.309] [info]           * ANR: disabled
[2026-08-27 21:13:58.310] [info]           * Environment: production
[2026-08-27 21:13:58.374] [warn]  [Permissions] Denied 'media' requested by: file:///
[2026-08-27 21:13:58.375] [warn]  [Permissions] Denied 'media' requested by: file:///
[2026-08-27 21:13:58.376] [warn]  [Permissions] Denied 'geolocation' requested by: file:///
[2026-08-27 21:13:58.377] [warn]  [Permissions] Denied 'window-management' requested by: file:///
[2026-08-27 21:13:58.510] [info]  [Launch]   [Ui] Found VC++ Redistributable version v14.50.35719.00
[2026-08-27 21:13:58.570] [info]  [Launch]   [Textures] Index is invalid (71a3716c414b86cd2b5addf715b219ecdc2a5439 vs b23748fb85ccbaa0eeb5829e06fc8c567af6c99a) - making index request...
[2026-08-27 21:13:58.589] [info]  [Launch] [Licenses] No new files needed, skipping download phase...
[2026-08-27 21:13:58.590] [info]  [Launch]   [Licenses] Finished check (937ms)
[2026-08-27 21:13:58.640] [info]  [Launch]   [Assets] Index is valid, using it...
[2026-08-27 21:13:59.016] [info]  [Window] Renderer ready for window 'mission-control'
[2026-08-27 21:13:59.056] [debug] [Window] [mission-control] Window focused
[2026-08-27 21:13:59.201] [info]  [Launch]   [Textures] Received index response, status is 200
[2026-08-27 21:13:59.608] [warn]  [Permissions] Denied 'media' requested by: file:///
[2026-08-27 21:13:59.609] [warn]  [Permissions] Denied 'media' requested by: file:///
[2026-08-27 21:13:59.610] [warn]  [Permissions] Denied 'geolocation' requested by: file:///
[2026-08-27 21:13:59.611] [warn]  [Permissions] Denied 'window-management' requested by: file:///
[2026-08-27 21:13:59.626] [warn]  [Permissions] Denied 'media' requested by: 
[2026-08-27 21:13:59.627] [warn]  [Permissions] Denied 'media' requested by: 
[2026-08-27 21:13:59.628] [warn]  [Permissions] Denied 'geolocation' requested by: 
[2026-08-27 21:13:59.630] [warn]  [Permissions] Denied 'window-management' requested by: 
[2026-08-27 21:13:59.640] [warn]  [Permissions] Denied 'media' requested by: file:///
[2026-08-27 21:13:59.641] [warn]  [Permissions] Denied 'media' requested by: file:///
[2026-08-27 21:13:59.642] [warn]  [Permissions] Denied 'geolocation' requested by: file:///
[2026-08-27 21:13:59.643] [warn]  [Permissions] Denied 'window-management' requested by: file:///
[2026-08-27 21:13:59.656] [warn]  [Permissions] Denied 'media' requested by: 
[2026-08-27 21:13:59.658] [warn]  [Permissions] Denied 'media' requested by: 
[2026-08-27 21:13:59.660] [warn]  [Permissions] Denied 'geolocation' requested by: 
[2026-08-27 21:13:59.662] [warn]  [Permissions] Denied 'window-management' requested by: 
[2026-08-27 21:13:59.744] [warn]  [Permissions] Denied 'media' requested by: file:///
[2026-08-27 21:13:59.745] [warn]  [Permissions] Denied 'media' requested by: file:///
[2026-08-27 21:13:59.747] [warn]  [Permissions] Denied 'geolocation' requested by: file:///
[2026-08-27 21:13:59.748] [warn]  [Permissions] Denied 'window-management' requested by: file:///
[2026-08-27 21:14:00.090] [info]  [Launch]   [Ui] UI zip already downloaded and verified.
[2026-08-27 21:14:01.220] [info]  [Launch] Cancelling launch (ID: a5eef750-1916-4ea6-9485-05e1626e4cb1, Status: cancelling)...
[2026-08-27 21:14:01.381] [error] [Launch] Uncaught LauncherError during launch process: Error: ABORTED
    at C:\Users\CARLOS_JR\AppData\Local\Programs\Lunar Client\resources\app.asar\dist-electron\electron\main.js:210:28396
    at new Promise (<anonymous>)
    at C:\Users\CARLOS_JR\AppData\Local\Programs\Lunar Client\resources\app.asar\dist-electron\electron\main.js:210:28341
    at C:\Users\CARLOS_JR\AppData\Local\Programs\Lunar Client\resources\app.asar\dist-electron\electron\main.js:24:87561
    at qi (C:\Users\CARLOS_JR\AppData\Local\Programs\Lunar Client\resources\app.asar\dist-electron\electron\main.js:9:4730)
    at C:\Users\CARLOS_JR\AppData\Local\Programs\Lunar Client\resources\app.asar\dist-electron\electron\main.js:24:87554
    at AsyncLocalStorage.run (node:internal/async_local_storage/async_hooks:91:14)
    at tie.with (C:\Users\CARLOS_JR\AppData\Local\Programs\Lunar Client\resources\app.asar\dist-electron\electron\main.js:24:102381)
    at e.with (C:\Users\CARLOS_JR\AppData\Local\Programs\Lunar Client\resources\app.asar\dist-electron\electron\main.js:17:19638)
    at Ru.startActiveSpan (C:\Users\CARLOS_JR\AppData\Local\Programs\Lunar Client\resources\app.asar\dist-electron\electron\main.js:24:77933)
    at C:\Users\CARLOS_JR\AppData\Local\Programs\Lunar Client\resources\app.asar\dist-electron\electron\main.js:24:87522
    at C:\Users\CARLOS_JR\AppData\Local\Programs\Lunar Client\resources\app.asar\dist-electron\electron\main.js:24:89351
    at Rd (C:\Users\CARLOS_JR\AppData\Local\Programs\Lunar Client\resources\app.asar\dist-electron\electron\main.js:24:87132)
    at Object.zd [as startSpan] (C:\Users\CARLOS_JR\AppData\Local\Programs\Lunar Client\resources\app.asar\dist-electron\electron\main.js:24:87688)
    at Zi (C:\Users\CARLOS_JR\AppData\Local\Programs\Lunar Client\resources\app.asar\dist-electron\electron\main.js:9:5918)
    at oH (C:\Users\CARLOS_JR\AppData\Local\Programs\Lunar Client\resources\app.asar\dist-electron\electron\main.js:210:27926)
[2026-08-27 21:14:01.393] [info]  [DiscordRP] Updating activity status...
[2026-08-27 21:14:01.396] [info]  [Launch] Aborting the launch as per user request, resetting...
[2026-08-27 21:14:01.413] [debug] [Window] [main] Window focused
[2026-08-27 21:14:01.761] [info]  [Launch]   [Textures] Finished check (4107ms)
[2026-08-27 21:14:01.981] [info]  [Launch]   [Ui] Zip contains 2 file entries.
[2026-08-27 21:14:01.986] [info]  [Launch]   [Ui] All 2 expected files are present.
[2026-08-27 21:14:01.987] [info]  [Launch]   [Ui] UI 7c408ec0c875ded4aaa94f426f3b31dcec957c5f already extracted, reusing.
[2026-08-27 21:14:02.017] [info]  [Launch]   [Ui] Index is valid, using it...
[2026-08-27 21:14:02.563] [info]  [Launch]   [Jre] No new files needed, skipping download phase...
[2026-08-27 21:14:02.564] [info]  [Launch]   [Jre] Unable to perform Windows JavaW fix (missing data), skipping...
[2026-08-27 21:14:02.565] [info]  [Launch]   [Jre] Performing JavaW integrity check...
[2026-08-27 21:14:02.567] [info]  [Launch]   [Jre] Current JavaW file permissions: 666
[2026-08-27 21:14:02.568] [info]  [Launch]   [Jre] Finished check (4911ms)
[2026-08-27 21:14:02.982] [info]  [Window] Rewriting /versions to /versions/modpacks...
[2026-08-27 21:14:02.994] [warn]  [Permissions] Denied 'media' requested by: file:///
[2026-08-27 21:14:02.995] [warn]  [Permissions] Denied 'media' requested by: file:///
[2026-08-27 21:14:02.996] [warn]  [Permissions] Denied 'geolocation' requested by: file:///
[2026-08-27 21:14:02.998] [warn]  [Permissions] Denied 'window-management' requested by: file:///
[2026-08-27 21:14:03.440] [error] [Window] [main] [Console] Access to image at 'lc-asset://profile/ca09900b-3645-4e81-8129-aa5e00073a6a/icon?v=1778521797761.5867' from origin 'file://' has been blocked by CORS policy: Cross origin requests are only supported for protocol schemes: chrome, chrome-extension, chrome-untrusted, data, http, https, sentry-ipc.
[2026-08-27 21:14:03.456] [error] [Window] [main] [Console] Access to image at 'lc-asset://profile/67380c89-129f-43ea-96eb-7cd979e24a9a/icon?v=1779236756725.953' from origin 'file://' has been blocked by CORS policy: Cross origin requests are only supported for protocol schemes: chrome, chrome-extension, chrome-untrusted, data, http, https, sentry-ipc.
[2026-08-27 21:14:04.951] [info]  [Settings] Setting game-profile to "66e9766e-a0c3-4951-b7e4-c8946c428ff5"...
[2026-08-27 21:14:05.540] [info]  [Profiles] Read 37 jars for profile JUNIOR_ (ID: ca09900b-3645-4e81-8129-aa5e00073a6a, Type: user-modpack, Game Version: 1.21.8):
[2026-08-27 21:14:05.541] [info]           * BadOptimizations v2.4.1: Enabled
[2026-08-27 21:14:05.541] [info]           * BlockEntityDistance v1.0.0: Enabled
[2026-08-27 21:14:05.548] [info]           * Durability Notifier v2.5.0: Enabled
[2026-08-27 21:14:05.549] [info]           * Forge Config API Port v21.8.2: Enabled
[2026-08-27 21:14:05.550] [info]           * Health Indicators v21.6.0: Enabled
[2026-08-27 21:14:05.551] [info]           * InventoryBinds v3.0.1+1.21.8: Enabled
[2026-08-27 21:14:05.552] [info]           * Jade v19.3.2+fabric: Enabled
[2026-08-27 21:14:05.553] [info]           * My Totem Doll v2.3.3+1.21.8: Enabled
[2026-08-27 21:14:05.554] [info]           * Player Animation Library v1.1.2+mc.1.21.8: Enabled
[2026-08-27 21:14:05.555] [info]           * Architectury v17.0.8: Enabled
[2026-08-27 21:14:05.556] [info]           * Chat Heads v0.15.0: Enabled
[2026-08-27 21:14:05.557] [info]           * Chat Signing Hider v1.21.8-1.0.5: Enabled
[2026-08-27 21:14:05.558] [info]           * Cloth Config v19 v19.0.147: Enabled
[2026-08-27 21:14:05.559] [info]           * Continuity v3.0.1-beta.1+1.21.6: Enabled
[2026-08-27 21:14:05.560] [info]           * Emotecraft v3.0.0-b.build.139: Enabled
[2026-08-27 21:14:05.561] [info]           * Entity View Distance v1.5.0+1.21.6: Enabled
[2026-08-27 21:14:05.561] [info]           * Fabric API v0.136.1+1.21.8: Enabled
[2026-08-27 21:14:05.562] [info]           * Fabric Language Kotlin v1.13.11+kotlin.2.3.21: Enabled
[2026-08-27 21:14:05.563] [info]           * FerriteCore v8.0.4: Enabled
[2026-08-27 21:14:05.564] [info]           * FirItemZoom v1.0-1.21.8: Enabled
[2026-08-27 21:14:05.564] [info]           * Fzzy Config v0.7.6+1.21.6: Enabled
[2026-08-27 21:14:05.565] [info]           * Konkrete v1.9.12: Enabled
[2026-08-27 21:14:05.566] [info]           * Kle's Render Layer Optimizer v1.16.2-1.21.11--0.2.1: Enabled
[2026-08-27 21:14:05.567] [info]           * Litematica v0.23.4: Enabled
[2026-08-27 21:14:05.567] [info]           * Lithium v0.18.1+mc1.21.8: Enabled
[2026-08-27 21:14:05.569] [info]           * MaLiLib v0.25.7: Enabled
[2026-08-27 21:14:05.570] [info]           * Melody v1.0.12: Enabled
[2026-08-27 21:14:05.571] [info]           * mod_v1 v1.1.0: Enabled
[2026-08-27 21:14:05.571] [info]           * Mod Menu v15.0.2: Enabled
[2026-08-27 21:14:05.572] [info]           * Noisium v2.7.0+mc1.21.6-8: Enabled
[2026-08-27 21:14:05.573] [info]           * Reese's Sodium Options v1.8.4+mc1.21.6: Enabled
[2026-08-27 21:14:05.573] [info]           * Shulker Box Tooltip v5.2.10+1.21.8: Enabled
[2026-08-27 21:14:05.574] [info]           * Skyboxify v2.8: Enabled
[2026-08-27 21:14:05.575] [info]           * Sodium Extra v0.7.0+mc1.21.8: Enabled
[2026-08-27 21:14:05.576] [info]           * Sodium v0.7.3+mc1.21.8: Enabled
[2026-08-27 21:14:05.577] [info]           * Xaero's Minimap v25.3.7: Enabled
[2026-08-27 21:14:05.577] [info]           * YetAnotherConfigLib v3.8.2+1.21.6-fabric: Enabled
[2026-08-27 21:14:06.785] [info]  [Settings] Setting game-profile to "66e9766e-a0c3-4951-b7e4-c8946c428ff5"...
[2026-08-27 21:14:06.802] [info]  [Settings] Setting game-profile to "66e9766e-a0c3-4951-b7e4-c8946c428ff5"...
[2026-08-27 21:14:06.825] [info]  [Profiles] Setting up logs configuration for Diosesmon Oficial at C:\Users\CARLOS_JR\.lunarclient\profiles\diosesmon-oficial\logs\config.xml...
[2026-08-27 21:14:06.828] [info]  [Launch] Starting new session (ID: 42b754f4-f17d-428d-a4a9-62781ba4e60a)
[2026-08-27 21:14:06.831] [info]  [Launch] [Request] Starting check...
[2026-08-27 21:14:06.833] [warn]  [Window] Window mission-control attempted to be recreated while already existing!
[2026-08-27 21:14:06.985] [info]  [Launch] [Request] Finished check (154ms)
[2026-08-27 21:14:06.989] [info]  [Launch] [Parallel-stages] Starting check...
[2026-08-27 21:14:06.990] [info]  [Launch]   [Licenses] Starting check...
[2026-08-27 21:14:06.991] [info]  [Launch]   [Textures] Starting check...
[2026-08-27 21:14:06.992] [info]  [Launch]   [Assets] Starting check...
[2026-08-27 21:14:06.993] [info]  [Launch]   [Artifacts-and-natives] Starting check...
[2026-08-27 21:14:06.994] [info]  [Launch]   [Jre] Starting check...
[2026-08-27 21:14:06.994] [info]  [Launch]   [Ui] Starting check...
[2026-08-27 21:14:06.996] [info]  [Launch]     [Artifacts] Starting check...
[2026-08-27 21:14:06.997] [info]  [Launch]   [Jre] JRE folder permissions: 666
[2026-08-27 21:14:07.046] [info]  [Launch]   [Ui] Checking HKLM for VC++ Redistributable...
[2026-08-27 21:14:07.107] [info]  [Launch]   [Textures] Index is valid, using it...
[2026-08-27 21:14:07.122] [info]  [Launch] [Licenses] No new files needed, skipping download phase...
[2026-08-27 21:14:07.123] [info]  [Launch]   [Licenses] Finished check (132ms)
[2026-08-27 21:14:07.162] [info]  [Launch]   [Assets] Index is valid, using it...
[2026-08-27 21:14:07.206] [info]  [Launch]   [Ui] Found VC++ Redistributable version v14.50.35719.00
[2026-08-27 21:14:07.796] [info]  [Launch]   [Ui] UI zip already downloaded and verified.
[2026-08-27 21:14:16.868] [info]  [Launch] [Textures] Starting download of 1 files...
[2026-08-27 21:14:16.869] [info]  [Launch] [Textures] All files queued for download. Waiting...
[2026-08-27 21:14:16.987] [info]  [Launch] [Textures] Attempting full download for C:\Users\CARLOS_JR\.lunarclient\textures\assets\lunar\jit_index, differential not available.
[2026-08-27 21:14:19.116] [info]  [Launch] [Textures] Download complete.
[2026-08-27 21:14:19.118] [info]  [Launch]   [Textures] Finished check (12127ms)
[2026-08-27 21:14:19.303] [info]  [Launch] [Assets] No new files needed, skipping download phase...
[2026-08-27 21:14:19.304] [info]  [Launch]   [Assets] Finished check (12312ms)
[2026-08-27 21:14:19.307] [info]  [Launch]   [Ui] Zip contains 2 file entries.
[2026-08-27 21:14:19.309] [info]  [Launch]   [Ui] All 2 expected files are present.
[2026-08-27 21:14:19.310] [info]  [Launch]   [Ui] UI 7c408ec0c875ded4aaa94f426f3b31dcec957c5f already extracted, reusing.
[2026-08-27 21:14:19.315] [info]  [Launch]   [Ui] Index is valid, using it...
[2026-08-27 21:14:19.408] [info]  [Launch] [Ui] No new files needed, skipping download phase...
[2026-08-27 21:14:19.409] [info]  [Launch]   [Ui] Finished check (12415ms)
[2026-08-27 21:14:19.525] [info]  [Launch] [Artifacts] No new files needed, skipping download phase...
[2026-08-27 21:14:19.526] [info]  [Launch]     [Artifacts] Finished check (12530ms)
[2026-08-27 21:14:19.527] [info]  [Launch]     [Natives] Starting check...
[2026-08-27 21:14:19.529] [info]  [Launch]     [Natives] Extracting 4 natives to C:\Users\CARLOS_JR\.lunarclient\offline\multiver\natives...
[2026-08-27 21:14:19.725] [info]  [Launch]   [Jre] No new files needed, skipping download phase...
[2026-08-27 21:14:19.726] [info]  [Launch]   [Jre] Unable to perform Windows JavaW fix (missing data), skipping...
[2026-08-27 21:14:19.727] [info]  [Launch]   [Jre] Performing JavaW integrity check...
[2026-08-27 21:14:19.728] [info]  [Launch]   [Jre] Current JavaW file permissions: 666
[2026-08-27 21:14:19.729] [info]  [Launch]   [Jre] Finished check (12736ms)
[2026-08-27 21:14:21.297] [info]  [Launch]     [Natives] Finished check (1770ms)
[2026-08-27 21:14:21.298] [info]  [Launch]   [Artifacts-and-natives] Finished check (14305ms)
[2026-08-27 21:14:21.299] [info]  [Launch] [Parallel-stages] Finished check (14310ms)
[2026-08-27 21:14:21.301] [info]  [Launch] [Jar-validation] Starting check...
[2026-08-27 21:14:21.302] [info]  [Launch] [Jar-validation] Validating jar files in C:\Users\CARLOS_JR\.lunarclient\profiles\diosesmon-oficial\mods...
[2026-08-27 21:14:21.313] [info]  [Launch] [Jar-validation] Found 174 jar file(s) to validate
[2026-08-27 21:14:24.234] [info]  [Launch] [Jar-validation] Validation complete: 174 valid, 0 invalid
[2026-08-27 21:14:24.235] [info]  [Launch] [Jar-validation] Finished check (2934ms)
[2026-08-27 21:14:26.756] [info]  [Launch] Spawning JVM process with following configuration...
[2026-08-27 21:14:26.757] [info]           * Version: 1.21
[2026-08-27 21:14:26.757] [info]           * Subversion: 1.21.1
[2026-08-27 21:14:26.758] [info]           * Module: fabric
[2026-08-27 21:14:26.759] [info]           * Directory: C:\Users\CARLOS_JR\.lunarclient\profiles\diosesmon-oficial
[2026-08-27 21:14:26.760] [info]           * Resolution: 1920x1080
[2026-08-27 21:14:26.760] [info]           * Fullscreen?: false
[2026-08-27 21:14:26.761] [info]           * Memory: 3017MB
[2026-08-27 21:14:26.761] [info]           * Branch: master
[2026-08-27 21:14:26.762] [info]           * Quick Join: N/A
[2026-08-27 21:14:26.763] [info]           * Profile ID: 66e9766e-a0c3-4951-b7e4-c8946c428ff5
[2026-08-27 21:14:26.763] [info]           * Loader Version: automatic
[2026-08-27 21:14:26.764] [info]           * Custom JVM Arguments: N/A
[2026-08-27 21:14:26.765] [info]           * IPC Port: 28190
[2026-08-27 21:14:26.767] [info]           * Pre-launch Command: N/A
[2026-08-27 21:14:26.767] [info]           * Wrapper Command: N/A
[2026-08-27 21:14:26.768] [info]           * Post-exit Command: N/A
[2026-08-27 21:14:26.769] [info]           * Mods Directory: C:\Users\CARLOS_JR\.lunarclient\profiles\diosesmon-oficial\mods
[2026-08-27 21:14:26.772] [info]  [Launch] System properties: ["-Dlog4j2.formatMsgNoLookups=true","-DTrickNvidiaDriversForPerformance=' net.minecraft.client.main.Main '","-Dichor.filteredGenesisSentries=.*lcqt.*|.*Some of your mods are incompatible with the game or each other.*","-Dlunar.webosr.url=file:index.html","-Dichor.fabric.profileModPath=C:\\Users\\CARLOS_JR\\.lunarclient\\profiles\\diosesmon-oficial\\mods","-Djava.library.path=C:\\Users\\CARLOS_JR\\.lunarclient\\offline\\multiver\\natives","-Dlog4j.configurationFile=C:\\Users\\CARLOS_JR\\.lunarclient\\profiles\\diosesmon-oficial\\logs\\config.xml","-Dichor.logsFile=C:\\Users\\CARLOS_JR\\.lunarclient\\profiles\\diosesmon-oficial\\logs\\ichor-boot.log","-Dichor.usingIsolatedProfiles=true"]
[2026-08-27 21:14:26.805] [info]  [Launch] JVM process started with following outputs...
[2026-08-27 21:14:26.806] [info]           * PID: 18080
[2026-08-27 21:14:26.807] [info]           * Start Time: 27/8/2026, 9:14:26 p.m.
[2026-08-27 21:14:46.602] [info]  [Profiles] Read 74 jars for profile Diosesmon Oficial (ID: 66e9766e-a0c3-4951-b7e4-c8946c428ff5, Type: user-modpack, Game Version: 1.21.1):
[2026-08-27 21:14:46.603] [info]           * BadOptimizations v2.4.1: Enabled
[2026-08-27 21:14:46.604] [info]           * Better Fullscreen v2.3.0: Enabled
[2026-08-27 21:14:46.605] [info]           * Better Third Person v1.9.0: Enabled
[2026-08-27 21:14:46.606] [info]           * CobbleFurnies v1.1: Enabled
[2026-08-27 21:14:46.607] [info]           * CobbledollarDummy v1.0.0: Enabled
[2026-08-27 21:14:46.608] [info]           * Cobblemon v1.7.3+1.21.1: Enabled
[2026-08-27 21:14:46.609] [info]           * CobblemonSizeVariation v1.4.0: Enabled
[2026-08-27 21:14:46.609] [info]           * Cobblemon Trials Edition v1.3.1: Enabled
[2026-08-27 21:14:46.610] [info]           * Cobblepedia v0.7.1: Enabled
[2026-08-27 21:14:46.611] [info]           * CraftTweaker v21.0.38: Enabled
[2026-08-27 21:14:46.612] [info]           * CreativeCore v2.13.37: Enabled
[2026-08-27 21:14:46.613] [info]           * Forge Config API Port v21.1.6: Enabled
[2026-08-27 21:14:46.614] [info]           * Iceberg v1.3.2: Enabled
[2026-08-27 21:14:46.615] [info]           * ImmediatelyFast v1.6.10+1.21.1: Enabled
[2026-08-27 21:14:46.616] [info]           * Ixeris v3.8.6+1.21.1-fabric: Enabled
[2026-08-27 21:14:46.617] [info]           * Jade v15.10.5+fabric: Enabled
[2026-08-27 21:14:46.618] [info]           * Jade Addons v6.0.3+fabric: Enabled
[2026-08-27 21:14:46.619] [info]           * JeiTweaker v8.0: Enabled
[2026-08-27 21:14:46.620] [info]           * MoreCobblemonTweaks v1.3.3: Enabled
[2026-08-27 21:14:46.621] [info]           * MossyLib v1.1.0+1.21.1+fabric: Enabled
[2026-08-27 21:14:46.622] [info]           * Mouse Tweaks v2.26: Enabled
[2026-08-27 21:14:46.623] [info]           * No Chat Reports v1.21.1-v2.9.1: Enabled
[2026-08-27 21:14:46.624] [info]           * OctoLib v0.6.1: Enabled
[2026-08-27 21:14:46.625] [info]           * Patchouli v1.21.1-93-FABRIC: Enabled
[2026-08-27 21:14:46.625] [info]           * root project 'Prism' v1.0.11: Enabled
[2026-08-27 21:14:46.626] [info]           * ScalableLux v0.1.0.1+fabric.d0d58ab: Enabled
[2026-08-27 21:14:46.626] [info]           * SimpleTMs v2.3.3: Enabled
[2026-08-27 21:14:46.627] [info]           * Too Many Entities v1.2.0: Enabled
[2026-08-27 21:14:46.628] [info]           * Too Many Players v1.21-1.1.5: Enabled
[2026-08-27 21:14:46.629] [info]           * Accessories v1.1.0-beta.53+1.21.1: Enabled
[2026-08-27 21:14:46.630] [info]           * Architectury v13.0.8: Enabled
[2026-08-27 21:14:46.631] [info]           * Athena v4.0.2: Enabled
[2026-08-27 21:14:46.631] [info]           * Advanced Wall Climber API v1.0.2: Enabled
[2026-08-27 21:14:46.632] [info]           * CinematicZoom v0.8.0: Enabled
[2026-08-27 21:14:46.633] [info]           * Cloth Config v15 v15.0.140: Enabled
[2026-08-27 21:14:46.634] [info]           * Cobblemon Additions v4.3.0: Enabled
[2026-08-27 21:14:46.635] [info]           * Cobblemon Battle Extras v1.13.45: Enabled
[2026-08-27 21:14:46.636] [info]           * Cobblemon Challenge v2.4.0: Enabled
[2026-08-27 21:14:46.637] [info]           * Cobblenav v2.3.3: Enabled
[2026-08-27 21:14:46.638] [info]           * CobbleSort v1.0.1: Enabled
[2026-08-27 21:14:46.639] [info]           * Diosesmon Client v1.7.6: Enabled
[2026-08-27 21:14:46.641] [info]           * Emotecraft v2.4.12: Enabled
[2026-08-27 21:14:46.642] [info]           * Enhanced Block Entities v0.10.2+1.21: Enabled
[2026-08-27 21:14:46.643] [info]           * EntityCulling v1.10.5: Enabled
[2026-08-27 21:14:46.643] [info]           * Fabric API v0.116.11+1.21.1: Enabled
[2026-08-27 21:14:46.644] [info]           * Fabric Language Kotlin v1.13.11+kotlin.2.3.21: Enabled
[2026-08-27 21:14:46.645] [info]           * Fast IP Ping v1.0.11: Enabled
[2026-08-27 21:14:46.646] [info]           * FerriteCore v7.0.3: Enabled
[2026-08-27 21:14:46.647] [info]           * Cobblemon Fight or Flight Fabric v0.10.7: Enabled
[2026-08-27 21:14:46.649] [info]           * Fzzy Config v0.7.6+1.21: Enabled
[2026-08-27 21:14:46.650] [info]           * GeckoLib 4 v4.8.4: Enabled
[2026-08-27 21:14:46.651] [info]           * Just Enough Items v19.27.0.340: Enabled
[2026-08-27 21:14:46.652] [info]           * Krypton v0.2.8: Enabled
[2026-08-27 21:14:46.652] [info]           * Language Reload v1.7.6+1.21.1: Enabled
[2026-08-27 21:14:46.653] [info]           * Lithium v0.15.3+mc1.21.1: Enabled
[2026-08-27 21:14:46.654] [info]           * Cobblemon:Mega Showdown v1.8.2+1.7.3+1.21.1-hotfix: Enabled
[2026-08-27 21:14:46.655] [info]           * ModernFix v5.25.1+mc1.21.1: Enabled
[2026-08-27 21:14:46.657] [info]           * Mod Menu v11.0.4: Enabled
[2026-08-27 21:14:46.658] [info]           * More Culling v1.0.7: Enabled
[2026-08-27 21:14:46.659] [info]           * Noxesium v2.3.3+d22848f: Enabled
[2026-08-27 21:14:46.660] [info]           * oωo v0.12.15.4+1.21: Enabled
[2026-08-27 21:14:46.660] [info]           * Packet Fixer v3.3.1: Enabled
[2026-08-27 21:14:46.662] [info]           * Placeholder API v2.4.2+1.21: Enabled
[2026-08-27 21:14:46.663] [info]           * Reese's Sodium Options v1.8.3+mc1.21.4: Enabled
[2026-08-27 21:14:46.664] [info]           * Shulker Box Tooltip v5.1.9+1.21.1: Enabled
[2026-08-27 21:14:46.664] [info]           * Sodium Extra v0.6.0+mc1.21.1: Enabled
[2026-08-27 21:14:46.666] [info]           * Sodium v0.6.13+mc1.21.1: Enabled
[2026-08-27 21:14:46.667] [info]           * ThreadTweak v0.1.5+mc1.21.1: Enabled
[2026-08-27 21:14:46.668] [info]           * ToggleNametags v2.1.1: Enabled
[2026-08-27 21:14:46.669] [info]           * Vanillin v1.1.3+1.21.1: Enabled
[2026-08-27 21:14:46.670] [info]           * Very Many Players v0.2.0+beta.7.172+1.21.1: Enabled
[2026-08-27 21:14:46.671] [info]           * Xaero's Minimap v26.4.2: Enabled
[2026-08-27 21:14:46.672] [info]           * Xaero's World Map v1.44.2: Enabled
[2026-08-27 21:14:46.673] [info]           * zamega v1.7.3: Enabled
[2026-08-27 21:14:46.800] [info]  [Settings] Setting allocated-memory to 3215...
[2026-08-27 21:14:47.897] [info]  [Settings] Setting allocated-memory to 2958...
[2026-08-27 21:14:48.356] [info]  [Settings] Setting allocated-memory to 2652...
[2026-08-27 21:14:57.705] [warn]  [Permissions] Denied 'media' requested by: file:///
[2026-08-27 21:14:57.708] [warn]  [Permissions] Denied 'media' requested by: file:///
[2026-08-27 21:14:57.709] [warn]  [Permissions] Denied 'geolocation' requested by: file:///
[2026-08-27 21:14:57.710] [warn]  [Permissions] Denied 'window-management' requested by: file:///
[2026-08-27 21:14:57.932] [warn]  [Permissions] Denied 'media' requested by: file:///
[2026-08-27 21:14:57.934] [warn]  [Permissions] Denied 'media' requested by: file:///
[2026-08-27 21:14:57.935] [warn]  [Permissions] Denied 'geolocation' requested by: file:///
[2026-08-27 21:14:57.937] [warn]  [Permissions] Denied 'window-management' requested by: file:///
[2026-08-27 21:15:34.193] [debug] [Window] [main] Window focused
[2026-08-27 21:15:35.313] [error] [Window] [main] [Console] [Profile Wizard] image validation failed Error: Error invoking remote method 'profiles:validateImage': AxiosError: Request failed with status code 400
[2026-08-27 21:15:42.538] [debug] [Window] [main] Window focused
[2026-08-27 21:17:07.551] [info]  [Overwolf] [Overlay] Game launched, skipping injection because the feature is currently disabled
[2026-08-27 21:17:08.324] [info]  [Overwolf] [CRN] 'before-notification' event was fired
[2026-08-27 21:17:19.939] [debug] [Window] [main] Window focused
[2026-08-27 21:17:25.573] [debug] [Window] [main] Window focused
[2026-08-27 21:17:27.112] [info]  [Profiles] Saving Diosesmon Oficial (ID: 66e9766e-a0c3-4951-b7e4-c8946c428ff5, Type: user-modpack, State: saved)...
[2026-08-27 21:17:27.114] [info]  [Profiles] Existing profile is being updated...
[2026-08-27 21:17:27.140] [info]  [Profiles] Saved Diosesmon Oficial! (ID: 66e9766e-a0c3-4951-b7e4-c8946c428ff5)
[2026-08-27 21:17:27.169] [info]  [Profiles] Refreshing profile Diosesmon Oficial (ID: 66e9766e-a0c3-4951-b7e4-c8946c428ff5, Initiator: select-custom-icon, Skip Jars Refresh: Yes)...
[2026-08-27 21:17:37.111] [warn]  [Permissions] Denied 'media' requested by: file:///
[2026-08-27 21:17:37.119] [warn]  [Permissions] Denied 'media' requested by: file:///
[2026-08-27 21:17:37.120] [warn]  [Permissions] Denied 'geolocation' requested by: file:///
[2026-08-27 21:17:37.122] [warn]  [Permissions] Denied 'window-management' requested by: file:///
[2026-08-27 21:17:38.564] [warn]  [Permissions] Denied 'media' requested by: file:///
[2026-08-27 21:17:38.566] [warn]  [Permissions] Denied 'media' requested by: file:///
[2026-08-27 21:17:38.567] [warn]  [Permissions] Denied 'geolocation' requested by: file:///
[2026-08-27 21:17:38.569] [warn]  [Permissions] Denied 'window-management' requested by: file:///
[2026-08-27 21:17:38.685] [warn]  [Permissions] Denied 'media' requested by: 
[2026-08-27 21:17:38.687] [warn]  [Permissions] Denied 'media' requested by: 
[2026-08-27 21:17:38.689] [warn]  [Permissions] Denied 'geolocation' requested by: 
[2026-08-27 21:17:38.690] [warn]  [Permissions] Denied 'window-management' requested by: 
[2026-08-27 21:17:39.636] [info]  [Window] Rewriting /versions to /versions/modpacks...
[2026-08-27 21:17:39.835] [warn]  [Permissions] Denied 'media' requested by: file:///
[2026-08-27 21:17:39.837] [warn]  [Permissions] Denied 'media' requested by: file:///
[2026-08-27 21:17:39.838] [warn]  [Permissions] Denied 'geolocation' requested by: file:///
[2026-08-27 21:17:39.839] [warn]  [Permissions] Denied 'window-management' requested by: file:///
[2026-08-27 21:17:40.421] [info]  [Profiles] Loaded 8 resource packs for profile Diosesmon Oficial (ID: 66e9766e-a0c3-4951-b7e4-c8946c428ff5).
[2026-08-27 21:17:41.444] [error] [Window] [main] [Console] Access to image at 'lc-asset://profile/66e9766e-a0c3-4951-b7e4-c8946c428ff5/icon?v=1787887047100.3083' from origin 'file://' has been blocked by CORS policy: Cross origin requests are only supported for protocol schemes: chrome, chrome-extension, chrome-untrusted, data, http, https, sentry-ipc.
[2026-08-27 21:17:41.456] [error] [Window] [main] [Console] Access to image at 'lc-asset://profile/67380c89-129f-43ea-96eb-7cd979e24a9a/icon?v=1779236756725.953' from origin 'file://' has been blocked by CORS policy: Cross origin requests are only supported for protocol schemes: chrome, chrome-extension, chrome-untrusted, data, http, https, sentry-ipc.
[2026-08-27 21:17:41.459] [error] [Window] [main] [Console] Access to image at 'lc-asset://profile/ca09900b-3645-4e81-8129-aa5e00073a6a/icon?v=1778521797761.5867' from origin 'file://' has been blocked by CORS policy: Cross origin requests are only supported for protocol schemes: chrome, chrome-extension, chrome-untrusted, data, http, https, sentry-ipc.
[2026-08-27 21:17:52.395] [debug] [Window] [main] Window closing...
[2026-08-27 21:17:52.440] [debug] [Window] [main] Window hidden
[2026-08-27 21:17:54.441] [info]  [GameIPC] Received handshake from headers!
[2026-08-27 21:17:54.447] [info]  [GameIPC] Registered 9 services
[2026-08-27 21:17:54.449] [info]  [GameIPC] No pending pushes to flush
[2026-08-27 21:17:54.731] [debug] [Window] [mission-control] Window closing...
[2026-08-27 21:18:05.964] [info]  [Launch] Starting log file polling
[2026-08-27 21:18:50.949] [info]  [StorageInfo] Getting storage info...
[2026-08-27 21:18:50.964] [info]  [StorageInfo] Directory C:\Users\CARLOS_JR\.lunarclient\logs\game does not exist, skipping calculation...
[2026-08-27 21:18:52.434] [info]  [StorageInfo] Successfully calculated storage info
[2026-08-27 21:20:28.542] [info]  [DiscordRP] Updating activity status...
[2026-08-27 21:28:49.793] [info]  [Updater] Checking for updates...
[2026-08-27 21:28:49.797] [info]           * Current Version: 3.7.16.12965
[2026-08-27 21:28:49.802] [info]           * Channel: latest-ow
[2026-08-27 21:28:49.804] [info]           * URL: https://launcherupdates.lunarclientcdn.com
[2026-08-27 21:28:49.806] [info]           * User Initiated: false
[2026-08-27 21:28:50.040] [info]  [Updater] No updates available.
[2026-08-27 21:28:50.042] [info]  [Updater] Update check returned a result... skipping: {"isUpdateAvailable":false,"versionInfo":{"version":"3.7.16-ow","files":[{"url":"Lunar Client v3.7.16-ow.exe","sha512":"K25vDcT8UO0xbMd4MX5URU+l33+vEILLkpsRkxPMYVfB+yP5gqHGuNWOOGgUOE0gH2g4j+1Mjo9AFnQDC35tng=="}],"path":"Lunar Client v3.7.16-ow.exe","sha512":"K25vDcT8UO0xbMd4MX5URU+l33+vEILLkpsRkxPMYVfB+yP5gqHGuNWOOGgUOE0gH2g4j+1Mjo9AFnQDC35tng==","packages":{"x64":{"size":112473965,"sha512":"f2R8yaxYfUc7t48Bk04LzCImKB27jTxQcAe6RAFE/2lMaHmhsNJCJ47S0XSDCCvUNJp5imIeKLPifHT4z+jt5g==","blockMapSize":116960,"path":"lunarclient-3.7.16-ow-x64.nsis.7z","file":"lunarclient-3.7.16-ow-x64.nsis.7z"}},"releaseDate":"2026-08-24T23:38:30.176Z"},"updateInfo":{"version":"3.7.16-ow","files":[{"url":"Lunar Client v3.7.16-ow.exe","sha512":"K25vDcT8UO0xbMd4MX5URU+l33+vEILLkpsRkxPMYVfB+yP5gqHGuNWOOGgUOE0gH2g4j+1Mjo9AFnQDC35tng=="}],"path":"Lunar Client v3.7.16-ow.exe","sha512":"K25vDcT8UO0xbMd4MX5URU+l33+vEILLkpsRkxPMYVfB+yP5gqHGuNWOOGgUOE0gH2g4j+1Mjo9AFnQDC35tng==","packages":{"x64":{"size":112473965,"sha512":"f2R8yaxYfUc7t48Bk04LzCImKB27jTxQcAe6RAFE/2lMaHmhsNJCJ47S0XSDCCvUNJp5imIeKLPifHT4z+jt5g==","blockMapSize":116960,"path":"lunarclient-3.7.16-ow-x64.nsis.7z","file":"lunarclient-3.7.16-ow-x64.nsis.7z"}},"releaseDate":"2026-08-24T23:38:30.176Z"}}
[2026-08-27 21:43:49.809] [info]  [Updater] Checking for updates...
[2026-08-27 21:43:49.812] [info]           * Current Version: 3.7.16.12965
[2026-08-27 21:43:49.816] [info]           * Channel: latest-ow
[2026-08-27 21:43:49.818] [info]           * URL: https://launcherupdates.lunarclientcdn.com
[2026-08-27 21:43:49.820] [info]           * User Initiated: false
[2026-08-27 21:43:50.080] [info]  [Updater] No updates available.
[2026-08-27 21:43:50.082] [info]  [Updater] Update check returned a result... skipping: {"isUpdateAvailable":false,"versionInfo":{"version":"3.7.16-ow","files":[{"url":"Lunar Client v3.7.16-ow.exe","sha512":"K25vDcT8UO0xbMd4MX5URU+l33+vEILLkpsRkxPMYVfB+yP5gqHGuNWOOGgUOE0gH2g4j+1Mjo9AFnQDC35tng=="}],"path":"Lunar Client v3.7.16-ow.exe","sha512":"K25vDcT8UO0xbMd4MX5URU+l33+vEILLkpsRkxPMYVfB+yP5gqHGuNWOOGgUOE0gH2g4j+1Mjo9AFnQDC35tng==","packages":{"x64":{"size":112473965,"sha512":"f2R8yaxYfUc7t48Bk04LzCImKB27jTxQcAe6RAFE/2lMaHmhsNJCJ47S0XSDCCvUNJp5imIeKLPifHT4z+jt5g==","blockMapSize":116960,"path":"lunarclient-3.7.16-ow-x64.nsis.7z","file":"lunarclient-3.7.16-ow-x64.nsis.7z"}},"releaseDate":"2026-08-24T23:38:30.176Z"},"updateInfo":{"version":"3.7.16-ow","files":[{"url":"Lunar Client v3.7.16-ow.exe","sha512":"K25vDcT8UO0xbMd4MX5URU+l33+vEILLkpsRkxPMYVfB+yP5gqHGuNWOOGgUOE0gH2g4j+1Mjo9AFnQDC35tng=="}],"path":"Lunar Client v3.7.16-ow.exe","sha512":"K25vDcT8UO0xbMd4MX5URU+l33+vEILLkpsRkxPMYVfB+yP5gqHGuNWOOGgUOE0gH2g4j+1Mjo9AFnQDC35tng==","packages":{"x64":{"size":112473965,"sha512":"f2R8yaxYfUc7t48Bk04LzCImKB27jTxQcAe6RAFE/2lMaHmhsNJCJ47S0XSDCCvUNJp5imIeKLPifHT4z+jt5g==","blockMapSize":116960,"path":"lunarclient-3.7.16-ow-x64.nsis.7z","file":"lunarclient-3.7.16-ow-x64.nsis.7z"}},"releaseDate":"2026-08-24T23:38:30.176Z"}}
[2026-08-27 21:58:49.794] [info]  [Updater] Checking for updates...
[2026-08-27 21:58:49.798] [info]           * Current Version: 3.7.16.12965
[2026-08-27 21:58:49.802] [info]           * Channel: latest-ow
[2026-08-27 21:58:49.805] [info]           * URL: https://launcherupdates.lunarclientcdn.com
[2026-08-27 21:58:49.808] [info]           * User Initiated: false
[2026-08-27 21:58:50.082] [info]  [Updater] No updates available.
[2026-08-27 21:58:50.084] [info]  [Updater] Update check returned a result... skipping: {"isUpdateAvailable":false,"versionInfo":{"version":"3.7.16-ow","files":[{"url":"Lunar Client v3.7.16-ow.exe","sha512":"K25vDcT8UO0xbMd4MX5URU+l33+vEILLkpsRkxPMYVfB+yP5gqHGuNWOOGgUOE0gH2g4j+1Mjo9AFnQDC35tng=="}],"path":"Lunar Client v3.7.16-ow.exe","sha512":"K25vDcT8UO0xbMd4MX5URU+l33+vEILLkpsRkxPMYVfB+yP5gqHGuNWOOGgUOE0gH2g4j+1Mjo9AFnQDC35tng==","packages":{"x64":{"size":112473965,"sha512":"f2R8yaxYfUc7t48Bk04LzCImKB27jTxQcAe6RAFE/2lMaHmhsNJCJ47S0XSDCCvUNJp5imIeKLPifHT4z+jt5g==","blockMapSize":116960,"path":"lunarclient-3.7.16-ow-x64.nsis.7z","file":"lunarclient-3.7.16-ow-x64.nsis.7z"}},"releaseDate":"2026-08-24T23:38:30.176Z"},"updateInfo":{"version":"3.7.16-ow","files":[{"url":"Lunar Client v3.7.16-ow.exe","sha512":"K25vDcT8UO0xbMd4MX5URU+l33+vEILLkpsRkxPMYVfB+yP5gqHGuNWOOGgUOE0gH2g4j+1Mjo9AFnQDC35tng=="}],"path":"Lunar Client v3.7.16-ow.exe","sha512":"K25vDcT8UO0xbMd4MX5URU+l33+vEILLkpsRkxPMYVfB+yP5gqHGuNWOOGgUOE0gH2g4j+1Mjo9AFnQDC35tng==","packages":{"x64":{"size":112473965,"sha512":"f2R8yaxYfUc7t48Bk04LzCImKB27jTxQcAe6RAFE/2lMaHmhsNJCJ47S0XSDCCvUNJp5imIeKLPifHT4z+jt5g==","blockMapSize":116960,"path":"lunarclient-3.7.16-ow-x64.nsis.7z","file":"lunarclient-3.7.16-ow-x64.nsis.7z"}},"releaseDate":"2026-08-24T23:38:30.176Z"}}
[2026-08-27 22:13:49.804] [info]  [Updater] Checking for updates...
[2026-08-27 22:13:49.809] [info]           * Current Version: 3.7.16.12965
[2026-08-27 22:13:49.812] [info]           * Channel: latest-ow
[2026-08-27 22:13:49.814] [info]           * URL: https://launcherupdates.lunarclientcdn.com
[2026-08-27 22:13:49.816] [info]           * User Initiated: false
[2026-08-27 22:13:50.112] [info]  [Updater] No updates available.
[2026-08-27 22:13:50.114] [info]  [Updater] Update check returned a result... skipping: {"isUpdateAvailable":false,"versionInfo":{"version":"3.7.16-ow","files":[{"url":"Lunar Client v3.7.16-ow.exe","sha512":"K25vDcT8UO0xbMd4MX5URU+l33+vEILLkpsRkxPMYVfB+yP5gqHGuNWOOGgUOE0gH2g4j+1Mjo9AFnQDC35tng=="}],"path":"Lunar Client v3.7.16-ow.exe","sha512":"K25vDcT8UO0xbMd4MX5URU+l33+vEILLkpsRkxPMYVfB+yP5gqHGuNWOOGgUOE0gH2g4j+1Mjo9AFnQDC35tng==","packages":{"x64":{"size":112473965,"sha512":"f2R8yaxYfUc7t48Bk04LzCImKB27jTxQcAe6RAFE/2lMaHmhsNJCJ47S0XSDCCvUNJp5imIeKLPifHT4z+jt5g==","blockMapSize":116960,"path":"lunarclient-3.7.16-ow-x64.nsis.7z","file":"lunarclient-3.7.16-ow-x64.nsis.7z"}},"releaseDate":"2026-08-24T23:38:30.176Z"},"updateInfo":{"version":"3.7.16-ow","files":[{"url":"Lunar Client v3.7.16-ow.exe","sha512":"K25vDcT8UO0xbMd4MX5URU+l33+vEILLkpsRkxPMYVfB+yP5gqHGuNWOOGgUOE0gH2g4j+1Mjo9AFnQDC35tng=="}],"path":"Lunar Client v3.7.16-ow.exe","sha512":"K25vDcT8UO0xbMd4MX5URU+l33+vEILLkpsRkxPMYVfB+yP5gqHGuNWOOGgUOE0gH2g4j+1Mjo9AFnQDC35tng==","packages":{"x64":{"size":112473965,"sha512":"f2R8yaxYfUc7t48Bk04LzCImKB27jTxQcAe6RAFE/2lMaHmhsNJCJ47S0XSDCCvUNJp5imIeKLPifHT4z+jt5g==","blockMapSize":116960,"path":"lunarclient-3.7.16-ow-x64.nsis.7z","file":"lunarclient-3.7.16-ow-x64.nsis.7z"}},"releaseDate":"2026-08-24T23:38:30.176Z"}}
[2026-08-27 22:28:49.823] [info]  [Updater] Checking for updates...
[2026-08-27 22:28:49.832] [info]           * Current Version: 3.7.16.12965
[2026-08-27 22:28:49.836] [info]           * Channel: latest-ow
[2026-08-27 22:28:49.840] [info]           * URL: https://launcherupdates.lunarclientcdn.com
[2026-08-27 22:28:49.844] [info]           * User Initiated: false
[2026-08-27 22:28:50.183] [info]  [Updater] No updates available.
[2026-08-27 22:28:50.185] [info]  [Updater] Update check returned a result... skipping: {"isUpdateAvailable":false,"versionInfo":{"version":"3.7.16-ow","files":[{"url":"Lunar Client v3.7.16-ow.exe","sha512":"K25vDcT8UO0xbMd4MX5URU+l33+vEILLkpsRkxPMYVfB+yP5gqHGuNWOOGgUOE0gH2g4j+1Mjo9AFnQDC35tng=="}],"path":"Lunar Client v3.7.16-ow.exe","sha512":"K25vDcT8UO0xbMd4MX5URU+l33+vEILLkpsRkxPMYVfB+yP5gqHGuNWOOGgUOE0gH2g4j+1Mjo9AFnQDC35tng==","packages":{"x64":{"size":112473965,"sha512":"f2R8yaxYfUc7t48Bk04LzCImKB27jTxQcAe6RAFE/2lMaHmhsNJCJ47S0XSDCCvUNJp5imIeKLPifHT4z+jt5g==","blockMapSize":116960,"path":"lunarclient-3.7.16-ow-x64.nsis.7z","file":"lunarclient-3.7.16-ow-x64.nsis.7z"}},"releaseDate":"2026-08-24T23:38:30.176Z"},"updateInfo":{"version":"3.7.16-ow","files":[{"url":"Lunar Client v3.7.16-ow.exe","sha512":"K25vDcT8UO0xbMd4MX5URU+l33+vEILLkpsRkxPMYVfB+yP5gqHGuNWOOGgUOE0gH2g4j+1Mjo9AFnQDC35tng=="}],"path":"Lunar Client v3.7.16-ow.exe","sha512":"K25vDcT8UO0xbMd4MX5URU+l33+vEILLkpsRkxPMYVfB+yP5gqHGuNWOOGgUOE0gH2g4j+1Mjo9AFnQDC35tng==","packages":{"x64":{"size":112473965,"sha512":"f2R8yaxYfUc7t48Bk04LzCImKB27jTxQcAe6RAFE/2lMaHmhsNJCJ47S0XSDCCvUNJp5imIeKLPifHT4z+jt5g==","blockMapSize":116960,"path":"lunarclient-3.7.16-ow-x64.nsis.7z","file":"lunarclient-3.7.16-ow-x64.nsis.7z"}},"releaseDate":"2026-08-24T23:38:30.176Z"}}
[2026-08-27 22:43:49.816] [info]  [Updater] Checking for updates...
[2026-08-27 22:43:49.821] [info]           * Current Version: 3.7.16.12965
[2026-08-27 22:43:49.824] [info]           * Channel: latest-ow
[2026-08-27 22:43:49.827] [info]           * URL: https://launcherupdates.lunarclientcdn.com
[2026-08-27 22:43:49.828] [info]           * User Initiated: false
[2026-08-27 22:43:50.134] [info]  [Updater] No updates available.
[2026-08-27 22:43:50.137] [info]  [Updater] Update check returned a result... skipping: {"isUpdateAvailable":false,"versionInfo":{"version":"3.7.16-ow","files":[{"url":"Lunar Client v3.7.16-ow.exe","sha512":"K25vDcT8UO0xbMd4MX5URU+l33+vEILLkpsRkxPMYVfB+yP5gqHGuNWOOGgUOE0gH2g4j+1Mjo9AFnQDC35tng=="}],"path":"Lunar Client v3.7.16-ow.exe","sha512":"K25vDcT8UO0xbMd4MX5URU+l33+vEILLkpsRkxPMYVfB+yP5gqHGuNWOOGgUOE0gH2g4j+1Mjo9AFnQDC35tng==","packages":{"x64":{"size":112473965,"sha512":"f2R8yaxYfUc7t48Bk04LzCImKB27jTxQcAe6RAFE/2lMaHmhsNJCJ47S0XSDCCvUNJp5imIeKLPifHT4z+jt5g==","blockMapSize":116960,"path":"lunarclient-3.7.16-ow-x64.nsis.7z","file":"lunarclient-3.7.16-ow-x64.nsis.7z"}},"releaseDate":"2026-08-24T23:38:30.176Z"},"updateInfo":{"version":"3.7.16-ow","files":[{"url":"Lunar Client v3.7.16-ow.exe","sha512":"K25vDcT8UO0xbMd4MX5URU+l33+vEILLkpsRkxPMYVfB+yP5gqHGuNWOOGgUOE0gH2g4j+1Mjo9AFnQDC35tng=="}],"path":"Lunar Client v3.7.16-ow.exe","sha512":"K25vDcT8UO0xbMd4MX5URU+l33+vEILLkpsRkxPMYVfB+yP5gqHGuNWOOGgUOE0gH2g4j+1Mjo9AFnQDC35tng==","packages":{"x64":{"size":112473965,"sha512":"f2R8yaxYfUc7t48Bk04LzCImKB27jTxQcAe6RAFE/2lMaHmhsNJCJ47S0XSDCCvUNJp5imIeKLPifHT4z+jt5g==","blockMapSize":116960,"path":"lunarclient-3.7.16-ow-x64.nsis.7z","file":"lunarclient-3.7.16-ow-x64.nsis.7z"}},"releaseDate":"2026-08-24T23:38:30.176Z"}}
[2026-08-27 22:48:52.939] [info]  [GameIPC] Client connection has closed. Launch ID: 42b754f4-f17d-428d-a4a9-62781ba4e60a, Code: 1000, Reason: 
[2026-08-27 22:48:57.180] [info]  [Launch] JVM for launch session 42b754f4-f17d-428d-a4a9-62781ba4e60a has exited...
[2026-08-27 22:48:57.182] [info]           * Code: 0
[2026-08-27 22:48:57.311] [info]  [DiscordRP] Updating activity status...
[2026-08-27 22:48:57.315] [info]  [Launch] Game has been closed, resetting to ready...
[2026-08-27 22:48:57.379] [debug] [Window] [main] Window focused
[2026-08-27 22:49:01.064] [debug] [Window] [main] Window closing...
[2026-08-27 22:49:01.082] [debug] [Window] [main] Window hidden
[2026-08-27 22:58:49.800] [info]  [Updater] Checking for updates...
[2026-08-27 22:58:49.801] [info]           * Current Version: 3.7.16.12965
[2026-08-27 22:58:49.803] [info]           * Channel: latest-ow
[2026-08-27 22:58:49.804] [info]           * URL: https://launcherupdates.lunarclientcdn.com
[2026-08-27 22:58:49.805] [info]           * User Initiated: false
[2026-08-27 22:58:49.919] [info]  [Updater] No updates available.
[2026-08-27 22:58:49.920] [info]  [Updater] Update check returned a result... skipping: {"isUpdateAvailable":false,"versionInfo":{"version":"3.7.16-ow","files":[{"url":"Lunar Client v3.7.16-ow.exe","sha512":"K25vDcT8UO0xbMd4MX5URU+l33+vEILLkpsRkxPMYVfB+yP5gqHGuNWOOGgUOE0gH2g4j+1Mjo9AFnQDC35tng=="}],"path":"Lunar Client v3.7.16-ow.exe","sha512":"K25vDcT8UO0xbMd4MX5URU+l33+vEILLkpsRkxPMYVfB+yP5gqHGuNWOOGgUOE0gH2g4j+1Mjo9AFnQDC35tng==","packages":{"x64":{"size":112473965,"sha512":"f2R8yaxYfUc7t48Bk04LzCImKB27jTxQcAe6RAFE/2lMaHmhsNJCJ47S0XSDCCvUNJp5imIeKLPifHT4z+jt5g==","blockMapSize":116960,"path":"lunarclient-3.7.16-ow-x64.nsis.7z","file":"lunarclient-3.7.16-ow-x64.nsis.7z"}},"releaseDate":"2026-08-24T23:38:30.176Z"},"updateInfo":{"version":"3.7.16-ow","files":[{"url":"Lunar Client v3.7.16-ow.exe","sha512":"K25vDcT8UO0xbMd4MX5URU+l33+vEILLkpsRkxPMYVfB+yP5gqHGuNWOOGgUOE0gH2g4j+1Mjo9AFnQDC35tng=="}],"path":"Lunar Client v3.7.16-ow.exe","sha512":"K25vDcT8UO0xbMd4MX5URU+l33+vEILLkpsRkxPMYVfB+yP5gqHGuNWOOGgUOE0gH2g4j+1Mjo9AFnQDC35tng==","packages":{"x64":{"size":112473965,"sha512":"f2R8yaxYfUc7t48Bk04LzCImKB27jTxQcAe6RAFE/2lMaHmhsNJCJ47S0XSDCCvUNJp5imIeKLPifHT4z+jt5g==","blockMapSize":116960,"path":"lunarclient-3.7.16-ow-x64.nsis.7z","file":"lunarclient-3.7.16-ow-x64.nsis.7z"}},"releaseDate":"2026-08-24T23:38:30.176Z"}}
[2026-08-27 23:13:49.811] [info]  [Updater] Checking for updates...
[2026-08-27 23:13:49.812] [info]           * Current Version: 3.7.16.12965
[2026-08-27 23:13:49.814] [info]           * Channel: latest-ow
[2026-08-27 23:13:49.815] [info]           * URL: https://launcherupdates.lunarclientcdn.com
[2026-08-27 23:13:49.816] [info]           * User Initiated: false
[2026-08-27 23:13:49.912] [info]  [Updater] No updates available.
[2026-08-27 23:13:49.913] [info]  [Updater] Update check returned a result... skipping: {"isUpdateAvailable":false,"versionInfo":{"version":"3.7.16-ow","files":[{"url":"Lunar Client v3.7.16-ow.exe","sha512":"K25vDcT8UO0xbMd4MX5URU+l33+vEILLkpsRkxPMYVfB+yP5gqHGuNWOOGgUOE0gH2g4j+1Mjo9AFnQDC35tng=="}],"path":"Lunar Client v3.7.16-ow.exe","sha512":"K25vDcT8UO0xbMd4MX5URU+l33+vEILLkpsRkxPMYVfB+yP5gqHGuNWOOGgUOE0gH2g4j+1Mjo9AFnQDC35tng==","packages":{"x64":{"size":112473965,"sha512":"f2R8yaxYfUc7t48Bk04LzCImKB27jTxQcAe6RAFE/2lMaHmhsNJCJ47S0XSDCCvUNJp5imIeKLPifHT4z+jt5g==","blockMapSize":116960,"path":"lunarclient-3.7.16-ow-x64.nsis.7z","file":"lunarclient-3.7.16-ow-x64.nsis.7z"}},"releaseDate":"2026-08-24T23:38:30.176Z"},"updateInfo":{"version":"3.7.16-ow","files":[{"url":"Lunar Client v3.7.16-ow.exe","sha512":"K25vDcT8UO0xbMd4MX5URU+l33+vEILLkpsRkxPMYVfB+yP5gqHGuNWOOGgUOE0gH2g4j+1Mjo9AFnQDC35tng=="}],"path":"Lunar Client v3.7.16-ow.exe","sha512":"K25vDcT8UO0xbMd4MX5URU+l33+vEILLkpsRkxPMYVfB+yP5gqHGuNWOOGgUOE0gH2g4j+1Mjo9AFnQDC35tng==","packages":{"x64":{"size":112473965,"sha512":"f2R8yaxYfUc7t48Bk04LzCImKB27jTxQcAe6RAFE/2lMaHmhsNJCJ47S0XSDCCvUNJp5imIeKLPifHT4z+jt5g==","blockMapSize":116960,"path":"lunarclient-3.7.16-ow-x64.nsis.7z","file":"lunarclient-3.7.16-ow-x64.nsis.7z"}},"releaseDate":"2026-08-24T23:38:30.176Z"}}
[2026-08-27 23:21:16.287] [info]  [Electron] Starting application...
[2026-08-27 23:21:16.290] [info]  [Electron] Lunar Client directory permissions: 666
[2026-08-27 23:21:16.291] [info]  [Electron] Resources path: C:\Users\CARLOS_JR\AppData\Local\Programs\Lunar Client\resources
[2026-08-27 23:21:16.293] [info]  [Electron] Crashdumps path: C:\Users\CARLOS_JR\AppData\Roaming\lunarclient\Crashpad
[2026-08-27 23:21:16.303] [info]  [Electron] Launcher is running with standard permissions.
[2026-08-27 23:21:16.306] [info]  [Identifiers] Installation ID found, ID: bc6a3018-85a4-47b1-9ac9-b04a5a4cf48e
[2026-08-27 23:21:16.313] [info]  [Identifiers] Installation ID first seen at: 2026-07-31T15:25:34.410Z
[2026-08-27 23:21:16.315] [info]  [Electron] Overwolf MUID: 45bcb4ce-2aed-422f-843e-955bc85343b3
[2026-08-27 23:21:16.317] [info]  [Electron] Starting Lunar Client Launcher...
[2026-08-27 23:21:16.318] [info]           * Session ID: 045e2816-cf8a-4a3d-9f74-03d065ef0276
[2026-08-27 23:21:16.320] [info]           * Operating System: win32 x64 10.0.26200
[2026-08-27 23:21:16.321] [info]           * Electron Version: 39.8.12 (Chrome v142.0.7444.265, Node v22.22.1)
[2026-08-27 23:21:16.322] [info]           * Binaries Type: @overwolf/ow-electron
[2026-08-27 23:21:16.323] [info]           * Version: 3.7.16
[2026-08-27 23:21:16.324] [info]           * Stream: latest-ow
[2026-08-27 23:21:16.325] [info]           * Branch: master
[2026-08-27 23:21:16.326] [info]           * Build Number: 12965
[2026-08-27 23:21:16.327] [info]           * Commit Hash: 218f614c33c57017dab2b661a5c3f019ed489648
[2026-08-27 23:21:16.328] [info]           * Short Commit Hash: 218f614
[2026-08-27 23:21:16.329] [info]           * Overwolf App UID: N/A
[2026-08-27 23:21:16.341] [info]  [Window] Second instance was detected, showing main window in primary...
[2026-08-27 23:21:16.505] [warn]  [Electron] Another instance of Lunar Client is already running... exiting.
[2026-08-27 23:21:16.534] [debug] [Window] [main] Window focused
[2026-08-27 23:21:29.665] [warn]  [Permissions] Denied 'media' requested by: file:///
[2026-08-27 23:21:29.667] [warn]  [Permissions] Denied 'media' requested by: file:///
[2026-08-27 23:21:29.668] [warn]  [Permissions] Denied 'geolocation' requested by: file:///
[2026-08-27 23:21:29.668] [warn]  [Permissions] Denied 'window-management' requested by: file:///
[2026-08-27 23:21:29.820] [warn]  [Permissions] Denied 'media' requested by: file:///
[2026-08-27 23:21:29.821] [warn]  [Permissions] Denied 'media' requested by: file:///
[2026-08-27 23:21:29.823] [warn]  [Permissions] Denied 'geolocation' requested by: file:///
[2026-08-27 23:21:29.824] [warn]  [Permissions] Denied 'window-management' requested by: file:///
[2026-08-27 23:22:00.310] [info]  [Profiles] Exporting profile Diosesmon Oficial (ID: 66e9766e-a0c3-4951-b7e4-c8946c428ff5)...
[2026-08-27 23:22:05.754] [info]  [Profiles] Read 74 jars for profile Diosesmon Oficial (ID: 66e9766e-a0c3-4951-b7e4-c8946c428ff5, Type: user-modpack, Game Version: 1.21.1):
[2026-08-27 23:22:05.756] [info]           * BadOptimizations v2.4.1: Enabled
[2026-08-27 23:22:05.757] [info]           * Better Fullscreen v2.3.0: Enabled
[2026-08-27 23:22:05.758] [info]           * Better Third Person v1.9.0: Enabled
[2026-08-27 23:22:05.760] [info]           * CobbleFurnies v1.1: Enabled
[2026-08-27 23:22:05.761] [info]           * CobbledollarDummy v1.0.0: Enabled
[2026-08-27 23:22:05.762] [info]           * Cobblemon v1.7.3+1.21.1: Enabled
[2026-08-27 23:22:05.763] [info]           * CobblemonSizeVariation v1.4.0: Enabled
[2026-08-27 23:22:05.765] [info]           * Cobblemon Trials Edition v1.3.1: Enabled
[2026-08-27 23:22:05.766] [info]           * Cobblepedia v0.7.1: Enabled
[2026-08-27 23:22:05.768] [info]           * CraftTweaker v21.0.38: Enabled
[2026-08-27 23:22:05.769] [info]           * CreativeCore v2.13.37: Enabled
[2026-08-27 23:22:05.770] [info]           * Forge Config API Port v21.1.6: Enabled
[2026-08-27 23:22:05.771] [info]           * Iceberg v1.3.2: Enabled
[2026-08-27 23:22:05.773] [info]           * ImmediatelyFast v1.6.10+1.21.1: Enabled
[2026-08-27 23:22:05.774] [info]           * Ixeris v3.8.6+1.21.1-fabric: Enabled
[2026-08-27 23:22:05.775] [info]           * Jade v15.10.5+fabric: Enabled
[2026-08-27 23:22:05.776] [info]           * Jade Addons v6.0.3+fabric: Enabled
[2026-08-27 23:22:05.777] [info]           * JeiTweaker v8.0: Enabled
[2026-08-27 23:22:05.777] [info]           * MoreCobblemonTweaks v1.3.3: Enabled
[2026-08-27 23:22:05.779] [info]           * MossyLib v1.1.0+1.21.1+fabric: Enabled
[2026-08-27 23:22:05.780] [info]           * Mouse Tweaks v2.26: Enabled
[2026-08-27 23:22:05.781] [info]           * No Chat Reports v1.21.1-v2.9.1: Enabled
[2026-08-27 23:22:05.783] [info]           * OctoLib v0.6.1: Enabled
[2026-08-27 23:22:05.785] [info]           * Patchouli v1.21.1-93-FABRIC: Enabled
[2026-08-27 23:22:05.785] [info]           * root project 'Prism' v1.0.11: Enabled
[2026-08-27 23:22:05.787] [info]           * ScalableLux v0.1.0.1+fabric.d0d58ab: Enabled
[2026-08-27 23:22:05.787] [info]           * SimpleTMs v2.3.3: Enabled
[2026-08-27 23:22:05.788] [info]           * Too Many Entities v1.2.0: Enabled
[2026-08-27 23:22:05.789] [info]           * Too Many Players v1.21-1.1.5: Enabled
[2026-08-27 23:22:05.790] [info]           * Accessories v1.1.0-beta.53+1.21.1: Enabled
[2026-08-27 23:22:05.791] [info]           * Architectury v13.0.8: Enabled
[2026-08-27 23:22:05.792] [info]           * Athena v4.0.2: Enabled
[2026-08-27 23:22:05.793] [info]           * Advanced Wall Climber API v1.0.2: Enabled
[2026-08-27 23:22:05.795] [info]           * CinematicZoom v0.8.0: Enabled
[2026-08-27 23:22:05.796] [info]           * Cloth Config v15 v15.0.140: Enabled
[2026-08-27 23:22:05.796] [info]           * Cobblemon Additions v4.3.0: Enabled
[2026-08-27 23:22:05.797] [info]           * Cobblemon Battle Extras v1.13.45: Enabled
[2026-08-27 23:22:05.799] [info]           * Cobblemon Challenge v2.4.0: Enabled
[2026-08-27 23:22:05.802] [info]           * Cobblenav v2.3.3: Enabled
[2026-08-27 23:22:05.803] [info]           * CobbleSort v1.0.1: Enabled
[2026-08-27 23:22:05.804] [info]           * Diosesmon Client v1.7.6: Enabled
[2026-08-27 23:22:05.806] [info]           * Emotecraft v2.4.12: Enabled
[2026-08-27 23:22:05.807] [info]           * Enhanced Block Entities v0.10.2+1.21: Enabled
[2026-08-27 23:22:05.808] [info]           * EntityCulling v1.10.5: Enabled
[2026-08-27 23:22:05.809] [info]           * Fabric API v0.116.11+1.21.1: Enabled
[2026-08-27 23:22:05.810] [info]           * Fabric Language Kotlin v1.13.11+kotlin.2.3.21: Enabled
[2026-08-27 23:22:05.812] [info]           * Fast IP Ping v1.0.11: Enabled
[2026-08-27 23:22:05.813] [info]           * FerriteCore v7.0.3: Enabled
[2026-08-27 23:22:05.815] [info]           * Cobblemon Fight or Flight Fabric v0.10.7: Enabled
[2026-08-27 23:22:05.816] [info]           * Fzzy Config v0.7.6+1.21: Enabled
[2026-08-27 23:22:05.819] [info]           * GeckoLib 4 v4.8.4: Enabled
[2026-08-27 23:22:05.820] [info]           * Just Enough Items v19.27.0.340: Enabled
[2026-08-27 23:22:05.821] [info]           * Krypton v0.2.8: Enabled
[2026-08-27 23:22:05.823] [info]           * Language Reload v1.7.6+1.21.1: Enabled
[2026-08-27 23:22:05.824] [info]           * Lithium v0.15.3+mc1.21.1: Enabled
[2026-08-27 23:22:05.825] [info]           * Cobblemon:Mega Showdown v1.8.2+1.7.3+1.21.1-hotfix: Enabled
[2026-08-27 23:22:05.826] [info]           * ModernFix v5.25.1+mc1.21.1: Enabled
[2026-08-27 23:22:05.827] [info]           * Mod Menu v11.0.4: Enabled
[2026-08-27 23:22:05.828] [info]           * More Culling v1.0.7: Enabled
[2026-08-27 23:22:05.829] [info]           * Noxesium v2.3.3+d22848f: Enabled
[2026-08-27 23:22:05.831] [info]           * oωo v0.12.15.4+1.21: Enabled
[2026-08-27 23:22:05.832] [info]           * Packet Fixer v3.3.1: Enabled
[2026-08-27 23:22:05.833] [info]           * Placeholder API v2.4.2+1.21: Enabled
[2026-08-27 23:22:05.834] [info]           * Reese's Sodium Options v1.8.3+mc1.21.4: Enabled
[2026-08-27 23:22:05.835] [info]           * Shulker Box Tooltip v5.1.9+1.21.1: Enabled
[2026-08-27 23:22:05.835] [info]           * Sodium Extra v0.6.0+mc1.21.1: Enabled
[2026-08-27 23:22:05.836] [info]           * Sodium v0.6.13+mc1.21.1: Enabled
[2026-08-27 23:22:05.838] [info]           * ThreadTweak v0.1.5+mc1.21.1: Enabled
[2026-08-27 23:22:05.840] [info]           * ToggleNametags v2.1.1: Enabled
[2026-08-27 23:22:05.841] [info]           * Vanillin v1.1.3+1.21.1: Enabled
[2026-08-27 23:22:05.842] [info]           * Very Many Players v0.2.0+beta.7.172+1.21.1: Enabled
[2026-08-27 23:22:05.844] [info]           * Xaero's Minimap v26.4.2: Enabled
[2026-08-27 23:22:05.845] [info]           * Xaero's World Map v1.44.2: Enabled
[2026-08-27 23:22:05.846] [info]           * zamega v1.7.3: Enabled
[2026-08-27 23:22:07.416] [info]  [Profiles] Loaded 8 resource packs for profile Diosesmon Oficial (ID: 66e9766e-a0c3-4951-b7e4-c8946c428ff5).
[2026-08-27 23:22:07.420] [info]  [Profiles] Loaded 0 shader packs for profile Diosesmon Oficial (ID: 66e9766e-a0c3-4951-b7e4-c8946c428ff5).
[2026-08-27 23:22:07.432] [info]  [Profiles] Checking resolvability of 82 content items...
[2026-08-27 23:22:08.230] [info]  [Profiles] Adding 2 unresolved items to overrides folder...
[2026-08-27 23:22:08.233] [info]  [Profiles] Added mod JeiTweaker-fabric-1.21.1-8.0.jar to overrides/mods/
[2026-08-27 23:22:08.235] [info]  [Profiles] Added mod cobblesort-1.0.1.jar to overrides/mods/
[2026-08-27 23:22:08.262] [info]  [Profiles] Bundled rewind into overrides/
[2026-08-27 23:22:15.114] [info]  [Profiles] Bundled showdown into overrides/
[2026-08-27 23:22:15.179] [info]  [Profiles] Bundled downloads into overrides/
[2026-08-27 23:22:15.818] [info]  [Profiles] Bundled DiosesMonCinematics_natives into overrides/
[2026-08-27 23:22:16.550] [info]  [Profiles] Bundled xaero into overrides/
[2026-08-27 23:22:16.934] [info]  [Profiles] Bundled patchouli_data.json into overrides/
[2026-08-27 23:22:16.937] [info]  [Profiles] Bundled command_history.txt into overrides/
[2026-08-27 23:22:16.940] [info]  [Profiles] Bundled options.txt into overrides/
[2026-08-27 23:22:16.943] [info]  [Profiles] Bundled optionsLC.txt into overrides/
[2026-08-27 23:22:16.945] [info]  [Profiles] Bundled servers.dat_old into overrides/
[2026-08-27 23:22:16.949] [info]  [Profiles] Bundled servers.dat into overrides/
[2026-08-27 23:22:16.952] [info]  [Profiles] Bundled scripts into overrides/
[2026-08-27 23:22:16.955] [info]  [Profiles] Bundled saves into overrides/
[2026-08-27 23:22:16.959] [info]  [Profiles] Bundled patchouli_books into overrides/
[2026-08-27 23:22:16.962] [info]  [Profiles] Bundled overrides into overrides/
[2026-08-27 23:22:16.966] [info]  [Profiles] Bundled moddata into overrides/
[2026-08-27 23:22:16.970] [info]  [Profiles] Bundled emotes into overrides/
[2026-08-27 23:22:16.975] [info]  [Profiles] Bundled defaultconfigs into overrides/
[2026-08-27 23:22:16.977] [info]  [Profiles] Bundled cobblemon-battle-logs into overrides/
[2026-08-27 23:22:16.982] [info]  [Profiles] Bundled cobblenav into overrides/
[2026-08-27 23:22:16.985] [info]  [Profiles] Bundled cobblemon into overrides/
[2026-08-27 23:22:16.991] [info]  [Profiles] Bundled XaeroWaypoints_BACKUP240807 into overrides/
[2026-08-27 23:22:16.994] [info]  [Profiles] Bundled data into overrides/
[2026-08-27 23:22:16.998] [info]  [Profiles] Bundled startup-backup-20260824 into overrides/
[2026-08-27 23:22:17.015] [info]  [Profiles] Bundled default into overrides/
[2026-08-27 23:22:17.018] [info]  [Profiles] Bundled optimization-backup-20260824 into overrides/
[2026-08-27 23:22:17.036] [info]  [Profiles] Bundled performance-backup-20260827 into overrides/
[2026-08-27 23:22:17.059] [info]  [Profiles] Bundled .mixin.out into overrides/
[2026-08-27 23:22:17.062] [info]  [Profiles] Bundled debug into overrides/
[2026-08-27 23:22:17.095] [info]  [Profiles] Bundled game-versions into overrides/
[2026-08-27 23:22:17.529] [info]  [Profiles] Bundled config into overrides/
[2026-08-27 23:22:17.536] [info]  [Profiles] Bundled jfr into overrides/
[2026-08-27 23:22:17.538] [info]  [Profiles] Added icon.png to export
[2026-08-27 23:22:21.966] [debug] [Window] [main] Window focused
[2026-08-27 23:22:31.933] [debug] [Window] [main] Window focused
[2026-08-27 23:23:12.463] [info]  [Profiles] Successfully exported profile Diosesmon Oficial to C:\Users\CARLOS_JR\Downloads\Diosesmon Oficial.lcpack
[2026-08-27 23:26:32.778] [debug] [Window] [main] Window focused
[2026-08-27 23:26:36.275] [info]  [Profiles] Exporting profile Diosesmon Oficial (ID: 66e9766e-a0c3-4951-b7e4-c8946c428ff5)...
[2026-08-27 23:26:40.915] [info]  [Profiles] Read 74 jars for profile Diosesmon Oficial (ID: 66e9766e-a0c3-4951-b7e4-c8946c428ff5, Type: user-modpack, Game Version: 1.21.1):
[2026-08-27 23:26:40.916] [info]           * BadOptimizations v2.4.1: Enabled
[2026-08-27 23:26:40.917] [info]           * Better Fullscreen v2.3.0: Enabled
[2026-08-27 23:26:40.917] [info]           * Better Third Person v1.9.0: Enabled
[2026-08-27 23:26:40.918] [info]           * CobbleFurnies v1.1: Enabled
[2026-08-27 23:26:40.918] [info]           * CobbledollarDummy v1.0.0: Enabled
[2026-08-27 23:26:40.919] [info]           * Cobblemon v1.7.3+1.21.1: Enabled
[2026-08-27 23:26:40.920] [info]           * CobblemonSizeVariation v1.4.0: Enabled
[2026-08-27 23:26:40.921] [info]           * Cobblemon Trials Edition v1.3.1: Enabled
[2026-08-27 23:26:40.922] [info]           * Cobblepedia v0.7.1: Enabled
[2026-08-27 23:26:40.924] [info]           * CraftTweaker v21.0.38: Enabled
[2026-08-27 23:26:40.924] [info]           * CreativeCore v2.13.37: Enabled
[2026-08-27 23:26:40.925] [info]           * Forge Config API Port v21.1.6: Enabled
[2026-08-27 23:26:40.926] [info]           * Iceberg v1.3.2: Enabled
[2026-08-27 23:26:40.927] [info]           * ImmediatelyFast v1.6.10+1.21.1: Enabled
[2026-08-27 23:26:40.928] [info]           * Ixeris v3.8.6+1.21.1-fabric: Enabled
[2026-08-27 23:26:40.929] [info]           * Jade v15.10.5+fabric: Enabled
[2026-08-27 23:26:40.929] [info]           * Jade Addons v6.0.3+fabric: Enabled
[2026-08-27 23:26:40.930] [info]           * JeiTweaker v8.0: Enabled
[2026-08-27 23:26:40.930] [info]           * MoreCobblemonTweaks v1.3.3: Enabled
[2026-08-27 23:26:40.931] [info]           * MossyLib v1.1.0+1.21.1+fabric: Enabled
[2026-08-27 23:26:40.932] [info]           * Mouse Tweaks v2.26: Enabled
[2026-08-27 23:26:40.933] [info]           * No Chat Reports v1.21.1-v2.9.1: Enabled
[2026-08-27 23:26:40.934] [info]           * OctoLib v0.6.1: Enabled
[2026-08-27 23:26:40.935] [info]           * Patchouli v1.21.1-93-FABRIC: Enabled
[2026-08-27 23:26:40.936] [info]           * root project 'Prism' v1.0.11: Enabled
[2026-08-27 23:26:40.937] [info]           * ScalableLux v0.1.0.1+fabric.d0d58ab: Enabled
[2026-08-27 23:26:40.938] [info]           * SimpleTMs v2.3.3: Enabled
[2026-08-27 23:26:40.939] [info]           * Too Many Entities v1.2.0: Enabled
[2026-08-27 23:26:40.940] [info]           * Too Many Players v1.21-1.1.5: Enabled
[2026-08-27 23:26:40.941] [info]           * Accessories v1.1.0-beta.53+1.21.1: Enabled
[2026-08-27 23:26:40.942] [info]           * Architectury v13.0.8: Enabled
[2026-08-27 23:26:40.943] [info]           * Athena v4.0.2: Enabled
[2026-08-27 23:26:40.944] [info]           * Advanced Wall Climber API v1.0.2: Enabled
[2026-08-27 23:26:40.945] [info]           * CinematicZoom v0.8.0: Enabled
[2026-08-27 23:26:40.946] [info]           * Cloth Config v15 v15.0.140: Enabled
[2026-08-27 23:26:40.946] [info]           * Cobblemon Additions v4.3.0: Enabled
[2026-08-27 23:26:40.947] [info]           * Cobblemon Battle Extras v1.13.45: Enabled
[2026-08-27 23:26:40.947] [info]           * Cobblemon Challenge v2.4.0: Enabled
[2026-08-27 23:26:40.948] [info]           * Cobblenav v2.3.3: Enabled
[2026-08-27 23:26:40.948] [info]           * CobbleSort v1.0.1: Enabled
[2026-08-27 23:26:40.948] [info]           * Diosesmon Client v1.7.6: Enabled
[2026-08-27 23:26:40.949] [info]           * Emotecraft v2.4.12: Enabled
[2026-08-27 23:26:40.950] [info]           * Enhanced Block Entities v0.10.2+1.21: Enabled
[2026-08-27 23:26:40.951] [info]           * EntityCulling v1.10.5: Enabled
[2026-08-27 23:26:40.952] [info]           * Fabric API v0.116.11+1.21.1: Enabled
[2026-08-27 23:26:40.953] [info]           * Fabric Language Kotlin v1.13.11+kotlin.2.3.21: Enabled
[2026-08-27 23:26:40.954] [info]           * Fast IP Ping v1.0.11: Enabled
[2026-08-27 23:26:40.955] [info]           * FerriteCore v7.0.3: Enabled
[2026-08-27 23:26:40.957] [info]           * Cobblemon Fight or Flight Fabric v0.10.7: Enabled
[2026-08-27 23:26:40.958] [info]           * Fzzy Config v0.7.6+1.21: Enabled
[2026-08-27 23:26:40.959] [info]           * GeckoLib 4 v4.8.4: Enabled
[2026-08-27 23:26:40.960] [info]           * Just Enough Items v19.27.0.340: Enabled
[2026-08-27 23:26:40.961] [info]           * Krypton v0.2.8: Enabled
[2026-08-27 23:26:40.962] [info]           * Language Reload v1.7.6+1.21.1: Enabled
[2026-08-27 23:26:40.964] [info]           * Lithium v0.15.3+mc1.21.1: Enabled
[2026-08-27 23:26:40.965] [info]           * Cobblemon:Mega Showdown v1.8.2+1.7.3+1.21.1-hotfix: Enabled
[2026-08-27 23:26:40.965] [info]           * ModernFix v5.25.1+mc1.21.1: Enabled
[2026-08-27 23:26:40.966] [info]           * Mod Menu v11.0.4: Enabled
[2026-08-27 23:26:40.967] [info]           * More Culling v1.0.7: Enabled
[2026-08-27 23:26:40.967] [info]           * Noxesium v2.3.3+d22848f: Enabled
[2026-08-27 23:26:40.968] [info]           * oωo v0.12.15.4+1.21: Enabled
[2026-08-27 23:26:40.969] [info]           * Packet Fixer v3.3.1: Enabled
[2026-08-27 23:26:40.970] [info]           * Placeholder API v2.4.2+1.21: Enabled
[2026-08-27 23:26:40.972] [info]           * Reese's Sodium Options v1.8.3+mc1.21.4: Enabled
[2026-08-27 23:26:40.973] [info]           * Shulker Box Tooltip v5.1.9+1.21.1: Enabled
[2026-08-27 23:26:40.974] [info]           * Sodium Extra v0.6.0+mc1.21.1: Enabled
[2026-08-27 23:26:40.975] [info]           * Sodium v0.6.13+mc1.21.1: Enabled
[2026-08-27 23:26:40.976] [info]           * ThreadTweak v0.1.5+mc1.21.1: Enabled
[2026-08-27 23:26:40.977] [info]           * ToggleNametags v2.1.1: Enabled
[2026-08-27 23:26:40.978] [info]           * Vanillin v1.1.3+1.21.1: Enabled
[2026-08-27 23:26:40.979] [info]           * Very Many Players v0.2.0+beta.7.172+1.21.1: Enabled
[2026-08-27 23:26:40.980] [info]           * Xaero's Minimap v26.4.2: Enabled
[2026-08-27 23:26:40.981] [info]           * Xaero's World Map v1.44.2: Enabled
[2026-08-27 23:26:40.982] [info]           * zamega v1.7.3: Enabled
[2026-08-27 23:26:42.350] [info]  [Profiles] Loaded 8 resource packs for profile Diosesmon Oficial (ID: 66e9766e-a0c3-4951-b7e4-c8946c428ff5).
[2026-08-27 23:26:42.353] [info]  [Profiles] Loaded 0 shader packs for profile Diosesmon Oficial (ID: 66e9766e-a0c3-4951-b7e4-c8946c428ff5).
[2026-08-27 23:26:42.361] [info]  [Profiles] Checking resolvability of 82 content items...
[2026-08-27 23:26:42.380] [info]  [Profiles] Adding 2 unresolved items to overrides folder...
[2026-08-27 23:26:42.381] [info]  [Profiles] Added mod JeiTweaker-fabric-1.21.1-8.0.jar to overrides/mods/
[2026-08-27 23:26:42.382] [info]  [Profiles] Added mod cobblesort-1.0.1.jar to overrides/mods/
[2026-08-27 23:26:42.384] [info]  [Profiles] Added icon.png to export
[2026-08-27 23:26:47.918] [debug] [Window] [main] Window focused
[2026-08-27 23:26:48.070] [info]  [Profiles] Export cancelled by user
[2026-08-27 23:28:49.829] [info]  [Updater] Checking for updates...
[2026-08-27 23:28:49.831] [info]           * Current Version: 3.7.16.12965
[2026-08-27 23:28:49.833] [info]           * Channel: latest-ow
[2026-08-27 23:28:49.834] [info]           * URL: https://launcherupdates.lunarclientcdn.com
[2026-08-27 23:28:49.835] [info]           * User Initiated: false
[2026-08-27 23:28:49.949] [info]  [Updater] No updates available.
[2026-08-27 23:28:49.951] [info]  [Updater] Update check returned a result... skipping: {"isUpdateAvailable":false,"versionInfo":{"version":"3.7.16-ow","files":[{"url":"Lunar Client v3.7.16-ow.exe","sha512":"K25vDcT8UO0xbMd4MX5URU+l33+vEILLkpsRkxPMYVfB+yP5gqHGuNWOOGgUOE0gH2g4j+1Mjo9AFnQDC35tng=="}],"path":"Lunar Client v3.7.16-ow.exe","sha512":"K25vDcT8UO0xbMd4MX5URU+l33+vEILLkpsRkxPMYVfB+yP5gqHGuNWOOGgUOE0gH2g4j+1Mjo9AFnQDC35tng==","packages":{"x64":{"size":112473965,"sha512":"f2R8yaxYfUc7t48Bk04LzCImKB27jTxQcAe6RAFE/2lMaHmhsNJCJ47S0XSDCCvUNJp5imIeKLPifHT4z+jt5g==","blockMapSize":116960,"path":"lunarclient-3.7.16-ow-x64.nsis.7z","file":"lunarclient-3.7.16-ow-x64.nsis.7z"}},"releaseDate":"2026-08-24T23:38:30.176Z"},"updateInfo":{"version":"3.7.16-ow","files":[{"url":"Lunar Client v3.7.16-ow.exe","sha512":"K25vDcT8UO0xbMd4MX5URU+l33+vEILLkpsRkxPMYVfB+yP5gqHGuNWOOGgUOE0gH2g4j+1Mjo9AFnQDC35tng=="}],"path":"Lunar Client v3.7.16-ow.exe","sha512":"K25vDcT8UO0xbMd4MX5URU+l33+vEILLkpsRkxPMYVfB+yP5gqHGuNWOOGgUOE0gH2g4j+1Mjo9AFnQDC35tng==","packages":{"x64":{"size":112473965,"sha512":"f2R8yaxYfUc7t48Bk04LzCImKB27jTxQcAe6RAFE/2lMaHmhsNJCJ47S0XSDCCvUNJp5imIeKLPifHT4z+jt5g==","blockMapSize":116960,"path":"lunarclient-3.7.16-ow-x64.nsis.7z","file":"lunarclient-3.7.16-ow-x64.nsis.7z"}},"releaseDate":"2026-08-24T23:38:30.176Z"}}
[2026-08-27 23:32:36.234] [debug] [Window] [main] Window focused
[2026-08-27 23:38:59.574] [debug] [Window] [main] Window focused
[2026-08-27 23:39:02.824] [debug] [Window] [main] Window closing...
[2026-08-27 23:39:02.849] [debug] [Window] [main] Window hidden
[2026-08-27 23:39:56.111] [info]  [Overwolf] [Overlay] Game launched, skipping injection because the feature is currently disabled
[2026-08-27 23:39:56.866] [info]  [Overwolf] [CRN] 'before-notification' event was fired
[2026-08-27 23:40:50.531] [warn]  [Watchdog] Main process event loop stalled for ~1011ms (cpu: ~0ms)
[2026-08-27 23:41:30.738] [warn]  [Watchdog] Main process event loop stalled for ~2881ms (cpu: ~172ms)
[2026-08-27 23:43:49.891] [info]  [Updater] Checking for updates...
[2026-08-27 23:43:49.895] [info]           * Current Version: 3.7.16.12965
[2026-08-27 23:43:49.899] [info]           * Channel: latest-ow
[2026-08-27 23:43:49.903] [info]           * URL: https://launcherupdates.lunarclientcdn.com
[2026-08-27 23:43:49.906] [info]           * User Initiated: false
[2026-08-27 23:43:50.236] [info]  [Updater] No updates available.
[2026-08-27 23:43:50.238] [info]  [Updater] Update check returned a result... skipping: {"isUpdateAvailable":false,"versionInfo":{"version":"3.7.16-ow","files":[{"url":"Lunar Client v3.7.16-ow.exe","sha512":"K25vDcT8UO0xbMd4MX5URU+l33+vEILLkpsRkxPMYVfB+yP5gqHGuNWOOGgUOE0gH2g4j+1Mjo9AFnQDC35tng=="}],"path":"Lunar Client v3.7.16-ow.exe","sha512":"K25vDcT8UO0xbMd4MX5URU+l33+vEILLkpsRkxPMYVfB+yP5gqHGuNWOOGgUOE0gH2g4j+1Mjo9AFnQDC35tng==","packages":{"x64":{"size":112473965,"sha512":"f2R8yaxYfUc7t48Bk04LzCImKB27jTxQcAe6RAFE/2lMaHmhsNJCJ47S0XSDCCvUNJp5imIeKLPifHT4z+jt5g==","blockMapSize":116960,"path":"lunarclient-3.7.16-ow-x64.nsis.7z","file":"lunarclient-3.7.16-ow-x64.nsis.7z"}},"releaseDate":"2026-08-24T23:38:30.176Z"},"updateInfo":{"version":"3.7.16-ow","files":[{"url":"Lunar Client v3.7.16-ow.exe","sha512":"K25vDcT8UO0xbMd4MX5URU+l33+vEILLkpsRkxPMYVfB+yP5gqHGuNWOOGgUOE0gH2g4j+1Mjo9AFnQDC35tng=="}],"path":"Lunar Client v3.7.16-ow.exe","sha512":"K25vDcT8UO0xbMd4MX5URU+l33+vEILLkpsRkxPMYVfB+yP5gqHGuNWOOGgUOE0gH2g4j+1Mjo9AFnQDC35tng==","packages":{"x64":{"size":112473965,"sha512":"f2R8yaxYfUc7t48Bk04LzCImKB27jTxQcAe6RAFE/2lMaHmhsNJCJ47S0XSDCCvUNJp5imIeKLPifHT4z+jt5g==","blockMapSize":116960,"path":"lunarclient-3.7.16-ow-x64.nsis.7z","file":"lunarclient-3.7.16-ow-x64.nsis.7z"}},"releaseDate":"2026-08-24T23:38:30.176Z"}}
[2026-08-27 23:58:49.899] [info]  [Updater] Checking for updates...
[2026-08-27 23:58:49.905] [info]           * Current Version: 3.7.16.12965
[2026-08-27 23:58:49.909] [info]           * Channel: latest-ow
[2026-08-27 23:58:49.911] [info]           * URL: https://launcherupdates.lunarclientcdn.com
[2026-08-27 23:58:49.913] [info]           * User Initiated: false
[2026-08-27 23:58:50.101] [info]  [Updater] No updates available.
[2026-08-27 23:58:50.104] [info]  [Updater] Update check returned a result... skipping: {"isUpdateAvailable":false,"versionInfo":{"version":"3.7.16-ow","files":[{"url":"Lunar Client v3.7.16-ow.exe","sha512":"K25vDcT8UO0xbMd4MX5URU+l33+vEILLkpsRkxPMYVfB+yP5gqHGuNWOOGgUOE0gH2g4j+1Mjo9AFnQDC35tng=="}],"path":"Lunar Client v3.7.16-ow.exe","sha512":"K25vDcT8UO0xbMd4MX5URU+l33+vEILLkpsRkxPMYVfB+yP5gqHGuNWOOGgUOE0gH2g4j+1Mjo9AFnQDC35tng==","packages":{"x64":{"size":112473965,"sha512":"f2R8yaxYfUc7t48Bk04LzCImKB27jTxQcAe6RAFE/2lMaHmhsNJCJ47S0XSDCCvUNJp5imIeKLPifHT4z+jt5g==","blockMapSize":116960,"path":"lunarclient-3.7.16-ow-x64.nsis.7z","file":"lunarclient-3.7.16-ow-x64.nsis.7z"}},"releaseDate":"2026-08-24T23:38:30.176Z"},"updateInfo":{"version":"3.7.16-ow","files":[{"url":"Lunar Client v3.7.16-ow.exe","sha512":"K25vDcT8UO0xbMd4MX5URU+l33+vEILLkpsRkxPMYVfB+yP5gqHGuNWOOGgUOE0gH2g4j+1Mjo9AFnQDC35tng=="}],"path":"Lunar Client v3.7.16-ow.exe","sha512":"K25vDcT8UO0xbMd4MX5URU+l33+vEILLkpsRkxPMYVfB+yP5gqHGuNWOOGgUOE0gH2g4j+1Mjo9AFnQDC35tng==","packages":{"x64":{"size":112473965,"sha512":"f2R8yaxYfUc7t48Bk04LzCImKB27jTxQcAe6RAFE/2lMaHmhsNJCJ47S0XSDCCvUNJp5imIeKLPifHT4z+jt5g==","blockMapSize":116960,"path":"lunarclient-3.7.16-ow-x64.nsis.7z","file":"lunarclient-3.7.16-ow-x64.nsis.7z"}},"releaseDate":"2026-08-24T23:38:30.176Z"}}
[2026-08-28 00:13:50.194] [info]  [Updater] Checking for updates...
[2026-08-28 00:13:50.198] [info]           * Current Version: 3.7.16.12965
[2026-08-28 00:13:50.200] [info]           * Channel: latest-ow
[2026-08-28 00:13:50.201] [info]           * URL: https://launcherupdates.lunarclientcdn.com
[2026-08-28 00:13:50.203] [info]           * User Initiated: false
[2026-08-28 00:13:50.358] [info]  [Updater] No updates available.
[2026-08-28 00:13:50.359] [info]  [Updater] Update check returned a result... skipping: {"isUpdateAvailable":false,"versionInfo":{"version":"3.7.16-ow","files":[{"url":"Lunar Client v3.7.16-ow.exe","sha512":"K25vDcT8UO0xbMd4MX5URU+l33+vEILLkpsRkxPMYVfB+yP5gqHGuNWOOGgUOE0gH2g4j+1Mjo9AFnQDC35tng=="}],"path":"Lunar Client v3.7.16-ow.exe","sha512":"K25vDcT8UO0xbMd4MX5URU+l33+vEILLkpsRkxPMYVfB+yP5gqHGuNWOOGgUOE0gH2g4j+1Mjo9AFnQDC35tng==","packages":{"x64":{"size":112473965,"sha512":"f2R8yaxYfUc7t48Bk04LzCImKB27jTxQcAe6RAFE/2lMaHmhsNJCJ47S0XSDCCvUNJp5imIeKLPifHT4z+jt5g==","blockMapSize":116960,"path":"lunarclient-3.7.16-ow-x64.nsis.7z","file":"lunarclient-3.7.16-ow-x64.nsis.7z"}},"releaseDate":"2026-08-24T23:38:30.176Z"},"updateInfo":{"version":"3.7.16-ow","files":[{"url":"Lunar Client v3.7.16-ow.exe","sha512":"K25vDcT8UO0xbMd4MX5URU+l33+vEILLkpsRkxPMYVfB+yP5gqHGuNWOOGgUOE0gH2g4j+1Mjo9AFnQDC35tng=="}],"path":"Lunar Client v3.7.16-ow.exe","sha512":"K25vDcT8UO0xbMd4MX5URU+l33+vEILLkpsRkxPMYVfB+yP5gqHGuNWOOGgUOE0gH2g4j+1Mjo9AFnQDC35tng==","packages":{"x64":{"size":112473965,"sha512":"f2R8yaxYfUc7t48Bk04LzCImKB27jTxQcAe6RAFE/2lMaHmhsNJCJ47S0XSDCCvUNJp5imIeKLPifHT4z+jt5g==","blockMapSize":116960,"path":"lunarclient-3.7.16-ow-x64.nsis.7z","file":"lunarclient-3.7.16-ow-x64.nsis.7z"}},"releaseDate":"2026-08-24T23:38:30.176Z"}}
[2026-08-28 00:28:50.048] [info]  [Updater] Checking for updates...
[2026-08-28 00:28:50.065] [info]           * Current Version: 3.7.16.12965
[2026-08-28 00:28:50.069] [info]           * Channel: latest-ow
[2026-08-28 00:28:50.080] [info]           * URL: https://launcherupdates.lunarclientcdn.com
[2026-08-28 00:28:50.084] [info]           * User Initiated: false
[2026-08-28 00:28:50.513] [info]  [Updater] No updates available.
[2026-08-28 00:28:50.515] [info]  [Updater] Update check returned a result... skipping: {"isUpdateAvailable":false,"versionInfo":{"version":"3.7.16-ow","files":[{"url":"Lunar Client v3.7.16-ow.exe","sha512":"K25vDcT8UO0xbMd4MX5URU+l33+vEILLkpsRkxPMYVfB+yP5gqHGuNWOOGgUOE0gH2g4j+1Mjo9AFnQDC35tng=="}],"path":"Lunar Client v3.7.16-ow.exe","sha512":"K25vDcT8UO0xbMd4MX5URU+l33+vEILLkpsRkxPMYVfB+yP5gqHGuNWOOGgUOE0gH2g4j+1Mjo9AFnQDC35tng==","packages":{"x64":{"size":112473965,"sha512":"f2R8yaxYfUc7t48Bk04LzCImKB27jTxQcAe6RAFE/2lMaHmhsNJCJ47S0XSDCCvUNJp5imIeKLPifHT4z+jt5g==","blockMapSize":116960,"path":"lunarclient-3.7.16-ow-x64.nsis.7z","file":"lunarclient-3.7.16-ow-x64.nsis.7z"}},"releaseDate":"2026-08-24T23:38:30.176Z"},"updateInfo":{"version":"3.7.16-ow","files":[{"url":"Lunar Client v3.7.16-ow.exe","sha512":"K25vDcT8UO0xbMd4MX5URU+l33+vEILLkpsRkxPMYVfB+yP5gqHGuNWOOGgUOE0gH2g4j+1Mjo9AFnQDC35tng=="}],"path":"Lunar Client v3.7.16-ow.exe","sha512":"K25vDcT8UO0xbMd4MX5URU+l33+vEILLkpsRkxPMYVfB+yP5gqHGuNWOOGgUOE0gH2g4j+1Mjo9AFnQDC35tng==","packages":{"x64":{"size":112473965,"sha512":"f2R8yaxYfUc7t48Bk04LzCImKB27jTxQcAe6RAFE/2lMaHmhsNJCJ47S0XSDCCvUNJp5imIeKLPifHT4z+jt5g==","blockMapSize":116960,"path":"lunarclient-3.7.16-ow-x64.nsis.7z","file":"lunarclient-3.7.16-ow-x64.nsis.7z"}},"releaseDate":"2026-08-24T23:38:30.176Z"}}
[2026-08-28 00:43:50.013] [info]  [Updater] Checking for updates...
[2026-08-28 00:43:50.017] [info]           * Current Version: 3.7.16.12965
[2026-08-28 00:43:50.020] [info]           * Channel: latest-ow
[2026-08-28 00:43:50.022] [info]           * URL: https://launcherupdates.lunarclientcdn.com
[2026-08-28 00:43:50.024] [info]           * User Initiated: false
[2026-08-28 00:43:50.242] [info]  [Updater] No updates available.
[2026-08-28 00:43:50.244] [info]  [Updater] Update check returned a result... skipping: {"isUpdateAvailable":false,"versionInfo":{"version":"3.7.16-ow","files":[{"url":"Lunar Client v3.7.16-ow.exe","sha512":"K25vDcT8UO0xbMd4MX5URU+l33+vEILLkpsRkxPMYVfB+yP5gqHGuNWOOGgUOE0gH2g4j+1Mjo9AFnQDC35tng=="}],"path":"Lunar Client v3.7.16-ow.exe","sha512":"K25vDcT8UO0xbMd4MX5URU+l33+vEILLkpsRkxPMYVfB+yP5gqHGuNWOOGgUOE0gH2g4j+1Mjo9AFnQDC35tng==","packages":{"x64":{"size":112473965,"sha512":"f2R8yaxYfUc7t48Bk04LzCImKB27jTxQcAe6RAFE/2lMaHmhsNJCJ47S0XSDCCvUNJp5imIeKLPifHT4z+jt5g==","blockMapSize":116960,"path":"lunarclient-3.7.16-ow-x64.nsis.7z","file":"lunarclient-3.7.16-ow-x64.nsis.7z"}},"releaseDate":"2026-08-24T23:38:30.176Z"},"updateInfo":{"version":"3.7.16-ow","files":[{"url":"Lunar Client v3.7.16-ow.exe","sha512":"K25vDcT8UO0xbMd4MX5URU+l33+vEILLkpsRkxPMYVfB+yP5gqHGuNWOOGgUOE0gH2g4j+1Mjo9AFnQDC35tng=="}],"path":"Lunar Client v3.7.16-ow.exe","sha512":"K25vDcT8UO0xbMd4MX5URU+l33+vEILLkpsRkxPMYVfB+yP5gqHGuNWOOGgUOE0gH2g4j+1Mjo9AFnQDC35tng==","packages":{"x64":{"size":112473965,"sha512":"f2R8yaxYfUc7t48Bk04LzCImKB27jTxQcAe6RAFE/2lMaHmhsNJCJ47S0XSDCCvUNJp5imIeKLPifHT4z+jt5g==","blockMapSize":116960,"path":"lunarclient-3.7.16-ow-x64.nsis.7z","file":"lunarclient-3.7.16-ow-x64.nsis.7z"}},"releaseDate":"2026-08-24T23:38:30.176Z"}}
[2026-08-28 00:58:50.303] [info]  [Updater] Checking for updates...
[2026-08-28 00:58:50.309] [info]           * Current Version: 3.7.16.12965
[2026-08-28 00:58:50.310] [info]           * Channel: latest-ow
[2026-08-28 00:58:50.312] [info]           * URL: https://launcherupdates.lunarclientcdn.com
[2026-08-28 00:58:50.314] [info]           * User Initiated: false
[2026-08-28 00:58:50.609] [info]  [Updater] No updates available.
[2026-08-28 00:58:50.612] [info]  [Updater] Update check returned a result... skipping: {"isUpdateAvailable":false,"versionInfo":{"version":"3.7.16-ow","files":[{"url":"Lunar Client v3.7.16-ow.exe","sha512":"K25vDcT8UO0xbMd4MX5URU+l33+vEILLkpsRkxPMYVfB+yP5gqHGuNWOOGgUOE0gH2g4j+1Mjo9AFnQDC35tng=="}],"path":"Lunar Client v3.7.16-ow.exe","sha512":"K25vDcT8UO0xbMd4MX5URU+l33+vEILLkpsRkxPMYVfB+yP5gqHGuNWOOGgUOE0gH2g4j+1Mjo9AFnQDC35tng==","packages":{"x64":{"size":112473965,"sha512":"f2R8yaxYfUc7t48Bk04LzCImKB27jTxQcAe6RAFE/2lMaHmhsNJCJ47S0XSDCCvUNJp5imIeKLPifHT4z+jt5g==","blockMapSize":116960,"path":"lunarclient-3.7.16-ow-x64.nsis.7z","file":"lunarclient-3.7.16-ow-x64.nsis.7z"}},"releaseDate":"2026-08-24T23:38:30.176Z"},"updateInfo":{"version":"3.7.16-ow","files":[{"url":"Lunar Client v3.7.16-ow.exe","sha512":"K25vDcT8UO0xbMd4MX5URU+l33+vEILLkpsRkxPMYVfB+yP5gqHGuNWOOGgUOE0gH2g4j+1Mjo9AFnQDC35tng=="}],"path":"Lunar Client v3.7.16-ow.exe","sha512":"K25vDcT8UO0xbMd4MX5URU+l33+vEILLkpsRkxPMYVfB+yP5gqHGuNWOOGgUOE0gH2g4j+1Mjo9AFnQDC35tng==","packages":{"x64":{"size":112473965,"sha512":"f2R8yaxYfUc7t48Bk04LzCImKB27jTxQcAe6RAFE/2lMaHmhsNJCJ47S0XSDCCvUNJp5imIeKLPifHT4z+jt5g==","blockMapSize":116960,"path":"lunarclient-3.7.16-ow-x64.nsis.7z","file":"lunarclient-3.7.16-ow-x64.nsis.7z"}},"releaseDate":"2026-08-24T23:38:30.176Z"}}
[2026-08-29 14:01:04.439] [info]  [Electron] Starting application...
[2026-08-29 14:01:04.442] [info]  [Electron] Lunar Client directory permissions: 666
[2026-08-29 14:01:04.444] [info]  [Electron] Resources path: C:\Users\CARLOS_JR\AppData\Local\Programs\Lunar Client\resources
[2026-08-29 14:01:04.446] [info]  [Electron] Crashdumps path: C:\Users\CARLOS_JR\AppData\Roaming\lunarclient\Crashpad
[2026-08-29 14:01:04.535] [info]  [Electron] Launcher is running with standard permissions.
[2026-08-29 14:01:04.550] [info]  [Identifiers] Installation ID found, ID: bc6a3018-85a4-47b1-9ac9-b04a5a4cf48e
[2026-08-29 14:01:04.556] [info]  [Identifiers] Installation ID first seen at: 2026-07-31T15:25:34.410Z
[2026-08-29 14:01:04.559] [info]  [Electron] Overwolf MUID: 45bcb4ce-2aed-422f-843e-955bc85343b3
[2026-08-29 14:01:04.560] [info]  [Electron] Starting Lunar Client Launcher...
[2026-08-29 14:01:04.561] [info]           * Session ID: fbde1b03-7983-4517-a353-85f8d2b1d105
[2026-08-29 14:01:04.562] [info]           * Operating System: win32 x64 10.0.26200
[2026-08-29 14:01:04.563] [info]           * Electron Version: 39.8.12 (Chrome v142.0.7444.265, Node v22.22.1)
[2026-08-29 14:01:04.563] [info]           * Binaries Type: @overwolf/ow-electron
[2026-08-29 14:01:04.564] [info]           * Version: 3.7.16
[2026-08-29 14:01:04.565] [info]           * Stream: latest-ow
[2026-08-29 14:01:04.566] [info]           * Branch: master
[2026-08-29 14:01:04.567] [info]           * Build Number: 12965
[2026-08-29 14:01:04.568] [info]           * Commit Hash: 218f614c33c57017dab2b661a5c3f019ed489648
[2026-08-29 14:01:04.569] [info]           * Short Commit Hash: 218f614
[2026-08-29 14:01:04.571] [info]           * Overwolf App UID: N/A
[2026-08-29 14:01:04.577] [info]  [Sentry] Initializing Sentry in main process...
[2026-08-29 14:01:04.578] [info]           * DSN: https://2b19802000444b71b53899a26418c0ef@o923049.ingest.sentry.io/6029601
[2026-08-29 14:01:04.580] [info]           * Sample Rate: 0.05
[2026-08-29 14:01:04.580] [info]           * Traces Sample rate: 0.01
[2026-08-29 14:01:04.581] [info]           * Debug: disabled
[2026-08-29 14:01:04.582] [info]           * Trace ID: 2b20367071de06ab4035ac2fcd044058
[2026-08-29 14:01:04.583] [info]           * Environment: production
[2026-08-29 14:01:04.584] [info]           * Spotlight: disabled
[2026-08-29 14:01:04.737] [info]  [Store] Initializing redux store (dev tools: disabled)...
[2026-08-29 14:01:04.743] [info]  [Store] Initialized redux store (auth,badges,cosmetics,deviceCodeAuth,embeddedBrowser,emotes,metadata,friends,installQueue,launch,logUpload,notifications,profiles,servers,settings,socials,updater,styngr,misc,conversations)
[2026-08-29 14:01:04.915] [info]  [DB] Schema up to date (2 migration(s))
[2026-08-29 14:01:04.916] [info]  [DB] Initialized at C:\Users\CARLOS_JR\.lunarclient\db\profiles.db
[2026-08-29 14:01:04.918] [info]  [Settings] Initialising store on path: C:\Users\CARLOS_JR\.lunarclient\settings
[2026-08-29 14:01:05.006] [info]  [Settings] Sent initial settings payload to redux
[2026-08-29 14:01:05.257] [info]  [Cache] Initialising store on path: C:\Users\CARLOS_JR\.lunarclient\settings
[2026-08-29 14:01:05.263] [info]  [Settings] Migrating cache.json from 0.0.0 to 3.2.10
[2026-08-29 14:01:05.336] [info]  [Cache] Cache store initialised.
[2026-08-29 14:01:05.337] [info]  [Cache] Cache loaded.
[2026-08-29 14:01:05.340] [info]  [Electron] Setting up protocol (non-default app)...
[2026-08-29 14:01:05.341] [info]  [Electron] Hardware acceleration: enabled
[2026-08-29 14:01:05.354] [info]  [Electron] Disabling ads optimization...
[2026-08-29 14:01:05.356] [info]  [Electron] Attempting to run app entrypoint...
[2026-08-29 14:01:06.841] [info]  [Electron] Ready signal received.
[2026-08-29 14:01:06.851] [info]  [Electron] Production mode detected.
[2026-08-29 14:01:06.854] [info]  [Electron] Setting up login options... (with startup setting: CLOSED)
[2026-08-29 14:01:06.911] [debug] [Electron] Overwolf UTM params: {"hashParams":{},"source":"client-site","medium":"download-page","campaign":"direct","referrer":"www.lunarclient.com"}
[2026-08-29 14:01:07.015] [info]  [Window] Setting up (Silent startup: false)...
[2026-08-29 14:01:07.117] [warn]  [Permissions] Denied 'media' requested by: 
[2026-08-29 14:01:07.118] [warn]  [Permissions] Denied 'media' requested by: 
[2026-08-29 14:01:07.119] [warn]  [Permissions] Denied 'geolocation' requested by: 
[2026-08-29 14:01:07.120] [warn]  [Permissions] Denied 'window-management' requested by: 
[2026-08-29 14:01:07.156] [info]  [Window] [main] Loading file: C:\Users\CARLOS_JR\AppData\Local\Programs\Lunar Client\resources\app.asar\dist\html\main.html#/guest
[2026-08-29 14:01:07.191] [info]  [Window] Setup complete!
[2026-08-29 14:01:07.197] [info]  [Module] Setting up...
[2026-08-29 14:01:07.226] [info]  [Module] Starting assetserver
[2026-08-29 14:01:07.227] [info]  [Module] Started assetserver
[2026-08-29 14:01:07.229] [info]  [Module] Starting auth
[2026-08-29 14:01:07.233] [info]  [Auth] Initializing authentication...
[2026-08-29 14:01:07.238] [info]  [Module] Started auth
[2026-08-29 14:01:07.239] [info]  [Module] Starting badlion
[2026-08-29 14:01:07.241] [info]  [Badlion] Starting Badlion initialization
[2026-08-29 14:01:07.242] [info]  [Badlion] Badlion appdata exists: false, Downloaded from Badlion: false
[2026-08-29 14:01:07.243] [info]  [Badlion] Should opt in to Badlion services: false
[2026-08-29 14:01:07.244] [info]  [Module] Started badlion
[2026-08-29 14:01:07.246] [info]  [Module] Starting metadata
[2026-08-29 14:01:07.249] [info]  [Metadata] Loading game profile: 66e9766e-a0c3-4951-b7e4-c8946c428ff5
[2026-08-29 14:01:07.256] [info]  [Module] Started metadata
[2026-08-29 14:01:07.258] [info]  [Module] Starting satellite
[2026-08-29 14:01:07.260] [info]  [Module] Started satellite
[2026-08-29 14:01:07.261] [info]  [Module] Starting profiles
[2026-08-29 14:01:07.264] [info]  [Profiles] Loading profiles...
[2026-08-29 14:01:07.266] [info]  [Module] Started profiles
[2026-08-29 14:01:07.268] [info]  [Module] Starting modrinth
[2026-08-29 14:01:07.269] [info]  [Module] Started modrinth
[2026-08-29 14:01:07.271] [info]  [Module] Starting curseforge
[2026-08-29 14:01:07.272] [info]  [Module] Started curseforge
[2026-08-29 14:01:07.273] [info]  [Module] Starting external-import
[2026-08-29 14:01:07.275] [info]  [Module] Started external-import
[2026-08-29 14:01:07.276] [info]  [Module] Starting installs
[2026-08-29 14:01:07.277] [info]  [Module] Started installs
[2026-08-29 14:01:07.278] [info]  [Module] Starting launch
[2026-08-29 14:01:07.280] [info]  [Module] Started launch
[2026-08-29 14:01:07.281] [info]  [Module] Starting gameipc
[2026-08-29 14:01:07.283] [info]  [GameIPC] Using WebSocketServer directly
[2026-08-29 14:01:07.286] [info]  [Module] Started gameipc
[2026-08-29 14:01:07.287] [info]  [Module] Starting connection
[2026-08-29 14:01:07.289] [info]  [Module] Started connection
[2026-08-29 14:01:07.290] [info]  [Module] Starting hosts-check
[2026-08-29 14:01:07.291] [info]  [Module] Started hosts-check
[2026-08-29 14:01:07.293] [info]  [Module] Starting deeplink
[2026-08-29 14:01:07.296] [info]  [Module] Started deeplink
[2026-08-29 14:01:07.297] [info]  [Module] Starting discord
[2026-08-29 14:01:07.302] [info]  [Module] Started discord
[2026-08-29 14:01:07.303] [info]  [Module] Starting socials
[2026-08-29 14:01:07.304] [info]  [Module] Started socials
[2026-08-29 14:01:07.306] [info]  [Module] Starting styngr
[2026-08-29 14:01:07.307] [info]  [Module] Started styngr
[2026-08-29 14:01:07.308] [info]  [Module] Starting notifications
[2026-08-29 14:01:07.310] [info]  [Module] Started notifications
[2026-08-29 14:01:07.312] [info]  [Module] Starting cosmetics
[2026-08-29 14:01:07.317] [info]  [Module] Started cosmetics
[2026-08-29 14:01:07.318] [info]  [Module] Starting promotions
[2026-08-29 14:01:07.319] [info]  [Module] Started promotions
[2026-08-29 14:01:07.321] [info]  [Module] Starting logs
[2026-08-29 14:01:07.322] [info]  [Module] Started logs
[2026-08-29 14:01:07.324] [info]  [Module] Starting logupload
[2026-08-29 14:01:07.325] [info]  [Module] Started logupload
[2026-08-29 14:01:07.326] [info]  [Module] Starting checkout
[2026-08-29 14:01:07.327] [info]  [Module] Started checkout
[2026-08-29 14:01:07.329] [info]  [Module] Starting overwolf
[2026-08-29 14:01:07.331] [info]  [Module] Started overwolf
[2026-08-29 14:01:07.332] [info]  [Module] Starting servers
[2026-08-29 14:01:07.333] [info]  [Module] Started servers
[2026-08-29 14:01:07.335] [info]  [Module] Starting worlds
[2026-08-29 14:01:07.336] [info]  [Module] Started worlds
[2026-08-29 14:01:07.337] [info]  [Module] Starting screenshots
[2026-08-29 14:01:07.339] [info]  [Module] Started screenshots
[2026-08-29 14:01:07.340] [info]  [Module] Successfully setup 28 modules!
[2026-08-29 14:01:07.344] [info]  [Log Retention] Applying log retention policy: ONE_WEEK. Deleting logs older than 7 days.
[2026-08-29 14:01:07.346] [error] [Log Retention] No profile found, skipping cleanup.
[2026-08-29 14:01:07.352] [info]  [Profiles] Registering directory watcher at C:\Users\CARLOS_JR\.lunarclient\profiles...
[2026-08-29 14:01:07.361] [info]  [Updater] Checking for updates...
[2026-08-29 14:01:07.363] [info]           * Current Version: 3.7.16.12965
[2026-08-29 14:01:07.366] [info]           * Channel: latest-ow
[2026-08-29 14:01:07.368] [info]           * URL: https://launcherupdates.lunarclientcdn.com
[2026-08-29 14:01:07.370] [info]           * User Initiated: false
[2026-08-29 14:01:07.386] [info]  [GameIPC] Server listening on port 28190
[2026-08-29 14:01:07.403] [info]  [Profiles] Found 4 profiles in SQLite
[2026-08-29 14:01:07.407] [info]  [Profiles] Loaded profile Minecraft 26 (ID: 862e3fe1-3710-48b1-b677-390765926149)
[2026-08-29 14:01:07.423] [info]  [Electron] Auto-launch has been detected as disabled
[2026-08-29 14:01:07.451] [debug] [Window] [main] Window focused
[2026-08-29 14:01:07.502] [info]  [Profiles] Loaded profile JUNIOR_ (ID: ca09900b-3645-4e81-8129-aa5e00073a6a)
[2026-08-29 14:01:07.516] [info]  [Auth] Account Junior_00 is currently active
[2026-08-29 14:01:07.560] [warn]  [Profiles] No featured image file found for profile Diosesmon Oficial (ID: 66e9766e-a0c3-4951-b7e4-c8946c428ff5)
[2026-08-29 14:01:07.562] [info]  [Profiles] Loaded profile Diosesmon Oficial (ID: 66e9766e-a0c3-4951-b7e4-c8946c428ff5)
[2026-08-29 14:01:08.370] [info]  [Metadata] Badlion versions metadata fetched successfully
[2026-08-29 14:01:08.412] [info]  [DiscordRP] Client has connected!
[2026-08-29 14:01:08.418] [warn]  [Profiles] No featured image file found for profile Diosesmon Oficial (ID: 66e9766e-a0c3-4951-b7e4-c8946c428ff5)
[2026-08-29 14:01:08.420] [info]  [Profiles] Loaded profile Diosesmon Oficial (ID: 66e9766e-a0c3-4951-b7e4-c8946c428ff5)
[2026-08-29 14:01:08.436] [info]  [Auth] Validating account Junior_00 owns Minecraft...
[2026-08-29 14:01:08.439] [info]  [Auth] Refreshing profile for account Junior_00...
[2026-08-29 14:01:08.441] [info]  [Auth] Fetching new Minecraft access token using the refresh token...
[2026-08-29 14:01:08.470] [warn]  [Profiles] No icon file found for profile MCC Island for Lunar Client (ID: 67380c89-129f-43ea-96eb-7cd979e24a9a)
[2026-08-29 14:01:08.471] [warn]  [Profiles] No featured image file found for profile MCC Island for Lunar Client (ID: 67380c89-129f-43ea-96eb-7cd979e24a9a)
[2026-08-29 14:01:08.475] [info]  [Profiles] Loaded profile MCC Island for Lunar Client (ID: 67380c89-129f-43ea-96eb-7cd979e24a9a)
[2026-08-29 14:01:08.476] [info]  [Profiles] Loaded 4 profiles (0 virtual, 4 saved)
[2026-08-29 14:01:08.479] [info]  [Metadata] Setting up virtual profiles
[2026-08-29 14:01:08.482] [info]  [Metadata] Profile selected, using Diosesmon Oficial (ID: 66e9766e-a0c3-4951-b7e4-c8946c428ff5, type: user-modpack, version: 1.21.1)...
[2026-08-29 14:01:08.483] [info]  [Metadata] Cleaning up profile modules...
[2026-08-29 14:01:08.485] [info]  [Metadata] No profiles were found to have bad modules!
[2026-08-29 14:01:08.520] [info]  [Updater] No updates available.
[2026-08-29 14:01:08.523] [info]  [Updater] Update check returned a result... skipping: {"isUpdateAvailable":false,"versionInfo":{"version":"3.7.16-ow","files":[{"url":"Lunar Client v3.7.16-ow.exe","sha512":"K25vDcT8UO0xbMd4MX5URU+l33+vEILLkpsRkxPMYVfB+yP5gqHGuNWOOGgUOE0gH2g4j+1Mjo9AFnQDC35tng=="}],"path":"Lunar Client v3.7.16-ow.exe","sha512":"K25vDcT8UO0xbMd4MX5URU+l33+vEILLkpsRkxPMYVfB+yP5gqHGuNWOOGgUOE0gH2g4j+1Mjo9AFnQDC35tng==","packages":{"x64":{"size":112473965,"sha512":"f2R8yaxYfUc7t48Bk04LzCImKB27jTxQcAe6RAFE/2lMaHmhsNJCJ47S0XSDCCvUNJp5imIeKLPifHT4z+jt5g==","blockMapSize":116960,"path":"lunarclient-3.7.16-ow-x64.nsis.7z","file":"lunarclient-3.7.16-ow-x64.nsis.7z"}},"releaseDate":"2026-08-24T23:38:30.176Z"},"updateInfo":{"version":"3.7.16-ow","files":[{"url":"Lunar Client v3.7.16-ow.exe","sha512":"K25vDcT8UO0xbMd4MX5URU+l33+vEILLkpsRkxPMYVfB+yP5gqHGuNWOOGgUOE0gH2g4j+1Mjo9AFnQDC35tng=="}],"path":"Lunar Client v3.7.16-ow.exe","sha512":"K25vDcT8UO0xbMd4MX5URU+l33+vEILLkpsRkxPMYVfB+yP5gqHGuNWOOGgUOE0gH2g4j+1Mjo9AFnQDC35tng==","packages":{"x64":{"size":112473965,"sha512":"f2R8yaxYfUc7t48Bk04LzCImKB27jTxQcAe6RAFE/2lMaHmhsNJCJ47S0XSDCCvUNJp5imIeKLPifHT4z+jt5g==","blockMapSize":116960,"path":"lunarclient-3.7.16-ow-x64.nsis.7z","file":"lunarclient-3.7.16-ow-x64.nsis.7z"}},"releaseDate":"2026-08-24T23:38:30.176Z"}}
[2026-08-29 14:01:08.583] [warn]  [Permissions] Denied 'media' requested by: 
[2026-08-29 14:01:08.585] [warn]  [Permissions] Denied 'media' requested by: 
[2026-08-29 14:01:08.586] [warn]  [Permissions] Denied 'geolocation' requested by: 
[2026-08-29 14:01:08.587] [warn]  [Permissions] Denied 'window-management' requested by: 
[2026-08-29 14:01:08.860] [info]  [Metadata] Terms 'privacy' accepted automatically...
[2026-08-29 14:01:08.861] [info]           * Reason: Older than install date
[2026-08-29 14:01:08.862] [info]           * Hash: 0adbe35120db93cdc0b3ff0e5cbd11387bedb125
[2026-08-29 14:01:08.863] [info]           * Updated At: 2025-10-16T00:00:00.000Z
[2026-08-29 14:01:08.889] [info]  [Metadata] Terms 'terms' accepted automatically...
[2026-08-29 14:01:08.890] [info]           * Reason: Older than install date
[2026-08-29 14:01:08.891] [info]           * Hash: 0adbe35120db93cdc0b3ff0e5cbd11387bedb125
[2026-08-29 14:01:08.892] [info]           * Updated At: 2025-10-16T00:00:00.000Z
[2026-08-29 14:01:08.901] [info]  [Metadata] Misc metadata fetched successfully
[2026-08-29 14:01:08.903] [info]  [Metadata] Feature Flags enabled: ServersCTA, SocialMessaging, LunarOAuthApp, SelectModpack, EmbeddedBrowserOpens, ExternalLinkSSO, HomeAdOverwolf, MissionControlAdOverwolf, AMDDriverFix, ExploreModsAdOverwolf, MissionControlTopAdOverwolf, OverwolfCRN, HomeTopAdOverwolf, VersionsCreateProfile
[2026-08-29 14:01:08.904] [info]  [Metadata] Feature Flags disabled: ProfileModsExploreCTA, LoaderVersionSetting, InstallVCRedistributable, OverwolfOverlay, TopbarOutplayedPromotion
[2026-08-29 14:01:08.906] [info]  [Metadata] Updater stream channel and URL are the same as before, skipping...
[2026-08-29 14:01:08.908] [info]  [Metadata] Checking cache for language es_ES with remote hash 8f46e49889e93b6bf3f73b7fe8dcafd6bb24f562
[2026-08-29 14:01:08.938] [info]  [Metadata] Language es_ES is already cached, skipping...
[2026-08-29 14:01:08.939] [info]  [Metadata] Languages successfully processed, sending updates...
[2026-08-29 14:01:08.944] [info]  [DiscordRP] Updating activity status...
[2026-08-29 14:01:08.979] [info]  [Metadata] Layout metadata fetched successfully
[2026-08-29 14:01:09.020] [info]  [Metadata] Lunar versions metadata fetched successfully
[2026-08-29 14:01:09.073] [info]  [Metadata] Vanilla versions metadata fetched successfully
[2026-08-29 14:01:09.081] [info]  [Metadata] Setting up virtual profiles
[2026-08-29 14:01:09.119] [info]  [Metadata] Profile selected, using Diosesmon Oficial (ID: 66e9766e-a0c3-4951-b7e4-c8946c428ff5, type: user-modpack, version: 1.21.1)...
[2026-08-29 14:01:09.121] [info]  [Metadata] Cleaning up profile modules...
[2026-08-29 14:01:09.123] [info]  [Metadata] No profiles were found to have bad modules!
[2026-08-29 14:01:09.424] [info]  [Sentry] Initializing Sentry in app renderer...
[2026-08-29 14:01:09.427] [info]           * DSN: https://2b19802000444b71b53899a26418c0ef@o923049.ingest.sentry.io/6029601
[2026-08-29 14:01:09.427] [info]           * Sample rate: 0.05
[2026-08-29 14:01:09.428] [info]           * Traces Sample rate: 0.01
[2026-08-29 14:01:09.428] [info]           * Debug: disabled
[2026-08-29 14:01:09.428] [info]           * ANR: disabled
[2026-08-29 14:01:09.428] [info]           * Environment: production
[2026-08-29 14:01:09.492] [warn]  [Permissions] Denied 'media' requested by: file:///
[2026-08-29 14:01:09.493] [warn]  [Permissions] Denied 'media' requested by: file:///
[2026-08-29 14:01:09.494] [warn]  [Permissions] Denied 'geolocation' requested by: file:///
[2026-08-29 14:01:09.496] [warn]  [Permissions] Denied 'window-management' requested by: file:///
[2026-08-29 14:01:09.676] [info]  [Window] Renderer ready for window 'main'
[2026-08-29 14:01:15.130] [warn]  [Watchdog] Main process event loop stalled for ~2550ms (cpu: ~562ms)
[2026-08-29 14:01:15.138] [info]  [Overwolf] Received ready signal for overlay v2.0.10
[2026-08-29 14:01:15.153] [info]  [Overwolf] Received ready signal for crn v279.0.3
[2026-08-29 14:01:15.194] [warn]  [Permissions] Denied 'media' requested by: file:///
[2026-08-29 14:01:15.195] [warn]  [Permissions] Denied 'media' requested by: file:///
[2026-08-29 14:01:15.196] [warn]  [Permissions] Denied 'geolocation' requested by: file:///
[2026-08-29 14:01:15.197] [warn]  [Permissions] Denied 'window-management' requested by: file:///
[2026-08-29 14:01:15.204] [info]  [Auth] Minecraft login successful, profile refresh complete. Updating accounts file with new access token and expiry...
[2026-08-29 14:01:15.235] [info]  [Auth] Saving accounts file...
[2026-08-29 14:01:15.239] [info]  [Auth] Accounts file successfully updated with refreshed access token for account Junior_00.
[2026-08-29 14:01:15.571] [info]  [Auth] Account Junior_00 successfully validated to own Minecraft, proceeding with profile retrieval...
[2026-08-29 14:01:15.896] [warn]  [Permissions] Denied 'media' requested by: file:///
[2026-08-29 14:01:15.897] [warn]  [Permissions] Denied 'media' requested by: file:///
[2026-08-29 14:01:15.898] [warn]  [Permissions] Denied 'geolocation' requested by: file:///
[2026-08-29 14:01:15.899] [warn]  [Permissions] Denied 'window-management' requested by: file:///
[2026-08-29 14:01:15.905] [info]  [Auth] Successfully retrieved Minecraft profile for account Junior_00, checking multiplayer privileges...
[2026-08-29 14:01:15.907] [info]  [Auth] Successfully validated account Junior_00 owns Minecraft, checking banned status...
[2026-08-29 14:01:15.909] [info]  [Auth] Account Junior_00 has multiplayer access and is not banned, proceeding with login...
[2026-08-29 14:01:15.914] [info]  [AssetServer] No reconnect JWT available, going to Authenticator...
[2026-08-29 14:01:15.921] [info]  [AssetServer] Registered 42 push handlers
[2026-08-29 14:01:15.928] [info]  [Auth] [Authenticator] Getting Lunar Client Token for Junior_00 (aa35297e424044cb8b676659959d35eb). Initiator is LAUNCHER_WEBSOCKET
[2026-08-29 14:01:15.930] [info]  [Auth] [Authenticator] No cached token found for Junior_00 (aa35297e424044cb8b676659959d35eb), requesting new token...
[2026-08-29 14:01:16.075] [info]  [Auth] [Authenticator] Connection opened for Junior_00 (aa35297e424044cb8b676659959d35eb)
[2026-08-29 14:01:16.133] [info]  [Auth] [Authenticator] Creating Minecraft session for Junior_00 (aa35297e424044cb8b676659959d35eb)...
[2026-08-29 14:01:16.570] [info]  [Auth] [Authenticator] Created Minecraft session for Junior_00 (aa35297e424044cb8b676659959d35eb)
[2026-08-29 14:01:16.669] [info]  [Styngr] [Player] Binding event listeners to audio element...
[2026-08-29 14:01:16.816] [info]  [Auth] [Authenticator] Got Lunar Client Token for Junior_00 (aa35297e424044cb8b676659959d35eb)
[2026-08-29 14:01:16.948] [info]  [Auth] [Authenticator] Connection disconnected for Junior_00 (aa35297e424044cb8b676659959d35eb)
[2026-08-29 14:01:16.950] [info]  [Auth] [Authenticator] Code: 1000 - Reason: Issued.
[2026-08-29 14:01:17.183] [info]  [AssetServer] Connection opened!
[2026-08-29 14:01:17.186] [info]  [AssetServer] Sending initial connection handshake
[2026-08-29 14:01:17.188] [info]  [AssetServer] Starting service logins in parallel...
[2026-08-29 14:01:17.271] [info]  [AssetServer] Received session ID: 1fd1b260-9a81-4478-a437-676408c4521a
[2026-08-29 14:01:17.282] [info]  [Settings] Setting socials-visibility to 1...
[2026-08-29 14:01:17.299] [info]  [Settings] Setting default-screenshot-upload-privacy to 2...
[2026-08-29 14:01:17.311] [info]  [Settings] Setting incoming-gift-privacy to 1...
[2026-08-29 14:01:17.323] [info]  [Settings] Setting wrapped-leaderboard-visibility to 1...
[2026-08-29 14:01:17.339] [info]  [Settings] Setting cosmetic-ownership-visibility to 1...
[2026-08-29 14:01:17.356] [info]  [Settings] Setting allow-friend-requests to true...
[2026-08-29 14:01:17.368] [info]  [Settings] Setting last-seen-visibility to 1...
[2026-08-29 14:01:17.390] [info]  [Promotions] Corner promotion exempt? false
[2026-08-29 14:01:17.392] [info]  [Settings] Setting radio-playing-visibility to 1...
[2026-08-29 14:01:17.407] [info]  [AssetServer] Completed service logins!
[2026-08-29 14:01:17.437] [warn]  [Permissions] Denied 'media' requested by: file:///
[2026-08-29 14:01:17.439] [warn]  [Permissions] Denied 'media' requested by: file:///
[2026-08-29 14:01:17.440] [warn]  [Permissions] Denied 'geolocation' requested by: file:///
[2026-08-29 14:01:17.441] [warn]  [Permissions] Denied 'window-management' requested by: file:///
[2026-08-29 14:01:17.489] [warn]  [Permissions] Denied 'media' requested by: 
[2026-08-29 14:01:17.490] [warn]  [Permissions] Denied 'media' requested by: 
[2026-08-29 14:01:17.491] [warn]  [Permissions] Denied 'geolocation' requested by: 
[2026-08-29 14:01:17.493] [warn]  [Permissions] Denied 'window-management' requested by: 
[2026-08-29 14:01:21.854] [info]  [Window] Rewriting /versions to /versions/modpacks...
[2026-08-29 14:01:21.868] [warn]  [Permissions] Denied 'media' requested by: file:///
[2026-08-29 14:01:21.870] [warn]  [Permissions] Denied 'media' requested by: file:///
[2026-08-29 14:01:21.871] [warn]  [Permissions] Denied 'geolocation' requested by: file:///
[2026-08-29 14:01:21.872] [warn]  [Permissions] Denied 'window-management' requested by: file:///
[2026-08-29 14:01:23.090] [error] [Window] [main] [Console] Access to image at 'lc-asset://profile/66e9766e-a0c3-4951-b7e4-c8946c428ff5/icon?v=1787887047100.3083' from origin 'file://' has been blocked by CORS policy: Cross origin requests are only supported for protocol schemes: chrome, chrome-extension, chrome-untrusted, data, http, https, sentry-ipc.
[2026-08-29 14:01:23.093] [error] [Window] [main] [Console] Access to image at 'lc-asset://profile/ca09900b-3645-4e81-8129-aa5e00073a6a/icon?v=1778521797761.5867' from origin 'file://' has been blocked by CORS policy: Cross origin requests are only supported for protocol schemes: chrome, chrome-extension, chrome-untrusted, data, http, https, sentry-ipc.
[2026-08-29 14:01:31.636] [info]  [Profiles] Read 74 jars for profile Diosesmon Oficial (ID: 66e9766e-a0c3-4951-b7e4-c8946c428ff5, Type: user-modpack, Game Version: 1.21.1):
[2026-08-29 14:01:31.638] [info]           * BadOptimizations v2.4.1: Enabled
[2026-08-29 14:01:31.638] [info]           * Better Fullscreen v2.3.0: Enabled
[2026-08-29 14:01:31.639] [info]           * Better Third Person v1.9.0: Enabled
[2026-08-29 14:01:31.640] [info]           * CobbleFurnies v1.1: Enabled
[2026-08-29 14:01:31.641] [info]           * CobbledollarDummy v1.0.0: Enabled
[2026-08-29 14:01:31.642] [info]           * Cobblemon v1.7.3+1.21.1: Enabled
[2026-08-29 14:01:31.643] [info]           * CobblemonSizeVariation v1.4.0: Enabled
[2026-08-29 14:01:31.644] [info]           * Cobblemon Trials Edition v1.3.1: Enabled
[2026-08-29 14:01:31.645] [info]           * Cobblepedia v0.7.1: Enabled
[2026-08-29 14:01:31.646] [info]           * CraftTweaker v21.0.38: Enabled
[2026-08-29 14:01:31.647] [info]           * CreativeCore v2.13.37: Enabled
[2026-08-29 14:01:31.647] [info]           * Forge Config API Port v21.1.6: Enabled
[2026-08-29 14:01:31.648] [info]           * Iceberg v1.3.2: Enabled
[2026-08-29 14:01:31.649] [info]           * ImmediatelyFast v1.6.10+1.21.1: Enabled
[2026-08-29 14:01:31.650] [info]           * Ixeris v3.8.6+1.21.1-fabric: Enabled
[2026-08-29 14:01:31.650] [info]           * Jade v15.10.5+fabric: Enabled
[2026-08-29 14:01:31.651] [info]           * Jade Addons v6.0.3+fabric: Enabled
[2026-08-29 14:01:31.652] [info]           * JeiTweaker v8.0: Enabled
[2026-08-29 14:01:31.653] [info]           * MoreCobblemonTweaks v1.3.3: Enabled
[2026-08-29 14:01:31.653] [info]           * MossyLib v1.1.0+1.21.1+fabric: Enabled
[2026-08-29 14:01:31.654] [info]           * Mouse Tweaks v2.26: Enabled
[2026-08-29 14:01:31.655] [info]           * No Chat Reports v1.21.1-v2.9.1: Enabled
[2026-08-29 14:01:31.656] [info]           * OctoLib v0.6.1: Enabled
[2026-08-29 14:01:31.656] [info]           * Patchouli v1.21.1-93-FABRIC: Enabled
[2026-08-29 14:01:31.657] [info]           * root project 'Prism' v1.0.11: Enabled
[2026-08-29 14:01:31.658] [info]           * ScalableLux v0.1.0.1+fabric.d0d58ab: Enabled
[2026-08-29 14:01:31.659] [info]           * SimpleTMs v2.3.3: Enabled
[2026-08-29 14:01:31.660] [info]           * Too Many Entities v1.2.0: Enabled
[2026-08-29 14:01:31.661] [info]           * Too Many Players v1.21-1.1.5: Enabled
[2026-08-29 14:01:31.661] [info]           * Accessories v1.1.0-beta.53+1.21.1: Enabled
[2026-08-29 14:01:31.662] [info]           * Architectury v13.0.8: Enabled
[2026-08-29 14:01:31.662] [info]           * Athena v4.0.2: Enabled
[2026-08-29 14:01:31.662] [info]           * Advanced Wall Climber API v1.0.2: Enabled
[2026-08-29 14:01:31.663] [info]           * CinematicZoom v0.8.0: Enabled
[2026-08-29 14:01:31.663] [info]           * Cloth Config v15 v15.0.140: Enabled
[2026-08-29 14:01:31.663] [info]           * Cobblemon Additions v4.3.0: Enabled
[2026-08-29 14:01:31.664] [info]           * Cobblemon Battle Extras v1.13.45: Enabled
[2026-08-29 14:01:31.664] [info]           * Cobblemon Challenge v2.4.0: Enabled
[2026-08-29 14:01:31.665] [info]           * Cobblenav v2.3.3: Enabled
[2026-08-29 14:01:31.665] [info]           * CobbleSort v1.0.1: Enabled
[2026-08-29 14:01:31.666] [info]           * Diosesmon Client v1.7.6: Enabled
[2026-08-29 14:01:31.666] [info]           * Emotecraft v2.4.12: Enabled
[2026-08-29 14:01:31.666] [info]           * Enhanced Block Entities v0.10.2+1.21: Enabled
[2026-08-29 14:01:31.667] [info]           * EntityCulling v1.10.5: Enabled
[2026-08-29 14:01:31.667] [info]           * Fabric API v0.116.11+1.21.1: Enabled
[2026-08-29 14:01:31.667] [info]           * Fabric Language Kotlin v1.13.11+kotlin.2.3.21: Enabled
[2026-08-29 14:01:31.668] [info]           * Fast IP Ping v1.0.11: Enabled
[2026-08-29 14:01:31.668] [info]           * FerriteCore v7.0.3: Enabled
[2026-08-29 14:01:31.669] [info]           * Cobblemon Fight or Flight Fabric v0.10.7: Enabled
[2026-08-29 14:01:31.669] [info]           * Fzzy Config v0.7.6+1.21: Enabled
[2026-08-29 14:01:31.669] [info]           * GeckoLib 4 v4.8.4: Enabled
[2026-08-29 14:01:31.670] [info]           * Just Enough Items v19.27.0.340: Enabled
[2026-08-29 14:01:31.670] [info]           * Krypton v0.2.8: Enabled
[2026-08-29 14:01:31.670] [info]           * Language Reload v1.7.6+1.21.1: Enabled
[2026-08-29 14:01:31.671] [info]           * Lithium v0.15.3+mc1.21.1: Enabled
[2026-08-29 14:01:31.671] [info]           * Cobblemon:Mega Showdown v1.8.2+1.7.3+1.21.1-hotfix: Enabled
[2026-08-29 14:01:31.671] [info]           * ModernFix v5.25.1+mc1.21.1: Enabled
[2026-08-29 14:01:31.672] [info]           * Mod Menu v11.0.4: Enabled
[2026-08-29 14:01:31.673] [info]           * More Culling v1.0.7: Enabled
[2026-08-29 14:01:31.673] [info]           * Noxesium v2.3.3+d22848f: Enabled
[2026-08-29 14:01:31.674] [info]           * oωo v0.12.15.4+1.21: Enabled
[2026-08-29 14:01:31.675] [info]           * Packet Fixer v3.3.1: Enabled
[2026-08-29 14:01:31.675] [info]           * Placeholder API v2.4.2+1.21: Enabled
[2026-08-29 14:01:31.676] [info]           * Reese's Sodium Options v1.8.3+mc1.21.4: Enabled
[2026-08-29 14:01:31.676] [info]           * Shulker Box Tooltip v5.1.9+1.21.1: Enabled
[2026-08-29 14:01:31.677] [info]           * Sodium Extra v0.6.0+mc1.21.1: Enabled
[2026-08-29 14:01:31.677] [info]           * Sodium v0.6.13+mc1.21.1: Enabled
[2026-08-29 14:01:31.678] [info]           * ThreadTweak v0.1.5+mc1.21.1: Enabled
[2026-08-29 14:01:31.678] [info]           * ToggleNametags v2.1.1: Enabled
[2026-08-29 14:01:31.678] [info]           * Vanillin v1.1.3+1.21.1: Enabled
[2026-08-29 14:01:31.679] [info]           * Very Many Players v0.2.0+beta.7.172+1.21.1: Enabled
[2026-08-29 14:01:31.679] [info]           * Xaero's Minimap v26.4.2: Enabled
[2026-08-29 14:01:31.680] [info]           * Xaero's World Map v1.44.2: Enabled
[2026-08-29 14:01:31.680] [info]           * zamega v1.7.3: Enabled
[2026-08-29 14:01:31.894] [warn]  [Permissions] Denied 'media' requested by: file:///
[2026-08-29 14:01:31.895] [warn]  [Permissions] Denied 'media' requested by: file:///
[2026-08-29 14:01:31.896] [warn]  [Permissions] Denied 'geolocation' requested by: file:///
[2026-08-29 14:01:31.897] [warn]  [Permissions] Denied 'window-management' requested by: file:///
[2026-08-29 14:01:32.291] [warn]  [Permissions] Denied 'media' requested by: file:///
[2026-08-29 14:01:32.292] [warn]  [Permissions] Denied 'media' requested by: file:///
[2026-08-29 14:01:32.293] [warn]  [Permissions] Denied 'geolocation' requested by: file:///
[2026-08-29 14:01:32.295] [warn]  [Permissions] Denied 'window-management' requested by: file:///
[2026-08-29 14:01:32.311] [warn]  [Permissions] Denied 'media' requested by: 
[2026-08-29 14:01:32.312] [warn]  [Permissions] Denied 'media' requested by: 
[2026-08-29 14:01:32.314] [warn]  [Permissions] Denied 'geolocation' requested by: 
[2026-08-29 14:01:32.315] [warn]  [Permissions] Denied 'window-management' requested by: 
[2026-08-29 14:01:34.046] [info]  [Profiles] Loaded 8 resource packs for profile Diosesmon Oficial (ID: 66e9766e-a0c3-4951-b7e4-c8946c428ff5).
[2026-08-29 14:01:36.699] [warn]  [Permissions] Denied 'background-sync' requested by: https://gum.criteo.com/
[2026-08-29 14:01:38.641] [warn]  [Permissions] Denied 'background-sync' requested by: https://dsum.casalemedia.com/
[2026-08-29 14:02:38.656] [warn]  [Permissions] Denied 'background-sync' requested by: https://dsum.casalemedia.com/
[2026-08-29 14:03:38.664] [warn]  [Permissions] Denied 'background-sync' requested by: https://dsum.casalemedia.com/
[2026-08-29 14:04:38.679] [warn]  [Permissions] Denied 'background-sync' requested by: https://dsum.casalemedia.com/
[2026-08-29 14:05:38.693] [warn]  [Permissions] Denied 'background-sync' requested by: https://dsum.casalemedia.com/
[2026-08-29 14:06:07.272] [info]  [StorageInfo] Getting storage info...
[2026-08-29 14:06:07.277] [info]  [StorageInfo] Directory C:\Users\CARLOS_JR\.lunarclient\logs\game does not exist, skipping calculation...
[2026-08-29 14:06:08.484] [info]  [StorageInfo] Successfully calculated storage info
[2026-08-29 14:06:38.725] [warn]  [Permissions] Denied 'background-sync' requested by: https://dsum.casalemedia.com/
[2026-08-29 14:07:38.710] [warn]  [Permissions] Denied 'background-sync' requested by: https://dsum.casalemedia.com/
[2026-08-29 14:08:38.724] [warn]  [Permissions] Denied 'background-sync' requested by: https://dsum.casalemedia.com/
[2026-08-29 14:09:38.728] [warn]  [Permissions] Denied 'background-sync' requested by: https://dsum.casalemedia.com/
[2026-08-29 14:10:38.734] [warn]  [Permissions] Denied 'background-sync' requested by: https://dsum.casalemedia.com/
[2026-08-29 14:11:38.747] [warn]  [Permissions] Denied 'background-sync' requested by: https://dsum.casalemedia.com/
[2026-08-29 14:12:18.290] [debug] [Window] [main] Window focused
[2026-08-29 14:12:20.442] [debug] [Window] [main] Window focused
[2026-08-29 14:12:36.020] [error] [Electron] Child process has been killed or crashed...
[2026-08-29 14:12:36.024] [error]          * Type: Utility
[2026-08-29 14:12:36.025] [error]          * Name: Audio Service
[2026-08-29 14:12:36.031] [error]          * Reason: killed
[2026-08-29 14:12:36.033] [error]          * Exit Code: 1073807364
[2026-08-29 14:12:36.036] [error]          * Service Name: audio.mojom.AudioService
[2026-08-29 21:14:45.931] [info]  [Electron] Starting application...
[2026-08-29 21:14:45.935] [info]  [Electron] Lunar Client directory permissions: 666
[2026-08-29 21:14:45.937] [info]  [Electron] Resources path: C:\Users\CARLOS_JR\AppData\Local\Programs\Lunar Client\resources
[2026-08-29 21:14:45.939] [info]  [Electron] Crashdumps path: C:\Users\CARLOS_JR\AppData\Roaming\lunarclient\Crashpad
[2026-08-29 21:14:46.051] [info]  [Electron] Launcher is running with standard permissions.
[2026-08-29 21:14:46.068] [info]  [Identifiers] Installation ID found, ID: bc6a3018-85a4-47b1-9ac9-b04a5a4cf48e
[2026-08-29 21:14:46.074] [info]  [Identifiers] Installation ID first seen at: 2026-07-31T15:25:34.410Z
[2026-08-29 21:14:46.075] [info]  [Electron] Overwolf MUID: 45bcb4ce-2aed-422f-843e-955bc85343b3
[2026-08-29 21:14:46.076] [info]  [Electron] Starting Lunar Client Launcher...
[2026-08-29 21:14:46.077] [info]           * Session ID: 278f82a3-53bb-40ba-80fb-f47896950947
[2026-08-29 21:14:46.078] [info]           * Operating System: win32 x64 10.0.26200
[2026-08-29 21:14:46.079] [info]           * Electron Version: 39.8.12 (Chrome v142.0.7444.265, Node v22.22.1)
[2026-08-29 21:14:46.079] [info]           * Binaries Type: @overwolf/ow-electron
[2026-08-29 21:14:46.079] [info]           * Version: 3.7.16
[2026-08-29 21:14:46.080] [info]           * Stream: latest-ow
[2026-08-29 21:14:46.081] [info]           * Branch: master
[2026-08-29 21:14:46.082] [info]           * Build Number: 12965
[2026-08-29 21:14:46.083] [info]           * Commit Hash: 218f614c33c57017dab2b661a5c3f019ed489648
[2026-08-29 21:14:46.084] [info]           * Short Commit Hash: 218f614
[2026-08-29 21:14:46.085] [info]           * Overwolf App UID: N/A
[2026-08-29 21:14:46.090] [info]  [Sentry] Initializing Sentry in main process...
[2026-08-29 21:14:46.091] [info]           * DSN: https://2b19802000444b71b53899a26418c0ef@o923049.ingest.sentry.io/6029601
[2026-08-29 21:14:46.091] [info]           * Sample Rate: 0.05
[2026-08-29 21:14:46.092] [info]           * Traces Sample rate: 0.01
[2026-08-29 21:14:46.092] [info]           * Debug: disabled
[2026-08-29 21:14:46.093] [info]           * Trace ID: 5ff4463453de12594d06d08adb9f56ed
[2026-08-29 21:14:46.093] [info]           * Environment: production
[2026-08-29 21:14:46.094] [info]           * Spotlight: disabled
[2026-08-29 21:14:46.227] [info]  [Store] Initializing redux store (dev tools: disabled)...
[2026-08-29 21:14:46.231] [info]  [Store] Initialized redux store (auth,badges,cosmetics,deviceCodeAuth,embeddedBrowser,emotes,metadata,friends,installQueue,launch,logUpload,notifications,profiles,servers,settings,socials,updater,styngr,misc,conversations)
[2026-08-29 21:14:46.410] [info]  [DB] Schema up to date (2 migration(s))
[2026-08-29 21:14:46.411] [info]  [DB] Initialized at C:\Users\CARLOS_JR\.lunarclient\db\profiles.db
[2026-08-29 21:14:46.413] [info]  [Settings] Initialising store on path: C:\Users\CARLOS_JR\.lunarclient\settings
[2026-08-29 21:14:46.470] [info]  [Settings] Sent initial settings payload to redux
[2026-08-29 21:14:46.593] [info]  [Cache] Initialising store on path: C:\Users\CARLOS_JR\.lunarclient\settings
[2026-08-29 21:14:46.608] [info]  [Cache] Cache store initialised.
[2026-08-29 21:14:46.609] [info]  [Cache] Cache loaded.
[2026-08-29 21:14:46.611] [info]  [Electron] Setting up protocol (non-default app)...
[2026-08-29 21:14:46.613] [info]  [Electron] Hardware acceleration: enabled
[2026-08-29 21:14:46.624] [info]  [Electron] Disabling ads optimization...
[2026-08-29 21:14:46.625] [info]  [Electron] Attempting to run app entrypoint...
[2026-08-29 21:14:47.869] [info]  [Electron] Ready signal received.
[2026-08-29 21:14:47.878] [info]  [Electron] Production mode detected.
[2026-08-29 21:14:47.880] [info]  [Electron] Setting up login options... (with startup setting: CLOSED)
[2026-08-29 21:14:47.954] [debug] [Electron] Overwolf UTM params: {"hashParams":{},"source":"client-site","medium":"download-page","campaign":"direct","referrer":"www.lunarclient.com"}
[2026-08-29 21:14:48.019] [info]  [Window] Setting up (Silent startup: false)...
[2026-08-29 21:14:48.125] [warn]  [Permissions] Denied 'media' requested by: 
[2026-08-29 21:14:48.127] [warn]  [Permissions] Denied 'media' requested by: 
[2026-08-29 21:14:48.128] [warn]  [Permissions] Denied 'geolocation' requested by: 
[2026-08-29 21:14:48.129] [warn]  [Permissions] Denied 'window-management' requested by: 
[2026-08-29 21:14:48.179] [info]  [Window] [main] Loading file: C:\Users\CARLOS_JR\AppData\Local\Programs\Lunar Client\resources\app.asar\dist\html\main.html#/
[2026-08-29 21:14:48.241] [info]  [Window] Setup complete!
[2026-08-29 21:14:48.247] [info]  [Module] Setting up...
[2026-08-29 21:14:48.280] [info]  [Module] Starting assetserver
[2026-08-29 21:14:48.282] [info]  [Module] Started assetserver
[2026-08-29 21:14:48.284] [info]  [Module] Starting auth
[2026-08-29 21:14:48.288] [info]  [Auth] Initializing authentication...
[2026-08-29 21:14:48.293] [info]  [Module] Started auth
[2026-08-29 21:14:48.295] [info]  [Module] Starting badlion
[2026-08-29 21:14:48.300] [info]  [Badlion] Starting Badlion initialization
[2026-08-29 21:14:48.302] [info]  [Badlion] Badlion appdata exists: false, Downloaded from Badlion: false
[2026-08-29 21:14:48.303] [info]  [Badlion] Should opt in to Badlion services: false
[2026-08-29 21:14:48.305] [info]  [Module] Started badlion
[2026-08-29 21:14:48.306] [info]  [Module] Starting metadata
[2026-08-29 21:14:48.309] [info]  [Metadata] Loading game profile: 66e9766e-a0c3-4951-b7e4-c8946c428ff5
[2026-08-29 21:14:48.318] [info]  [Module] Started metadata
[2026-08-29 21:14:48.320] [info]  [Module] Starting satellite
[2026-08-29 21:14:48.322] [info]  [Module] Started satellite
[2026-08-29 21:14:48.324] [info]  [Module] Starting profiles
[2026-08-29 21:14:48.328] [info]  [Profiles] Loading profiles...
[2026-08-29 21:14:48.330] [info]  [Module] Started profiles
[2026-08-29 21:14:48.332] [info]  [Module] Starting modrinth
[2026-08-29 21:14:48.334] [info]  [Module] Started modrinth
[2026-08-29 21:14:48.336] [info]  [Module] Starting curseforge
[2026-08-29 21:14:48.338] [info]  [Module] Started curseforge
[2026-08-29 21:14:48.339] [info]  [Module] Starting external-import
[2026-08-29 21:14:48.341] [info]  [Module] Started external-import
[2026-08-29 21:14:48.343] [info]  [Module] Starting installs
[2026-08-29 21:14:48.344] [info]  [Module] Started installs
[2026-08-29 21:14:48.345] [info]  [Module] Starting launch
[2026-08-29 21:14:48.346] [info]  [Module] Started launch
[2026-08-29 21:14:48.348] [info]  [Module] Starting gameipc
[2026-08-29 21:14:48.351] [info]  [GameIPC] Using WebSocketServer directly
[2026-08-29 21:14:48.355] [info]  [Module] Started gameipc
[2026-08-29 21:14:48.357] [info]  [Module] Starting connection
[2026-08-29 21:14:48.358] [info]  [Module] Started connection
[2026-08-29 21:14:48.360] [info]  [Module] Starting hosts-check
[2026-08-29 21:14:48.361] [info]  [Module] Started hosts-check
[2026-08-29 21:14:48.363] [info]  [Module] Starting deeplink
[2026-08-29 21:14:48.365] [info]  [Module] Started deeplink
[2026-08-29 21:14:48.367] [info]  [Module] Starting discord
[2026-08-29 21:14:48.372] [info]  [Module] Started discord
[2026-08-29 21:14:48.374] [info]  [Module] Starting socials
[2026-08-29 21:14:48.375] [info]  [Module] Started socials
[2026-08-29 21:14:48.377] [info]  [Module] Starting styngr
[2026-08-29 21:14:48.378] [info]  [Module] Started styngr
[2026-08-29 21:14:48.380] [info]  [Module] Starting notifications
[2026-08-29 21:14:48.382] [info]  [Module] Started notifications
[2026-08-29 21:14:48.383] [info]  [Module] Starting cosmetics
[2026-08-29 21:14:48.389] [info]  [Module] Started cosmetics
[2026-08-29 21:14:48.391] [info]  [Module] Starting promotions
[2026-08-29 21:14:48.392] [info]  [Module] Started promotions
[2026-08-29 21:14:48.394] [info]  [Module] Starting logs
[2026-08-29 21:14:48.397] [info]  [Module] Started logs
[2026-08-29 21:14:48.398] [info]  [Module] Starting logupload
[2026-08-29 21:14:48.399] [info]  [Module] Started logupload
[2026-08-29 21:14:48.401] [info]  [Module] Starting checkout
[2026-08-29 21:14:48.402] [info]  [Module] Started checkout
[2026-08-29 21:14:48.404] [info]  [Module] Starting overwolf
[2026-08-29 21:14:48.405] [info]  [Module] Started overwolf
[2026-08-29 21:14:48.407] [info]  [Module] Starting servers
[2026-08-29 21:14:48.408] [info]  [Module] Started servers
[2026-08-29 21:14:48.410] [info]  [Module] Starting worlds
[2026-08-29 21:14:48.412] [info]  [Module] Started worlds
[2026-08-29 21:14:48.413] [info]  [Module] Starting screenshots
[2026-08-29 21:14:48.415] [info]  [Module] Started screenshots
[2026-08-29 21:14:48.417] [info]  [Module] Successfully setup 28 modules!
[2026-08-29 21:14:48.421] [info]  [Log Retention] Applying log retention policy: ONE_WEEK. Deleting logs older than 7 days.
[2026-08-29 21:14:48.423] [error] [Log Retention] No profile found, skipping cleanup.
[2026-08-29 21:14:48.430] [info]  [Profiles] Registering directory watcher at C:\Users\CARLOS_JR\.lunarclient\profiles...
[2026-08-29 21:14:48.441] [info]  [Updater] Checking for updates...
[2026-08-29 21:14:48.445] [info]           * Current Version: 3.7.16.12965
[2026-08-29 21:14:48.448] [info]           * Channel: latest-ow
[2026-08-29 21:14:48.452] [info]           * URL: https://launcherupdates.lunarclientcdn.com
[2026-08-29 21:14:48.454] [info]           * User Initiated: false
[2026-08-29 21:14:48.473] [info]  [GameIPC] Server listening on port 28190
[2026-08-29 21:14:48.496] [info]  [Profiles] Found 4 profiles in SQLite
[2026-08-29 21:14:48.502] [info]  [Profiles] Loaded profile Minecraft 26 (ID: 862e3fe1-3710-48b1-b677-390765926149)
[2026-08-29 21:14:48.516] [info]  [Electron] Auto-launch has been detected as disabled
[2026-08-29 21:14:48.518] [warn]  [Watchdog] Main process event loop stalled for ~1291ms (cpu: ~1594ms)
[2026-08-29 21:14:48.563] [debug] [Window] [main] Window focused
[2026-08-29 21:14:48.613] [info]  [Profiles] Loaded profile JUNIOR_ (ID: ca09900b-3645-4e81-8129-aa5e00073a6a)
[2026-08-29 21:14:48.628] [info]  [Auth] Account Junior_00 is currently active
[2026-08-29 21:14:48.679] [warn]  [Profiles] No featured image file found for profile Diosesmon Oficial (ID: 66e9766e-a0c3-4951-b7e4-c8946c428ff5)
[2026-08-29 21:14:48.681] [info]  [Profiles] Loaded profile Diosesmon Oficial (ID: 66e9766e-a0c3-4951-b7e4-c8946c428ff5)
[2026-08-29 21:14:49.494] [info]  [Metadata] Badlion versions metadata fetched successfully
[2026-08-29 21:14:49.549] [info]  [DiscordRP] Client has connected!
[2026-08-29 21:14:49.555] [warn]  [Profiles] No featured image file found for profile Diosesmon Oficial (ID: 66e9766e-a0c3-4951-b7e4-c8946c428ff5)
[2026-08-29 21:14:49.557] [info]  [Profiles] Loaded profile Diosesmon Oficial (ID: 66e9766e-a0c3-4951-b7e4-c8946c428ff5)
[2026-08-29 21:14:49.581] [info]  [Auth] Validating account Junior_00 owns Minecraft...
[2026-08-29 21:14:49.629] [warn]  [Profiles] No icon file found for profile MCC Island for Lunar Client (ID: 67380c89-129f-43ea-96eb-7cd979e24a9a)
[2026-08-29 21:14:49.630] [warn]  [Profiles] No featured image file found for profile MCC Island for Lunar Client (ID: 67380c89-129f-43ea-96eb-7cd979e24a9a)
[2026-08-29 21:14:49.633] [info]  [Profiles] Loaded profile MCC Island for Lunar Client (ID: 67380c89-129f-43ea-96eb-7cd979e24a9a)
[2026-08-29 21:14:49.634] [info]  [Profiles] Loaded 4 profiles (0 virtual, 4 saved)
[2026-08-29 21:14:49.636] [info]  [Metadata] Setting up virtual profiles
[2026-08-29 21:14:49.637] [info]  [Metadata] Profile selected, using Diosesmon Oficial (ID: 66e9766e-a0c3-4951-b7e4-c8946c428ff5, type: user-modpack, version: 1.21.1)...
[2026-08-29 21:14:49.639] [info]  [Metadata] Cleaning up profile modules...
[2026-08-29 21:14:49.640] [info]  [Metadata] No profiles were found to have bad modules!
[2026-08-29 21:14:49.676] [info]  [Updater] No updates available.
[2026-08-29 21:14:49.678] [info]  [Updater] Update check returned a result... skipping: {"isUpdateAvailable":false,"versionInfo":{"version":"3.7.16-ow","files":[{"url":"Lunar Client v3.7.16-ow.exe","sha512":"K25vDcT8UO0xbMd4MX5URU+l33+vEILLkpsRkxPMYVfB+yP5gqHGuNWOOGgUOE0gH2g4j+1Mjo9AFnQDC35tng=="}],"path":"Lunar Client v3.7.16-ow.exe","sha512":"K25vDcT8UO0xbMd4MX5URU+l33+vEILLkpsRkxPMYVfB+yP5gqHGuNWOOGgUOE0gH2g4j+1Mjo9AFnQDC35tng==","packages":{"x64":{"size":112473965,"sha512":"f2R8yaxYfUc7t48Bk04LzCImKB27jTxQcAe6RAFE/2lMaHmhsNJCJ47S0XSDCCvUNJp5imIeKLPifHT4z+jt5g==","blockMapSize":116960,"path":"lunarclient-3.7.16-ow-x64.nsis.7z","file":"lunarclient-3.7.16-ow-x64.nsis.7z"}},"releaseDate":"2026-08-24T23:38:30.176Z"},"updateInfo":{"version":"3.7.16-ow","files":[{"url":"Lunar Client v3.7.16-ow.exe","sha512":"K25vDcT8UO0xbMd4MX5URU+l33+vEILLkpsRkxPMYVfB+yP5gqHGuNWOOGgUOE0gH2g4j+1Mjo9AFnQDC35tng=="}],"path":"Lunar Client v3.7.16-ow.exe","sha512":"K25vDcT8UO0xbMd4MX5URU+l33+vEILLkpsRkxPMYVfB+yP5gqHGuNWOOGgUOE0gH2g4j+1Mjo9AFnQDC35tng==","packages":{"x64":{"size":112473965,"sha512":"f2R8yaxYfUc7t48Bk04LzCImKB27jTxQcAe6RAFE/2lMaHmhsNJCJ47S0XSDCCvUNJp5imIeKLPifHT4z+jt5g==","blockMapSize":116960,"path":"lunarclient-3.7.16-ow-x64.nsis.7z","file":"lunarclient-3.7.16-ow-x64.nsis.7z"}},"releaseDate":"2026-08-24T23:38:30.176Z"}}
[2026-08-29 21:14:49.727] [warn]  [Permissions] Denied 'media' requested by: 
[2026-08-29 21:14:49.728] [warn]  [Permissions] Denied 'media' requested by: 
[2026-08-29 21:14:49.729] [warn]  [Permissions] Denied 'geolocation' requested by: 
[2026-08-29 21:14:49.730] [warn]  [Permissions] Denied 'window-management' requested by: 
[2026-08-29 21:14:49.957] [info]  [Metadata] Terms 'privacy' is up to date!
[2026-08-29 21:14:49.959] [info]  [Metadata] Terms 'terms' is up to date!
[2026-08-29 21:14:49.960] [info]  [Metadata] Misc metadata fetched successfully
[2026-08-29 21:14:49.963] [info]  [Metadata] Feature Flags enabled: ServersCTA, SocialMessaging, LunarOAuthApp, SelectModpack, EmbeddedBrowserOpens, ExternalLinkSSO, HomeAdOverwolf, MissionControlAdOverwolf, AMDDriverFix, ExploreModsAdOverwolf, MissionControlTopAdOverwolf, OverwolfCRN, HomeTopAdOverwolf, VersionsCreateProfile
[2026-08-29 21:14:49.965] [info]  [Metadata] Feature Flags disabled: ProfileModsExploreCTA, LoaderVersionSetting, InstallVCRedistributable, OverwolfOverlay, TopbarOutplayedPromotion
[2026-08-29 21:14:49.966] [info]  [Metadata] Updater stream channel and URL are the same as before, skipping...
[2026-08-29 21:14:49.969] [info]  [Metadata] Checking cache for language es_ES with remote hash 8f46e49889e93b6bf3f73b7fe8dcafd6bb24f562
[2026-08-29 21:14:50.003] [info]  [Metadata] Language es_ES is already cached, skipping...
[2026-08-29 21:14:50.004] [info]  [Metadata] Languages successfully processed, sending updates...
[2026-08-29 21:14:50.009] [info]  [DiscordRP] Updating activity status...
[2026-08-29 21:14:50.059] [info]  [Metadata] Layout metadata fetched successfully
[2026-08-29 21:14:50.076] [info]  [Metadata] Lunar versions metadata fetched successfully
[2026-08-29 21:14:50.088] [info]  [Metadata] Vanilla versions metadata fetched successfully
[2026-08-29 21:14:50.093] [info]  [Metadata] Setting up virtual profiles
[2026-08-29 21:14:50.125] [info]  [Metadata] Profile selected, using Diosesmon Oficial (ID: 66e9766e-a0c3-4951-b7e4-c8946c428ff5, type: user-modpack, version: 1.21.1)...
[2026-08-29 21:14:50.126] [info]  [Metadata] Cleaning up profile modules...
[2026-08-29 21:14:50.128] [info]  [Metadata] No profiles were found to have bad modules!
[2026-08-29 21:14:50.285] [info]  [Sentry] Initializing Sentry in app renderer...
[2026-08-29 21:14:50.286] [info]           * DSN: https://2b19802000444b71b53899a26418c0ef@o923049.ingest.sentry.io/6029601
[2026-08-29 21:14:50.286] [info]           * Sample rate: 0.05
[2026-08-29 21:14:50.287] [info]           * Traces Sample rate: 0.01
[2026-08-29 21:14:50.287] [info]           * Debug: disabled
[2026-08-29 21:14:50.287] [info]           * ANR: disabled
[2026-08-29 21:14:50.287] [info]           * Environment: production
[2026-08-29 21:14:50.342] [warn]  [Permissions] Denied 'media' requested by: file:///
[2026-08-29 21:14:50.343] [warn]  [Permissions] Denied 'media' requested by: file:///
[2026-08-29 21:14:50.344] [warn]  [Permissions] Denied 'geolocation' requested by: file:///
[2026-08-29 21:14:50.345] [warn]  [Permissions] Denied 'window-management' requested by: file:///
[2026-08-29 21:14:50.515] [info]  [Auth] Account Junior_00 successfully validated to own Minecraft, proceeding with profile retrieval...
[2026-08-29 21:14:50.824] [info]  [Styngr] [Player] Binding event listeners to audio element...
[2026-08-29 21:14:50.851] [info]  [Window] Renderer ready for window 'main'
[2026-08-29 21:14:51.055] [info]  [Auth] Successfully retrieved Minecraft profile for account Junior_00, checking multiplayer privileges...
[2026-08-29 21:14:51.057] [info]  [Auth] Successfully validated account Junior_00 owns Minecraft, checking banned status...
[2026-08-29 21:14:51.060] [info]  [Auth] Account Junior_00 has multiplayer access and is not banned, proceeding with login...
[2026-08-29 21:14:51.064] [info]  [AssetServer] No reconnect JWT available, going to Authenticator...
[2026-08-29 21:14:51.069] [info]  [AssetServer] Registered 42 push handlers
[2026-08-29 21:14:51.076] [info]  [Auth] [Authenticator] Getting Lunar Client Token for Junior_00 (aa35297e424044cb8b676659959d35eb). Initiator is LAUNCHER_WEBSOCKET
[2026-08-29 21:14:51.078] [info]  [Auth] [Authenticator] No cached token found for Junior_00 (aa35297e424044cb8b676659959d35eb), requesting new token...
[2026-08-29 21:14:51.181] [info]  [Auth] [Authenticator] Connection opened for Junior_00 (aa35297e424044cb8b676659959d35eb)
[2026-08-29 21:14:51.216] [info]  [Auth] [Authenticator] Creating Minecraft session for Junior_00 (aa35297e424044cb8b676659959d35eb)...
[2026-08-29 21:14:51.553] [info]  [Auth] [Authenticator] Created Minecraft session for Junior_00 (aa35297e424044cb8b676659959d35eb)
[2026-08-29 21:14:51.924] [info]  [Auth] [Authenticator] Got Lunar Client Token for Junior_00 (aa35297e424044cb8b676659959d35eb)
[2026-08-29 21:14:52.059] [info]  [Auth] [Authenticator] Connection disconnected for Junior_00 (aa35297e424044cb8b676659959d35eb)
[2026-08-29 21:14:52.061] [info]  [Auth] [Authenticator] Code: 1000 - Reason: Issued.
[2026-08-29 21:14:52.308] [info]  [AssetServer] Connection opened!
[2026-08-29 21:14:52.311] [info]  [AssetServer] Sending initial connection handshake
[2026-08-29 21:14:52.314] [info]  [AssetServer] Starting service logins in parallel...
[2026-08-29 21:14:52.388] [info]  [AssetServer] Received session ID: e5cfa84b-bf23-4975-bffe-9b638fd51b9b
[2026-08-29 21:14:52.407] [info]  [Settings] Setting socials-visibility to 1...
[2026-08-29 21:14:52.423] [info]  [Settings] Setting default-screenshot-upload-privacy to 2...
[2026-08-29 21:14:52.441] [info]  [Settings] Setting incoming-gift-privacy to 1...
[2026-08-29 21:14:52.453] [info]  [Settings] Setting wrapped-leaderboard-visibility to 1...
[2026-08-29 21:14:52.464] [info]  [Settings] Setting cosmetic-ownership-visibility to 1...
[2026-08-29 21:14:52.481] [info]  [Settings] Setting allow-friend-requests to true...
[2026-08-29 21:14:52.491] [info]  [Settings] Setting last-seen-visibility to 1...
[2026-08-29 21:14:52.512] [info]  [Promotions] Corner promotion exempt? false
[2026-08-29 21:14:52.514] [info]  [Settings] Setting radio-playing-visibility to 1...
[2026-08-29 21:14:52.527] [info]  [AssetServer] Completed service logins!
[2026-08-29 21:14:53.207] [info]  [Overwolf] Received ready signal for overlay v2.0.10
[2026-08-29 21:14:53.473] [info]  [Overwolf] Received ready signal for crn v279.0.3
[2026-08-29 21:14:55.068] [warn]  [Permissions] Denied 'media' requested by: file:///
[2026-08-29 21:14:55.070] [warn]  [Permissions] Denied 'media' requested by: file:///
[2026-08-29 21:14:55.071] [warn]  [Permissions] Denied 'geolocation' requested by: file:///
[2026-08-29 21:14:55.072] [warn]  [Permissions] Denied 'window-management' requested by: file:///
[2026-08-29 21:14:55.097] [warn]  [Permissions] Denied 'media' requested by: 
[2026-08-29 21:14:55.099] [warn]  [Permissions] Denied 'media' requested by: 
[2026-08-29 21:14:55.101] [warn]  [Permissions] Denied 'geolocation' requested by: 
[2026-08-29 21:14:55.102] [warn]  [Permissions] Denied 'window-management' requested by: 
[2026-08-29 21:14:55.747] [info]  [Window] Rewriting /versions to /versions/modpacks...
[2026-08-29 21:14:56.064] [warn]  [Permissions] Denied 'media' requested by: file:///
[2026-08-29 21:14:56.065] [warn]  [Permissions] Denied 'media' requested by: file:///
[2026-08-29 21:14:56.066] [warn]  [Permissions] Denied 'geolocation' requested by: file:///
[2026-08-29 21:14:56.067] [warn]  [Permissions] Denied 'window-management' requested by: file:///
[2026-08-29 21:14:56.619] [error] [Window] [main] [Console] Access to image at 'lc-asset://profile/66e9766e-a0c3-4951-b7e4-c8946c428ff5/icon?v=1787887047100.3083' from origin 'file://' has been blocked by CORS policy: Cross origin requests are only supported for protocol schemes: chrome, chrome-extension, chrome-untrusted, data, http, https, sentry-ipc.
[2026-08-29 21:14:56.661] [error] [Window] [main] [Console] Access to image at 'lc-asset://profile/ca09900b-3645-4e81-8129-aa5e00073a6a/icon?v=1778521797761.5867' from origin 'file://' has been blocked by CORS policy: Cross origin requests are only supported for protocol schemes: chrome, chrome-extension, chrome-untrusted, data, http, https, sentry-ipc.
[2026-08-29 21:15:01.526] [warn]  [Permissions] Denied 'media' requested by: file:///
[2026-08-29 21:15:01.527] [warn]  [Permissions] Denied 'media' requested by: file:///
[2026-08-29 21:15:01.528] [warn]  [Permissions] Denied 'geolocation' requested by: file:///
[2026-08-29 21:15:01.530] [warn]  [Permissions] Denied 'window-management' requested by: file:///
[2026-08-29 21:15:01.832] [warn]  [Permissions] Denied 'media' requested by: file:///
[2026-08-29 21:15:01.834] [warn]  [Permissions] Denied 'media' requested by: file:///
[2026-08-29 21:15:01.836] [warn]  [Permissions] Denied 'geolocation' requested by: file:///
[2026-08-29 21:15:01.837] [warn]  [Permissions] Denied 'window-management' requested by: file:///
[2026-08-29 21:15:01.892] [warn]  [Permissions] Denied 'media' requested by: 
[2026-08-29 21:15:01.894] [warn]  [Permissions] Denied 'media' requested by: 
[2026-08-29 21:15:01.895] [warn]  [Permissions] Denied 'geolocation' requested by: 
[2026-08-29 21:15:01.897] [warn]  [Permissions] Denied 'window-management' requested by: 
[2026-08-29 21:15:02.999] [info]  [Profiles] Read 74 jars for profile Diosesmon Oficial (ID: 66e9766e-a0c3-4951-b7e4-c8946c428ff5, Type: user-modpack, Game Version: 1.21.1):
[2026-08-29 21:15:03.001] [info]           * BadOptimizations v2.4.1: Enabled
[2026-08-29 21:15:03.002] [info]           * Better Fullscreen v2.3.0: Enabled
[2026-08-29 21:15:03.003] [info]           * Better Third Person v1.9.0: Enabled
[2026-08-29 21:15:03.004] [info]           * CobbleFurnies v1.1: Enabled
[2026-08-29 21:15:03.005] [info]           * CobbledollarDummy v1.0.0: Enabled
[2026-08-29 21:15:03.006] [info]           * Cobblemon v1.7.3+1.21.1: Enabled
[2026-08-29 21:15:03.007] [info]           * CobblemonSizeVariation v1.4.0: Enabled
[2026-08-29 21:15:03.007] [info]           * Cobblemon Trials Edition v1.3.1: Enabled
[2026-08-29 21:15:03.008] [info]           * Cobblepedia v0.7.1: Enabled
[2026-08-29 21:15:03.010] [info]           * CraftTweaker v21.0.38: Enabled
[2026-08-29 21:15:03.011] [info]           * CreativeCore v2.13.37: Enabled
[2026-08-29 21:15:03.012] [info]           * Forge Config API Port v21.1.6: Enabled
[2026-08-29 21:15:03.012] [info]           * Iceberg v1.3.2: Enabled
[2026-08-29 21:15:03.013] [info]           * ImmediatelyFast v1.6.10+1.21.1: Enabled
[2026-08-29 21:15:03.014] [info]           * Ixeris v3.8.6+1.21.1-fabric: Enabled
[2026-08-29 21:15:03.016] [info]           * Jade v15.10.5+fabric: Enabled
[2026-08-29 21:15:03.018] [info]           * Jade Addons v6.0.3+fabric: Enabled
[2026-08-29 21:15:03.019] [info]           * JeiTweaker v8.0: Enabled
[2026-08-29 21:15:03.020] [info]           * MoreCobblemonTweaks v1.3.3: Enabled
[2026-08-29 21:15:03.022] [info]           * MossyLib v1.1.0+1.21.1+fabric: Enabled
[2026-08-29 21:15:03.023] [info]           * Mouse Tweaks v2.26: Enabled
[2026-08-29 21:15:03.024] [info]           * No Chat Reports v1.21.1-v2.9.1: Enabled
[2026-08-29 21:15:03.026] [info]           * OctoLib v0.6.1: Enabled
[2026-08-29 21:15:03.027] [info]           * Patchouli v1.21.1-93-FABRIC: Enabled
[2026-08-29 21:15:03.028] [info]           * root project 'Prism' v1.0.11: Enabled
[2026-08-29 21:15:03.029] [info]           * ScalableLux v0.1.0.1+fabric.d0d58ab: Enabled
[2026-08-29 21:15:03.030] [info]           * SimpleTMs v2.3.3: Enabled
[2026-08-29 21:15:03.031] [info]           * Too Many Entities v1.2.0: Enabled
[2026-08-29 21:15:03.033] [info]           * Too Many Players v1.21-1.1.5: Enabled
[2026-08-29 21:15:03.034] [info]           * Accessories v1.1.0-beta.53+1.21.1: Enabled
[2026-08-29 21:15:03.036] [info]           * Architectury v13.0.8: Enabled
[2026-08-29 21:15:03.037] [info]           * Athena v4.0.2: Enabled
[2026-08-29 21:15:03.038] [info]           * Advanced Wall Climber API v1.0.2: Enabled
[2026-08-29 21:15:03.040] [info]           * CinematicZoom v0.8.0: Enabled
[2026-08-29 21:15:03.041] [info]           * Cloth Config v15 v15.0.140: Enabled
[2026-08-29 21:15:03.042] [info]           * Cobblemon Additions v4.3.0: Enabled
[2026-08-29 21:15:03.044] [info]           * Cobblemon Battle Extras v1.13.45: Enabled
[2026-08-29 21:15:03.046] [info]           * Cobblemon Challenge v2.4.0: Enabled
[2026-08-29 21:15:03.046] [info]           * Cobblenav v2.3.3: Enabled
[2026-08-29 21:15:03.048] [info]           * CobbleSort v1.0.1: Enabled
[2026-08-29 21:15:03.049] [info]           * Diosesmon Client v1.7.6: Enabled
[2026-08-29 21:15:03.050] [info]           * Emotecraft v2.4.12: Enabled
[2026-08-29 21:15:03.052] [info]           * Enhanced Block Entities v0.10.2+1.21: Enabled
[2026-08-29 21:15:03.053] [info]           * EntityCulling v1.10.5: Enabled
[2026-08-29 21:15:03.054] [info]           * Fabric API v0.116.11+1.21.1: Enabled
[2026-08-29 21:15:03.056] [info]           * Fabric Language Kotlin v1.13.11+kotlin.2.3.21: Enabled
[2026-08-29 21:15:03.056] [info]           * Fast IP Ping v1.0.11: Enabled
[2026-08-29 21:15:03.058] [info]           * FerriteCore v7.0.3: Enabled
[2026-08-29 21:15:03.059] [info]           * Cobblemon Fight or Flight Fabric v0.10.7: Enabled
[2026-08-29 21:15:03.061] [info]           * Fzzy Config v0.7.6+1.21: Enabled
[2026-08-29 21:15:03.062] [info]           * GeckoLib 4 v4.8.4: Enabled
[2026-08-29 21:15:03.063] [info]           * Just Enough Items v19.27.0.340: Enabled
[2026-08-29 21:15:03.064] [info]           * Krypton v0.2.8: Enabled
[2026-08-29 21:15:03.065] [info]           * Language Reload v1.7.6+1.21.1: Enabled
[2026-08-29 21:15:03.066] [info]           * Lithium v0.15.3+mc1.21.1: Enabled
[2026-08-29 21:15:03.068] [info]           * Cobblemon:Mega Showdown v1.8.2+1.7.3+1.21.1-hotfix: Enabled
[2026-08-29 21:15:03.069] [info]           * ModernFix v5.25.1+mc1.21.1: Enabled
[2026-08-29 21:15:03.070] [info]           * Mod Menu v11.0.4: Enabled
[2026-08-29 21:15:03.071] [info]           * More Culling v1.0.7: Enabled
[2026-08-29 21:15:03.072] [info]           * Noxesium v2.3.3+d22848f: Enabled
[2026-08-29 21:15:03.073] [info]           * oωo v0.12.15.4+1.21: Enabled
[2026-08-29 21:15:03.074] [info]           * Packet Fixer v3.3.1: Enabled
[2026-08-29 21:15:03.075] [info]           * Placeholder API v2.4.2+1.21: Enabled
[2026-08-29 21:15:03.076] [info]           * Reese's Sodium Options v1.8.3+mc1.21.4: Enabled
[2026-08-29 21:15:03.077] [info]           * Shulker Box Tooltip v5.1.9+1.21.1: Enabled
[2026-08-29 21:15:03.079] [info]           * Sodium Extra v0.6.0+mc1.21.1: Enabled
[2026-08-29 21:15:03.080] [info]           * Sodium v0.6.13+mc1.21.1: Enabled
[2026-08-29 21:15:03.081] [info]           * ThreadTweak v0.1.5+mc1.21.1: Enabled
[2026-08-29 21:15:03.082] [info]           * ToggleNametags v2.1.1: Enabled
[2026-08-29 21:15:03.083] [info]           * Vanillin v1.1.3+1.21.1: Enabled
[2026-08-29 21:15:03.084] [info]           * Very Many Players v0.2.0+beta.7.172+1.21.1: Enabled
[2026-08-29 21:15:03.086] [info]           * Xaero's Minimap v26.4.2: Enabled
[2026-08-29 21:15:03.087] [info]           * Xaero's World Map v1.44.2: Enabled
[2026-08-29 21:15:03.088] [info]           * zamega v1.7.3: Enabled
[2026-08-29 21:15:04.471] [info]  [Profiles] Loaded 8 resource packs for profile Diosesmon Oficial (ID: 66e9766e-a0c3-4951-b7e4-c8946c428ff5).
[2026-08-29 21:15:08.057] [warn]  [Permissions] Denied 'background-sync' requested by: 
[2026-08-29 21:15:24.957] [debug] [Window] [main] Window focused
[2026-08-29 21:15:31.175] [debug] [Window] [main] Window focused
[2026-08-29 21:15:44.893] [debug] [Window] [main] Window focused
[2026-08-29 21:15:56.537] [debug] [Window] [main] Window focused
[2026-08-29 21:16:00.921] [warn]  [Permissions] Denied 'background-sync' requested by: 
[2026-08-29 21:16:08.639] [debug] [Window] [main] Window focused
[2026-08-29 21:19:48.326] [info]  [StorageInfo] Getting storage info...
[2026-08-29 21:19:48.332] [info]  [StorageInfo] Directory C:\Users\CARLOS_JR\.lunarclient\logs\game does not exist, skipping calculation...
[2026-08-29 21:19:49.376] [info]  [StorageInfo] Successfully calculated storage info
[2026-08-29 21:29:46.640] [info]  [Updater] Checking for updates...
[2026-08-29 21:29:46.642] [info]           * Current Version: 3.7.16.12965
[2026-08-29 21:29:46.644] [info]           * Channel: latest-ow
[2026-08-29 21:29:46.646] [info]           * URL: https://launcherupdates.lunarclientcdn.com
[2026-08-29 21:29:46.647] [info]           * User Initiated: false
[2026-08-29 21:29:46.802] [info]  [Updater] No updates available.
[2026-08-29 21:29:46.803] [info]  [Updater] Update check returned a result... skipping: {"isUpdateAvailable":false,"versionInfo":{"version":"3.7.16-ow","files":[{"url":"Lunar Client v3.7.16-ow.exe","sha512":"K25vDcT8UO0xbMd4MX5URU+l33+vEILLkpsRkxPMYVfB+yP5gqHGuNWOOGgUOE0gH2g4j+1Mjo9AFnQDC35tng=="}],"path":"Lunar Client v3.7.16-ow.exe","sha512":"K25vDcT8UO0xbMd4MX5URU+l33+vEILLkpsRkxPMYVfB+yP5gqHGuNWOOGgUOE0gH2g4j+1Mjo9AFnQDC35tng==","packages":{"x64":{"size":112473965,"sha512":"f2R8yaxYfUc7t48Bk04LzCImKB27jTxQcAe6RAFE/2lMaHmhsNJCJ47S0XSDCCvUNJp5imIeKLPifHT4z+jt5g==","blockMapSize":116960,"path":"lunarclient-3.7.16-ow-x64.nsis.7z","file":"lunarclient-3.7.16-ow-x64.nsis.7z"}},"releaseDate":"2026-08-24T23:38:30.176Z"},"updateInfo":{"version":"3.7.16-ow","files":[{"url":"Lunar Client v3.7.16-ow.exe","sha512":"K25vDcT8UO0xbMd4MX5URU+l33+vEILLkpsRkxPMYVfB+yP5gqHGuNWOOGgUOE0gH2g4j+1Mjo9AFnQDC35tng=="}],"path":"Lunar Client v3.7.16-ow.exe","sha512":"K25vDcT8UO0xbMd4MX5URU+l33+vEILLkpsRkxPMYVfB+yP5gqHGuNWOOGgUOE0gH2g4j+1Mjo9AFnQDC35tng==","packages":{"x64":{"size":112473965,"sha512":"f2R8yaxYfUc7t48Bk04LzCImKB27jTxQcAe6RAFE/2lMaHmhsNJCJ47S0XSDCCvUNJp5imIeKLPifHT4z+jt5g==","blockMapSize":116960,"path":"lunarclient-3.7.16-ow-x64.nsis.7z","file":"lunarclient-3.7.16-ow-x64.nsis.7z"}},"releaseDate":"2026-08-24T23:38:30.176Z"}}
[2026-08-29 21:30:02.457] [debug] [Window] [main] Window focused
[2026-08-29 21:30:05.863] [warn]  [Permissions] Denied 'media' requested by: file:///
[2026-08-29 21:30:05.864] [warn]  [Permissions] Denied 'media' requested by: file:///
[2026-08-29 21:30:05.865] [warn]  [Permissions] Denied 'geolocation' requested by: file:///
[2026-08-29 21:30:05.865] [warn]  [Permissions] Denied 'window-management' requested by: file:///
[2026-08-29 21:30:05.876] [info]  [Settings] Setting explore-provider to "curseforge"...
[2026-08-29 21:30:06.036] [warn]  [Permissions] Denied 'media' requested by: file:///
[2026-08-29 21:30:06.037] [warn]  [Permissions] Denied 'media' requested by: file:///
[2026-08-29 21:30:06.038] [warn]  [Permissions] Denied 'geolocation' requested by: file:///
[2026-08-29 21:30:06.039] [warn]  [Permissions] Denied 'window-management' requested by: file:///
[2026-08-29 21:30:08.292] [info]  [Profiles] Loaded 8 resource packs for profile Diosesmon Oficial (ID: 66e9766e-a0c3-4951-b7e4-c8946c428ff5).
[2026-08-29 21:30:09.056] [warn]  [Permissions] Denied 'background-sync' requested by: 
[2026-08-29 21:30:13.302] [warn]  [Permissions] Denied 'media' requested by: file:///
[2026-08-29 21:30:13.303] [warn]  [Permissions] Denied 'media' requested by: file:///
[2026-08-29 21:30:13.304] [warn]  [Permissions] Denied 'geolocation' requested by: file:///
[2026-08-29 21:30:13.305] [warn]  [Permissions] Denied 'window-management' requested by: file:///
[2026-08-29 21:30:13.308] [info]  [Settings] Setting explore-provider to "modrinth"...
[2026-08-29 21:30:13.387] [warn]  [Permissions] Denied 'media' requested by: file:///
[2026-08-29 21:30:13.389] [warn]  [Permissions] Denied 'media' requested by: file:///
[2026-08-29 21:30:13.389] [warn]  [Permissions] Denied 'geolocation' requested by: file:///
[2026-08-29 21:30:13.390] [warn]  [Permissions] Denied 'window-management' requested by: file:///
[2026-08-29 21:30:15.202] [info]  [Profiles] Loaded 8 resource packs for profile Diosesmon Oficial (ID: 66e9766e-a0c3-4951-b7e4-c8946c428ff5).
[2026-08-29 21:30:20.204] [warn]  [Permissions] Denied 'media' requested by: file:///
[2026-08-29 21:30:20.205] [warn]  [Permissions] Denied 'media' requested by: file:///
[2026-08-29 21:30:20.206] [warn]  [Permissions] Denied 'geolocation' requested by: file:///
[2026-08-29 21:30:20.207] [warn]  [Permissions] Denied 'window-management' requested by: file:///
[2026-08-29 21:30:20.568] [warn]  [Permissions] Denied 'media' requested by: file:///
[2026-08-29 21:30:20.569] [warn]  [Permissions] Denied 'media' requested by: file:///
[2026-08-29 21:30:20.570] [warn]  [Permissions] Denied 'geolocation' requested by: file:///
[2026-08-29 21:30:20.572] [warn]  [Permissions] Denied 'window-management' requested by: file:///
[2026-08-29 21:30:20.602] [warn]  [Permissions] Denied 'media' requested by: 
[2026-08-29 21:30:20.604] [warn]  [Permissions] Denied 'media' requested by: 
[2026-08-29 21:30:20.605] [warn]  [Permissions] Denied 'geolocation' requested by: 
[2026-08-29 21:30:20.606] [warn]  [Permissions] Denied 'window-management' requested by: 
[2026-08-29 21:30:33.052] [info]  [Window] Rewriting /versions to /versions/modpacks...
[2026-08-29 21:30:33.061] [warn]  [Permissions] Denied 'media' requested by: file:///
[2026-08-29 21:30:33.062] [warn]  [Permissions] Denied 'media' requested by: file:///
[2026-08-29 21:30:33.063] [warn]  [Permissions] Denied 'geolocation' requested by: file:///
[2026-08-29 21:30:33.065] [warn]  [Permissions] Denied 'window-management' requested by: file:///
[2026-08-29 21:30:33.412] [error] [Window] [main] [Console] Access to image at 'lc-asset://profile/66e9766e-a0c3-4951-b7e4-c8946c428ff5/icon?v=1787887047100.3083' from origin 'file://' has been blocked by CORS policy: Cross origin requests are only supported for protocol schemes: chrome, chrome-extension, chrome-untrusted, data, http, https, sentry-ipc.
[2026-08-29 21:30:33.420] [error] [Window] [main] [Console] Access to image at 'lc-asset://profile/ca09900b-3645-4e81-8129-aa5e00073a6a/icon?v=1778521797761.5867' from origin 'file://' has been blocked by CORS policy: Cross origin requests are only supported for protocol schemes: chrome, chrome-extension, chrome-untrusted, data, http, https, sentry-ipc.
[2026-08-29 21:30:43.001] [info]  [Settings] Setting game-profile to "ca09900b-3645-4e81-8129-aa5e00073a6a"...
[2026-08-29 21:30:43.033] [info]  [Settings] Setting game-profile to "ca09900b-3645-4e81-8129-aa5e00073a6a"...
[2026-08-29 21:30:43.118] [info]  [Profiles] Setting up logs configuration for JUNIOR_ at C:\Users\CARLOS_JR\.lunarclient\profiles\junior\logs\config.xml...
[2026-08-29 21:30:43.126] [info]  [Launch] Starting new session (ID: 9b91d83c-c0b0-4d78-bbc7-6052c8379cea)
[2026-08-29 21:30:43.135] [info]  [Launch] [Request] Starting check...
[2026-08-29 21:30:43.169] [warn]  [Permissions] Denied 'media' requested by: 
[2026-08-29 21:30:43.170] [warn]  [Permissions] Denied 'media' requested by: 
[2026-08-29 21:30:43.170] [warn]  [Permissions] Denied 'geolocation' requested by: 
[2026-08-29 21:30:43.172] [warn]  [Permissions] Denied 'window-management' requested by: 
[2026-08-29 21:30:43.186] [info]  [Window] [mission-control] Loading file: C:\Users\CARLOS_JR\AppData\Local\Programs\Lunar Client\resources\app.asar\dist\html\mission-control.html#undefined
[2026-08-29 21:30:43.191] [info]  [Window] Opening Mission Control on primary display (Display ID: 4217749287)...
[2026-08-29 21:30:43.561] [info]  [Launch] [Request] Finished check (426ms)
[2026-08-29 21:30:43.566] [info]  [Launch] [Parallel-stages] Starting check...
[2026-08-29 21:30:43.568] [info]  [Launch]   [Licenses] Starting check...
[2026-08-29 21:30:43.569] [info]  [Launch]   [Textures] Starting check...
[2026-08-29 21:30:43.571] [info]  [Launch]   [Assets] Starting check...
[2026-08-29 21:30:43.573] [info]  [Launch]   [Artifacts-and-natives] Starting check...
[2026-08-29 21:30:43.574] [info]  [Launch]   [Jre] Starting check...
[2026-08-29 21:30:43.576] [info]  [Launch]   [Ui] Starting check...
[2026-08-29 21:30:43.580] [info]  [Launch]     [Artifacts] Starting check...
[2026-08-29 21:30:43.582] [info]  [Launch]   [Jre] JRE folder permissions: 666
[2026-08-29 21:30:43.815] [info]  [Sentry] Initializing Sentry in mission-control renderer...
[2026-08-29 21:30:43.817] [info]           * DSN: https://2b19802000444b71b53899a26418c0ef@o923049.ingest.sentry.io/6029601
[2026-08-29 21:30:43.817] [info]           * Sample rate: 0.05
[2026-08-29 21:30:43.817] [info]           * Traces Sample rate: 0.01
[2026-08-29 21:30:43.817] [info]           * Debug: disabled
[2026-08-29 21:30:43.817] [info]           * ANR: disabled
[2026-08-29 21:30:43.817] [info]           * Environment: production
[2026-08-29 21:30:43.849] [warn]  [Permissions] Denied 'media' requested by: file:///
[2026-08-29 21:30:43.851] [warn]  [Permissions] Denied 'media' requested by: file:///
[2026-08-29 21:30:43.852] [warn]  [Permissions] Denied 'geolocation' requested by: file:///
[2026-08-29 21:30:43.853] [warn]  [Permissions] Denied 'window-management' requested by: file:///
[2026-08-29 21:30:43.926] [info]  [Launch]   [Ui] Checking HKLM for VC++ Redistributable...
[2026-08-29 21:30:44.225] [info]  [Launch]   [Ui] Found VC++ Redistributable version v14.50.35719.00
[2026-08-29 21:30:44.489] [info]  [Window] Renderer ready for window 'mission-control'
[2026-08-29 21:30:44.530] [debug] [Window] [mission-control] Window focused
[2026-08-29 21:30:44.537] [info]  [Launch]   [Textures] Index is invalid (b23748fb85ccbaa0eeb5829e06fc8c567af6c99a vs 64cb9b55fa94c1f51756f428927162012d84ef46) - making index request...
[2026-08-29 21:30:44.547] [info]  [Launch]   [Ui] Downloading UI source (2545e7fc28d10de3b6f9e5b8b66a4fc8931aece9)...
[2026-08-29 21:30:44.565] [info]  [Launch] [Licenses] No new files needed, skipping download phase...
[2026-08-29 21:30:44.566] [info]  [Launch]   [Licenses] Finished check (998ms)
[2026-08-29 21:30:44.617] [info]  [Launch] [Ui] Attempting full download for C:\Users\CARLOS_JR\.lunarclient\launcher-cache\ui-2545e7fc28d10de3b6f9e5b8b66a4fc8931aece9.zip, differential not available.
[2026-08-29 21:30:44.641] [info]  [Launch]   [Assets] Making assets request to https://piston-meta.mojang.com/v1/packages/a19fb461bd02ecc1604384dc72838a228df57b68/26.json... (a282bd9c58b40d84f97c46d31b5b50117a4daf98 vs a19fb461bd02ecc1604384dc72838a228df57b68)
[2026-08-29 21:30:44.765] [info]  [Launch]   [Textures] Received index response, status is 200
[2026-08-29 21:30:45.041] [warn]  [Permissions] Denied 'media' requested by: file:///
[2026-08-29 21:30:45.042] [warn]  [Permissions] Denied 'media' requested by: file:///
[2026-08-29 21:30:45.043] [warn]  [Permissions] Denied 'geolocation' requested by: file:///
[2026-08-29 21:30:45.044] [warn]  [Permissions] Denied 'window-management' requested by: file:///
[2026-08-29 21:30:45.058] [warn]  [Permissions] Denied 'media' requested by: 
[2026-08-29 21:30:45.059] [warn]  [Permissions] Denied 'media' requested by: 
[2026-08-29 21:30:45.060] [warn]  [Permissions] Denied 'geolocation' requested by: 
[2026-08-29 21:30:45.061] [warn]  [Permissions] Denied 'window-management' requested by: 
[2026-08-29 21:30:45.069] [warn]  [Permissions] Denied 'media' requested by: file:///
[2026-08-29 21:30:45.070] [warn]  [Permissions] Denied 'media' requested by: file:///
[2026-08-29 21:30:45.071] [warn]  [Permissions] Denied 'geolocation' requested by: file:///
[2026-08-29 21:30:45.072] [warn]  [Permissions] Denied 'window-management' requested by: file:///
[2026-08-29 21:30:45.083] [warn]  [Permissions] Denied 'media' requested by: 
[2026-08-29 21:30:45.084] [warn]  [Permissions] Denied 'media' requested by: 
[2026-08-29 21:30:45.085] [warn]  [Permissions] Denied 'geolocation' requested by: 
[2026-08-29 21:30:45.086] [warn]  [Permissions] Denied 'window-management' requested by: 
[2026-08-29 21:30:45.130] [warn]  [Permissions] Denied 'media' requested by: file:///
[2026-08-29 21:30:45.131] [warn]  [Permissions] Denied 'media' requested by: file:///
[2026-08-29 21:30:45.132] [warn]  [Permissions] Denied 'geolocation' requested by: file:///
[2026-08-29 21:30:45.134] [warn]  [Permissions] Denied 'window-management' requested by: file:///
[2026-08-29 21:30:46.665] [info]  [Launch]   [Assets] Received assets response, status is 200
[2026-08-29 21:30:50.665] [debug] [Window] [mission-control] Window minimized
[2026-08-29 21:30:50.699] [debug] [Window] [main] Window focused
[2026-08-29 21:30:51.989] [debug] [Window] [main] Window minimized
[2026-08-29 21:30:52.489] [info]  [Settings] Setting launcher-resolution-main to {"width":1400,"height":800,"maximized":false,"fullscreen":false}...
[2026-08-29 21:30:53.994] [info]  [Launch]   [Ui] Extracting UI 2545e7fc28d10de3b6f9e5b8b66a4fc8931aece9...
[2026-08-29 21:30:55.262] [debug] [Window] [mission-control] Window focused
[2026-08-29 21:30:57.213] [info]  [Launch] Cancelling launch (ID: 9b91d83c-c0b0-4d78-bbc7-6052c8379cea, Status: cancelling)...
[2026-08-29 21:30:57.288] [info]  [Launch]   [Textures] Finished check (13719ms)
[2026-08-29 21:30:57.291] [error] [Launch] Uncaught LauncherError during launch process: Error: ABORTED
    at C:\Users\CARLOS_JR\AppData\Local\Programs\Lunar Client\resources\app.asar\dist-electron\electron\main.js:210:28396
    at new Promise (<anonymous>)
    at C:\Users\CARLOS_JR\AppData\Local\Programs\Lunar Client\resources\app.asar\dist-electron\electron\main.js:210:28341
    at C:\Users\CARLOS_JR\AppData\Local\Programs\Lunar Client\resources\app.asar\dist-electron\electron\main.js:24:87561
    at qi (C:\Users\CARLOS_JR\AppData\Local\Programs\Lunar Client\resources\app.asar\dist-electron\electron\main.js:9:4730)
    at C:\Users\CARLOS_JR\AppData\Local\Programs\Lunar Client\resources\app.asar\dist-electron\electron\main.js:24:87554
    at AsyncLocalStorage.run (node:internal/async_local_storage/async_hooks:91:14)
    at tie.with (C:\Users\CARLOS_JR\AppData\Local\Programs\Lunar Client\resources\app.asar\dist-electron\electron\main.js:24:102381)
    at e.with (C:\Users\CARLOS_JR\AppData\Local\Programs\Lunar Client\resources\app.asar\dist-electron\electron\main.js:17:19638)
    at Ru.startActiveSpan (C:\Users\CARLOS_JR\AppData\Local\Programs\Lunar Client\resources\app.asar\dist-electron\electron\main.js:24:77933)
    at C:\Users\CARLOS_JR\AppData\Local\Programs\Lunar Client\resources\app.asar\dist-electron\electron\main.js:24:87522
    at C:\Users\CARLOS_JR\AppData\Local\Programs\Lunar Client\resources\app.asar\dist-electron\electron\main.js:24:89351
    at Rd (C:\Users\CARLOS_JR\AppData\Local\Programs\Lunar Client\resources\app.asar\dist-electron\electron\main.js:24:87132)
    at Object.zd [as startSpan] (C:\Users\CARLOS_JR\AppData\Local\Programs\Lunar Client\resources\app.asar\dist-electron\electron\main.js:24:87688)
    at Zi (C:\Users\CARLOS_JR\AppData\Local\Programs\Lunar Client\resources\app.asar\dist-electron\electron\main.js:9:5918)
    at oH (C:\Users\CARLOS_JR\AppData\Local\Programs\Lunar Client\resources\app.asar\dist-electron\electron\main.js:210:27926)
[2026-08-29 21:30:57.320] [info]  [DiscordRP] Updating activity status...
[2026-08-29 21:30:57.323] [info]  [Launch] Aborting the launch as per user request, resetting...
[2026-08-29 21:30:57.329] [info]  [Settings] Setting launcher-resolution-main to {"width":1400,"height":800,"maximized":true,"fullscreen":false}...
[2026-08-29 21:30:57.366] [debug] [Window] [main] Window focused
[2026-08-29 21:30:57.371] [debug] [Window] [main] Window focused
[2026-08-29 21:30:57.826] [info]  [Launch]   [Ui] Zip extraction stream closed successfully.
[2026-08-29 21:30:58.220] [info]  [Launch]   [Ui] Zip contains 2 file entries.
[2026-08-29 21:30:58.224] [info]  [Launch]   [Ui] All 2 expected files are present.
[2026-08-29 21:30:58.282] [info]  [Launch]   [Ui] UI 2545e7fc28d10de3b6f9e5b8b66a4fc8931aece9 extracted successfully.
[2026-08-29 21:30:58.352] [info]  [Launch]   [Ui] Index is invalid (undefined vs 6ded63ac11901565d77298f7efc12f297c6e1ad2) - making index request...
[2026-08-29 21:30:58.473] [info]  [Launch]   [Jre] No new files needed, skipping download phase...
[2026-08-29 21:30:58.475] [info]  [Launch]   [Jre] Unable to perform Windows JavaW fix (missing data), skipping...
[2026-08-29 21:30:58.476] [info]  [Launch]   [Jre] Performing JavaW integrity check...
[2026-08-29 21:30:58.478] [info]  [Launch]   [Jre] Current JavaW file permissions: 666
[2026-08-29 21:30:58.480] [info]  [Launch]   [Jre] Finished check (14905ms)
[2026-08-29 21:31:01.404] [debug] [Window] [mission-control] Window focused
[2026-08-29 21:31:04.775] [debug] [Window] [mission-control] Window closing...
[2026-08-29 21:31:04.851] [debug] [Window] [main] Window focused
[2026-08-29 21:38:23.485] [debug] [Window] [main] Window focused
[2026-08-29 21:44:46.663] [info]  [Updater] Checking for updates...
[2026-08-29 21:44:46.665] [info]           * Current Version: 3.7.16.12965
[2026-08-29 21:44:46.667] [info]           * Channel: latest-ow
[2026-08-29 21:44:46.668] [info]           * URL: https://launcherupdates.lunarclientcdn.com
[2026-08-29 21:44:46.670] [info]           * User Initiated: false
[2026-08-29 21:44:46.794] [info]  [Updater] No updates available.
[2026-08-29 21:44:46.796] [info]  [Updater] Update check returned a result... skipping: {"isUpdateAvailable":false,"versionInfo":{"version":"3.7.16-ow","files":[{"url":"Lunar Client v3.7.16-ow.exe","sha512":"K25vDcT8UO0xbMd4MX5URU+l33+vEILLkpsRkxPMYVfB+yP5gqHGuNWOOGgUOE0gH2g4j+1Mjo9AFnQDC35tng=="}],"path":"Lunar Client v3.7.16-ow.exe","sha512":"K25vDcT8UO0xbMd4MX5URU+l33+vEILLkpsRkxPMYVfB+yP5gqHGuNWOOGgUOE0gH2g4j+1Mjo9AFnQDC35tng==","packages":{"x64":{"size":112473965,"sha512":"f2R8yaxYfUc7t48Bk04LzCImKB27jTxQcAe6RAFE/2lMaHmhsNJCJ47S0XSDCCvUNJp5imIeKLPifHT4z+jt5g==","blockMapSize":116960,"path":"lunarclient-3.7.16-ow-x64.nsis.7z","file":"lunarclient-3.7.16-ow-x64.nsis.7z"}},"releaseDate":"2026-08-24T23:38:30.176Z"},"updateInfo":{"version":"3.7.16-ow","files":[{"url":"Lunar Client v3.7.16-ow.exe","sha512":"K25vDcT8UO0xbMd4MX5URU+l33+vEILLkpsRkxPMYVfB+yP5gqHGuNWOOGgUOE0gH2g4j+1Mjo9AFnQDC35tng=="}],"path":"Lunar Client v3.7.16-ow.exe","sha512":"K25vDcT8UO0xbMd4MX5URU+l33+vEILLkpsRkxPMYVfB+yP5gqHGuNWOOGgUOE0gH2g4j+1Mjo9AFnQDC35tng==","packages":{"x64":{"size":112473965,"sha512":"f2R8yaxYfUc7t48Bk04LzCImKB27jTxQcAe6RAFE/2lMaHmhsNJCJ47S0XSDCCvUNJp5imIeKLPifHT4z+jt5g==","blockMapSize":116960,"path":"lunarclient-3.7.16-ow-x64.nsis.7z","file":"lunarclient-3.7.16-ow-x64.nsis.7z"}},"releaseDate":"2026-08-24T23:38:30.176Z"}}
[2026-08-29 21:46:27.263] [debug] [Window] [main] Window focused
[2026-08-29 21:59:46.664] [info]  [Updater] Checking for updates...
[2026-08-29 21:59:46.667] [info]           * Current Version: 3.7.16.12965
[2026-08-29 21:59:46.669] [info]           * Channel: latest-ow
[2026-08-29 21:59:46.670] [info]           * URL: https://launcherupdates.lunarclientcdn.com
[2026-08-29 21:59:46.671] [info]           * User Initiated: false
[2026-08-29 21:59:46.780] [info]  [Updater] No updates available.
[2026-08-29 21:59:46.782] [info]  [Updater] Update check returned a result... skipping: {"isUpdateAvailable":false,"versionInfo":{"version":"3.7.16-ow","files":[{"url":"Lunar Client v3.7.16-ow.exe","sha512":"K25vDcT8UO0xbMd4MX5URU+l33+vEILLkpsRkxPMYVfB+yP5gqHGuNWOOGgUOE0gH2g4j+1Mjo9AFnQDC35tng=="}],"path":"Lunar Client v3.7.16-ow.exe","sha512":"K25vDcT8UO0xbMd4MX5URU+l33+vEILLkpsRkxPMYVfB+yP5gqHGuNWOOGgUOE0gH2g4j+1Mjo9AFnQDC35tng==","packages":{"x64":{"size":112473965,"sha512":"f2R8yaxYfUc7t48Bk04LzCImKB27jTxQcAe6RAFE/2lMaHmhsNJCJ47S0XSDCCvUNJp5imIeKLPifHT4z+jt5g==","blockMapSize":116960,"path":"lunarclient-3.7.16-ow-x64.nsis.7z","file":"lunarclient-3.7.16-ow-x64.nsis.7z"}},"releaseDate":"2026-08-24T23:38:30.176Z"},"updateInfo":{"version":"3.7.16-ow","files":[{"url":"Lunar Client v3.7.16-ow.exe","sha512":"K25vDcT8UO0xbMd4MX5URU+l33+vEILLkpsRkxPMYVfB+yP5gqHGuNWOOGgUOE0gH2g4j+1Mjo9AFnQDC35tng=="}],"path":"Lunar Client v3.7.16-ow.exe","sha512":"K25vDcT8UO0xbMd4MX5URU+l33+vEILLkpsRkxPMYVfB+yP5gqHGuNWOOGgUOE0gH2g4j+1Mjo9AFnQDC35tng==","packages":{"x64":{"size":112473965,"sha512":"f2R8yaxYfUc7t48Bk04LzCImKB27jTxQcAe6RAFE/2lMaHmhsNJCJ47S0XSDCCvUNJp5imIeKLPifHT4z+jt5g==","blockMapSize":116960,"path":"lunarclient-3.7.16-ow-x64.nsis.7z","file":"lunarclient-3.7.16-ow-x64.nsis.7z"}},"releaseDate":"2026-08-24T23:38:30.176Z"}}
[2026-08-29 22:14:46.688] [info]  [Updater] Checking for updates...
[2026-08-29 22:14:46.691] [info]           * Current Version: 3.7.16.12965
[2026-08-29 22:14:46.692] [info]           * Channel: latest-ow
[2026-08-29 22:14:46.694] [info]           * URL: https://launcherupdates.lunarclientcdn.com
[2026-08-29 22:14:46.695] [info]           * User Initiated: false
[2026-08-29 22:14:46.808] [info]  [Updater] No updates available.
[2026-08-29 22:14:46.810] [info]  [Updater] Update check returned a result... skipping: {"isUpdateAvailable":false,"versionInfo":{"version":"3.7.16-ow","files":[{"url":"Lunar Client v3.7.16-ow.exe","sha512":"K25vDcT8UO0xbMd4MX5URU+l33+vEILLkpsRkxPMYVfB+yP5gqHGuNWOOGgUOE0gH2g4j+1Mjo9AFnQDC35tng=="}],"path":"Lunar Client v3.7.16-ow.exe","sha512":"K25vDcT8UO0xbMd4MX5URU+l33+vEILLkpsRkxPMYVfB+yP5gqHGuNWOOGgUOE0gH2g4j+1Mjo9AFnQDC35tng==","packages":{"x64":{"size":112473965,"sha512":"f2R8yaxYfUc7t48Bk04LzCImKB27jTxQcAe6RAFE/2lMaHmhsNJCJ47S0XSDCCvUNJp5imIeKLPifHT4z+jt5g==","blockMapSize":116960,"path":"lunarclient-3.7.16-ow-x64.nsis.7z","file":"lunarclient-3.7.16-ow-x64.nsis.7z"}},"releaseDate":"2026-08-24T23:38:30.176Z"},"updateInfo":{"version":"3.7.16-ow","files":[{"url":"Lunar Client v3.7.16-ow.exe","sha512":"K25vDcT8UO0xbMd4MX5URU+l33+vEILLkpsRkxPMYVfB+yP5gqHGuNWOOGgUOE0gH2g4j+1Mjo9AFnQDC35tng=="}],"path":"Lunar Client v3.7.16-ow.exe","sha512":"K25vDcT8UO0xbMd4MX5URU+l33+vEILLkpsRkxPMYVfB+yP5gqHGuNWOOGgUOE0gH2g4j+1Mjo9AFnQDC35tng==","packages":{"x64":{"size":112473965,"sha512":"f2R8yaxYfUc7t48Bk04LzCImKB27jTxQcAe6RAFE/2lMaHmhsNJCJ47S0XSDCCvUNJp5imIeKLPifHT4z+jt5g==","blockMapSize":116960,"path":"lunarclient-3.7.16-ow-x64.nsis.7z","file":"lunarclient-3.7.16-ow-x64.nsis.7z"}},"releaseDate":"2026-08-24T23:38:30.176Z"}}
[2026-08-29 22:28:07.634] [debug] [Window] [main] Window focused
[2026-08-29 22:28:09.691] [debug] [Window] [main] Window focused
[2026-08-29 22:28:11.209] [debug] [Window] [main] Window focused
[2026-08-29 22:28:12.632] [debug] [Window] [main] Window closing...
[2026-08-29 22:28:12.679] [debug] [Window] [main] Window hidden
[2026-08-29 22:29:46.699] [info]  [Updater] Checking for updates...
[2026-08-29 22:29:46.703] [info]           * Current Version: 3.7.16.12965
[2026-08-29 22:29:46.704] [info]           * Channel: latest-ow
[2026-08-29 22:29:46.706] [info]           * URL: https://launcherupdates.lunarclientcdn.com
[2026-08-29 22:29:46.708] [info]           * User Initiated: false
[2026-08-29 22:29:46.881] [info]  [Updater] No updates available.
[2026-08-29 22:29:46.883] [info]  [Updater] Update check returned a result... skipping: {"isUpdateAvailable":false,"versionInfo":{"version":"3.7.16-ow","files":[{"url":"Lunar Client v3.7.16-ow.exe","sha512":"K25vDcT8UO0xbMd4MX5URU+l33+vEILLkpsRkxPMYVfB+yP5gqHGuNWOOGgUOE0gH2g4j+1Mjo9AFnQDC35tng=="}],"path":"Lunar Client v3.7.16-ow.exe","sha512":"K25vDcT8UO0xbMd4MX5URU+l33+vEILLkpsRkxPMYVfB+yP5gqHGuNWOOGgUOE0gH2g4j+1Mjo9AFnQDC35tng==","packages":{"x64":{"size":112473965,"sha512":"f2R8yaxYfUc7t48Bk04LzCImKB27jTxQcAe6RAFE/2lMaHmhsNJCJ47S0XSDCCvUNJp5imIeKLPifHT4z+jt5g==","blockMapSize":116960,"path":"lunarclient-3.7.16-ow-x64.nsis.7z","file":"lunarclient-3.7.16-ow-x64.nsis.7z"}},"releaseDate":"2026-08-24T23:38:30.176Z"},"updateInfo":{"version":"3.7.16-ow","files":[{"url":"Lunar Client v3.7.16-ow.exe","sha512":"K25vDcT8UO0xbMd4MX5URU+l33+vEILLkpsRkxPMYVfB+yP5gqHGuNWOOGgUOE0gH2g4j+1Mjo9AFnQDC35tng=="}],"path":"Lunar Client v3.7.16-ow.exe","sha512":"K25vDcT8UO0xbMd4MX5URU+l33+vEILLkpsRkxPMYVfB+yP5gqHGuNWOOGgUOE0gH2g4j+1Mjo9AFnQDC35tng==","packages":{"x64":{"size":112473965,"sha512":"f2R8yaxYfUc7t48Bk04LzCImKB27jTxQcAe6RAFE/2lMaHmhsNJCJ47S0XSDCCvUNJp5imIeKLPifHT4z+jt5g==","blockMapSize":116960,"path":"lunarclient-3.7.16-ow-x64.nsis.7z","file":"lunarclient-3.7.16-ow-x64.nsis.7z"}},"releaseDate":"2026-08-24T23:38:30.176Z"}}
[2026-08-29 22:44:46.752] [info]  [Updater] Checking for updates...
[2026-08-29 22:44:46.758] [info]           * Current Version: 3.7.16.12965
[2026-08-29 22:44:46.760] [info]           * Channel: latest-ow
[2026-08-29 22:44:46.763] [info]           * URL: https://launcherupdates.lunarclientcdn.com
[2026-08-29 22:44:46.766] [info]           * User Initiated: false
[2026-08-29 22:44:47.094] [info]  [Updater] No updates available.
[2026-08-29 22:44:47.100] [info]  [Updater] Update check returned a result... skipping: {"isUpdateAvailable":false,"versionInfo":{"version":"3.7.16-ow","files":[{"url":"Lunar Client v3.7.16-ow.exe","sha512":"K25vDcT8UO0xbMd4MX5URU+l33+vEILLkpsRkxPMYVfB+yP5gqHGuNWOOGgUOE0gH2g4j+1Mjo9AFnQDC35tng=="}],"path":"Lunar Client v3.7.16-ow.exe","sha512":"K25vDcT8UO0xbMd4MX5URU+l33+vEILLkpsRkxPMYVfB+yP5gqHGuNWOOGgUOE0gH2g4j+1Mjo9AFnQDC35tng==","packages":{"x64":{"size":112473965,"sha512":"f2R8yaxYfUc7t48Bk04LzCImKB27jTxQcAe6RAFE/2lMaHmhsNJCJ47S0XSDCCvUNJp5imIeKLPifHT4z+jt5g==","blockMapSize":116960,"path":"lunarclient-3.7.16-ow-x64.nsis.7z","file":"lunarclient-3.7.16-ow-x64.nsis.7z"}},"releaseDate":"2026-08-24T23:38:30.176Z"},"updateInfo":{"version":"3.7.16-ow","files":[{"url":"Lunar Client v3.7.16-ow.exe","sha512":"K25vDcT8UO0xbMd4MX5URU+l33+vEILLkpsRkxPMYVfB+yP5gqHGuNWOOGgUOE0gH2g4j+1Mjo9AFnQDC35tng=="}],"path":"Lunar Client v3.7.16-ow.exe","sha512":"K25vDcT8UO0xbMd4MX5URU+l33+vEILLkpsRkxPMYVfB+yP5gqHGuNWOOGgUOE0gH2g4j+1Mjo9AFnQDC35tng==","packages":{"x64":{"size":112473965,"sha512":"f2R8yaxYfUc7t48Bk04LzCImKB27jTxQcAe6RAFE/2lMaHmhsNJCJ47S0XSDCCvUNJp5imIeKLPifHT4z+jt5g==","blockMapSize":116960,"path":"lunarclient-3.7.16-ow-x64.nsis.7z","file":"lunarclient-3.7.16-ow-x64.nsis.7z"}},"releaseDate":"2026-08-24T23:38:30.176Z"}}
[2026-08-29 22:59:46.723] [info]  [Updater] Checking for updates...
[2026-08-29 22:59:46.726] [info]           * Current Version: 3.7.16.12965
[2026-08-29 22:59:46.729] [info]           * Channel: latest-ow
[2026-08-29 22:59:46.733] [info]           * URL: https://launcherupdates.lunarclientcdn.com
[2026-08-29 22:59:46.735] [info]           * User Initiated: false
[2026-08-29 22:59:46.947] [info]  [Updater] No updates available.
[2026-08-29 22:59:46.949] [info]  [Updater] Update check returned a result... skipping: {"isUpdateAvailable":false,"versionInfo":{"version":"3.7.16-ow","files":[{"url":"Lunar Client v3.7.16-ow.exe","sha512":"K25vDcT8UO0xbMd4MX5URU+l33+vEILLkpsRkxPMYVfB+yP5gqHGuNWOOGgUOE0gH2g4j+1Mjo9AFnQDC35tng=="}],"path":"Lunar Client v3.7.16-ow.exe","sha512":"K25vDcT8UO0xbMd4MX5URU+l33+vEILLkpsRkxPMYVfB+yP5gqHGuNWOOGgUOE0gH2g4j+1Mjo9AFnQDC35tng==","packages":{"x64":{"size":112473965,"sha512":"f2R8yaxYfUc7t48Bk04LzCImKB27jTxQcAe6RAFE/2lMaHmhsNJCJ47S0XSDCCvUNJp5imIeKLPifHT4z+jt5g==","blockMapSize":116960,"path":"lunarclient-3.7.16-ow-x64.nsis.7z","file":"lunarclient-3.7.16-ow-x64.nsis.7z"}},"releaseDate":"2026-08-24T23:38:30.176Z"},"updateInfo":{"version":"3.7.16-ow","files":[{"url":"Lunar Client v3.7.16-ow.exe","sha512":"K25vDcT8UO0xbMd4MX5URU+l33+vEILLkpsRkxPMYVfB+yP5gqHGuNWOOGgUOE0gH2g4j+1Mjo9AFnQDC35tng=="}],"path":"Lunar Client v3.7.16-ow.exe","sha512":"K25vDcT8UO0xbMd4MX5URU+l33+vEILLkpsRkxPMYVfB+yP5gqHGuNWOOGgUOE0gH2g4j+1Mjo9AFnQDC35tng==","packages":{"x64":{"size":112473965,"sha512":"f2R8yaxYfUc7t48Bk04LzCImKB27jTxQcAe6RAFE/2lMaHmhsNJCJ47S0XSDCCvUNJp5imIeKLPifHT4z+jt5g==","blockMapSize":116960,"path":"lunarclient-3.7.16-ow-x64.nsis.7z","file":"lunarclient-3.7.16-ow-x64.nsis.7z"}},"releaseDate":"2026-08-24T23:38:30.176Z"}}
[2026-08-29 23:14:46.706] [info]  [Updater] Checking for updates...
[2026-08-29 23:14:46.709] [info]           * Current Version: 3.7.16.12965
[2026-08-29 23:14:46.711] [info]           * Channel: latest-ow
[2026-08-29 23:14:46.712] [info]           * URL: https://launcherupdates.lunarclientcdn.com
[2026-08-29 23:14:46.713] [info]           * User Initiated: false
[2026-08-29 23:14:46.835] [info]  [Updater] No updates available.
[2026-08-29 23:14:46.838] [info]  [Updater] Update check returned a result... skipping: {"isUpdateAvailable":false,"versionInfo":{"version":"3.7.16-ow","files":[{"url":"Lunar Client v3.7.16-ow.exe","sha512":"K25vDcT8UO0xbMd4MX5URU+l33+vEILLkpsRkxPMYVfB+yP5gqHGuNWOOGgUOE0gH2g4j+1Mjo9AFnQDC35tng=="}],"path":"Lunar Client v3.7.16-ow.exe","sha512":"K25vDcT8UO0xbMd4MX5URU+l33+vEILLkpsRkxPMYVfB+yP5gqHGuNWOOGgUOE0gH2g4j+1Mjo9AFnQDC35tng==","packages":{"x64":{"size":112473965,"sha512":"f2R8yaxYfUc7t48Bk04LzCImKB27jTxQcAe6RAFE/2lMaHmhsNJCJ47S0XSDCCvUNJp5imIeKLPifHT4z+jt5g==","blockMapSize":116960,"path":"lunarclient-3.7.16-ow-x64.nsis.7z","file":"lunarclient-3.7.16-ow-x64.nsis.7z"}},"releaseDate":"2026-08-24T23:38:30.176Z"},"updateInfo":{"version":"3.7.16-ow","files":[{"url":"Lunar Client v3.7.16-ow.exe","sha512":"K25vDcT8UO0xbMd4MX5URU+l33+vEILLkpsRkxPMYVfB+yP5gqHGuNWOOGgUOE0gH2g4j+1Mjo9AFnQDC35tng=="}],"path":"Lunar Client v3.7.16-ow.exe","sha512":"K25vDcT8UO0xbMd4MX5URU+l33+vEILLkpsRkxPMYVfB+yP5gqHGuNWOOGgUOE0gH2g4j+1Mjo9AFnQDC35tng==","packages":{"x64":{"size":112473965,"sha512":"f2R8yaxYfUc7t48Bk04LzCImKB27jTxQcAe6RAFE/2lMaHmhsNJCJ47S0XSDCCvUNJp5imIeKLPifHT4z+jt5g==","blockMapSize":116960,"path":"lunarclient-3.7.16-ow-x64.nsis.7z","file":"lunarclient-3.7.16-ow-x64.nsis.7z"}},"releaseDate":"2026-08-24T23:38:30.176Z"}}
[2026-08-29 23:29:46.698] [info]  [Updater] Checking for updates...
[2026-08-29 23:29:46.699] [info]           * Current Version: 3.7.16.12965
[2026-08-29 23:29:46.700] [info]           * Channel: latest-ow
[2026-08-29 23:29:46.701] [info]           * URL: https://launcherupdates.lunarclientcdn.com
[2026-08-29 23:29:46.702] [info]           * User Initiated: false
[2026-08-29 23:29:46.796] [info]  [Updater] No updates available.
[2026-08-29 23:29:46.797] [info]  [Updater] Update check returned a result... skipping: {"isUpdateAvailable":false,"versionInfo":{"version":"3.7.16-ow","files":[{"url":"Lunar Client v3.7.16-ow.exe","sha512":"K25vDcT8UO0xbMd4MX5URU+l33+vEILLkpsRkxPMYVfB+yP5gqHGuNWOOGgUOE0gH2g4j+1Mjo9AFnQDC35tng=="}],"path":"Lunar Client v3.7.16-ow.exe","sha512":"K25vDcT8UO0xbMd4MX5URU+l33+vEILLkpsRkxPMYVfB+yP5gqHGuNWOOGgUOE0gH2g4j+1Mjo9AFnQDC35tng==","packages":{"x64":{"size":112473965,"sha512":"f2R8yaxYfUc7t48Bk04LzCImKB27jTxQcAe6RAFE/2lMaHmhsNJCJ47S0XSDCCvUNJp5imIeKLPifHT4z+jt5g==","blockMapSize":116960,"path":"lunarclient-3.7.16-ow-x64.nsis.7z","file":"lunarclient-3.7.16-ow-x64.nsis.7z"}},"releaseDate":"2026-08-24T23:38:30.176Z"},"updateInfo":{"version":"3.7.16-ow","files":[{"url":"Lunar Client v3.7.16-ow.exe","sha512":"K25vDcT8UO0xbMd4MX5URU+l33+vEILLkpsRkxPMYVfB+yP5gqHGuNWOOGgUOE0gH2g4j+1Mjo9AFnQDC35tng=="}],"path":"Lunar Client v3.7.16-ow.exe","sha512":"K25vDcT8UO0xbMd4MX5URU+l33+vEILLkpsRkxPMYVfB+yP5gqHGuNWOOGgUOE0gH2g4j+1Mjo9AFnQDC35tng==","packages":{"x64":{"size":112473965,"sha512":"f2R8yaxYfUc7t48Bk04LzCImKB27jTxQcAe6RAFE/2lMaHmhsNJCJ47S0XSDCCvUNJp5imIeKLPifHT4z+jt5g==","blockMapSize":116960,"path":"lunarclient-3.7.16-ow-x64.nsis.7z","file":"lunarclient-3.7.16-ow-x64.nsis.7z"}},"releaseDate":"2026-08-24T23:38:30.176Z"}}
[2026-08-29 23:38:53.558] [info]  [Overwolf] [Overlay] Game launched, skipping injection because the feature is currently disabled
[2026-08-29 23:38:58.003] [info]  [Overwolf] [CRN] 'before-notification' event was fired
[2026-08-29 23:40:33.864] [warn]  [Watchdog] Main process event loop stalled for ~1317ms (cpu: ~30ms)
[2026-08-29 23:42:53.222] [warn]  [Watchdog] Main process event loop stalled for ~1071ms (cpu: ~62ms)
[2026-08-29 23:44:46.736] [info]  [Updater] Checking for updates...
[2026-08-29 23:44:46.739] [info]           * Current Version: 3.7.16.12965
[2026-08-29 23:44:46.741] [info]           * Channel: latest-ow
[2026-08-29 23:44:46.744] [info]           * URL: https://launcherupdates.lunarclientcdn.com
[2026-08-29 23:44:46.746] [info]           * User Initiated: false
[2026-08-29 23:44:47.058] [info]  [Updater] No updates available.
[2026-08-29 23:44:47.061] [info]  [Updater] Update check returned a result... skipping: {"isUpdateAvailable":false,"versionInfo":{"version":"3.7.16-ow","files":[{"url":"Lunar Client v3.7.16-ow.exe","sha512":"K25vDcT8UO0xbMd4MX5URU+l33+vEILLkpsRkxPMYVfB+yP5gqHGuNWOOGgUOE0gH2g4j+1Mjo9AFnQDC35tng=="}],"path":"Lunar Client v3.7.16-ow.exe","sha512":"K25vDcT8UO0xbMd4MX5URU+l33+vEILLkpsRkxPMYVfB+yP5gqHGuNWOOGgUOE0gH2g4j+1Mjo9AFnQDC35tng==","packages":{"x64":{"size":112473965,"sha512":"f2R8yaxYfUc7t48Bk04LzCImKB27jTxQcAe6RAFE/2lMaHmhsNJCJ47S0XSDCCvUNJp5imIeKLPifHT4z+jt5g==","blockMapSize":116960,"path":"lunarclient-3.7.16-ow-x64.nsis.7z","file":"lunarclient-3.7.16-ow-x64.nsis.7z"}},"releaseDate":"2026-08-24T23:38:30.176Z"},"updateInfo":{"version":"3.7.16-ow","files":[{"url":"Lunar Client v3.7.16-ow.exe","sha512":"K25vDcT8UO0xbMd4MX5URU+l33+vEILLkpsRkxPMYVfB+yP5gqHGuNWOOGgUOE0gH2g4j+1Mjo9AFnQDC35tng=="}],"path":"Lunar Client v3.7.16-ow.exe","sha512":"K25vDcT8UO0xbMd4MX5URU+l33+vEILLkpsRkxPMYVfB+yP5gqHGuNWOOGgUOE0gH2g4j+1Mjo9AFnQDC35tng==","packages":{"x64":{"size":112473965,"sha512":"f2R8yaxYfUc7t48Bk04LzCImKB27jTxQcAe6RAFE/2lMaHmhsNJCJ47S0XSDCCvUNJp5imIeKLPifHT4z+jt5g==","blockMapSize":116960,"path":"lunarclient-3.7.16-ow-x64.nsis.7z","file":"lunarclient-3.7.16-ow-x64.nsis.7z"}},"releaseDate":"2026-08-24T23:38:30.176Z"}}
[2026-08-29 23:59:46.742] [info]  [Updater] Checking for updates...
[2026-08-29 23:59:46.745] [info]           * Current Version: 3.7.16.12965
[2026-08-29 23:59:46.747] [info]           * Channel: latest-ow
[2026-08-29 23:59:46.750] [info]           * URL: https://launcherupdates.lunarclientcdn.com
[2026-08-29 23:59:46.753] [info]           * User Initiated: false
[2026-08-29 23:59:46.884] [info]  [Updater] No updates available.
[2026-08-29 23:59:46.886] [info]  [Updater] Update check returned a result... skipping: {"isUpdateAvailable":false,"versionInfo":{"version":"3.7.16-ow","files":[{"url":"Lunar Client v3.7.16-ow.exe","sha512":"K25vDcT8UO0xbMd4MX5URU+l33+vEILLkpsRkxPMYVfB+yP5gqHGuNWOOGgUOE0gH2g4j+1Mjo9AFnQDC35tng=="}],"path":"Lunar Client v3.7.16-ow.exe","sha512":"K25vDcT8UO0xbMd4MX5URU+l33+vEILLkpsRkxPMYVfB+yP5gqHGuNWOOGgUOE0gH2g4j+1Mjo9AFnQDC35tng==","packages":{"x64":{"size":112473965,"sha512":"f2R8yaxYfUc7t48Bk04LzCImKB27jTxQcAe6RAFE/2lMaHmhsNJCJ47S0XSDCCvUNJp5imIeKLPifHT4z+jt5g==","blockMapSize":116960,"path":"lunarclient-3.7.16-ow-x64.nsis.7z","file":"lunarclient-3.7.16-ow-x64.nsis.7z"}},"releaseDate":"2026-08-24T23:38:30.176Z"},"updateInfo":{"version":"3.7.16-ow","files":[{"url":"Lunar Client v3.7.16-ow.exe","sha512":"K25vDcT8UO0xbMd4MX5URU+l33+vEILLkpsRkxPMYVfB+yP5gqHGuNWOOGgUOE0gH2g4j+1Mjo9AFnQDC35tng=="}],"path":"Lunar Client v3.7.16-ow.exe","sha512":"K25vDcT8UO0xbMd4MX5URU+l33+vEILLkpsRkxPMYVfB+yP5gqHGuNWOOGgUOE0gH2g4j+1Mjo9AFnQDC35tng==","packages":{"x64":{"size":112473965,"sha512":"f2R8yaxYfUc7t48Bk04LzCImKB27jTxQcAe6RAFE/2lMaHmhsNJCJ47S0XSDCCvUNJp5imIeKLPifHT4z+jt5g==","blockMapSize":116960,"path":"lunarclient-3.7.16-ow-x64.nsis.7z","file":"lunarclient-3.7.16-ow-x64.nsis.7z"}},"releaseDate":"2026-08-24T23:38:30.176Z"}}
[2026-08-30 00:14:46.714] [info]  [Updater] Checking for updates...
[2026-08-30 00:14:46.715] [info]           * Current Version: 3.7.16.12965
[2026-08-30 00:14:46.716] [info]           * Channel: latest-ow
[2026-08-30 00:14:46.718] [info]           * URL: https://launcherupdates.lunarclientcdn.com
[2026-08-30 00:14:46.719] [info]           * User Initiated: false
[2026-08-30 00:14:46.828] [info]  [Updater] No updates available.
[2026-08-30 00:14:46.829] [info]  [Updater] Update check returned a result... skipping: {"isUpdateAvailable":false,"versionInfo":{"version":"3.7.16-ow","files":[{"url":"Lunar Client v3.7.16-ow.exe","sha512":"K25vDcT8UO0xbMd4MX5URU+l33+vEILLkpsRkxPMYVfB+yP5gqHGuNWOOGgUOE0gH2g4j+1Mjo9AFnQDC35tng=="}],"path":"Lunar Client v3.7.16-ow.exe","sha512":"K25vDcT8UO0xbMd4MX5URU+l33+vEILLkpsRkxPMYVfB+yP5gqHGuNWOOGgUOE0gH2g4j+1Mjo9AFnQDC35tng==","packages":{"x64":{"size":112473965,"sha512":"f2R8yaxYfUc7t48Bk04LzCImKB27jTxQcAe6RAFE/2lMaHmhsNJCJ47S0XSDCCvUNJp5imIeKLPifHT4z+jt5g==","blockMapSize":116960,"path":"lunarclient-3.7.16-ow-x64.nsis.7z","file":"lunarclient-3.7.16-ow-x64.nsis.7z"}},"releaseDate":"2026-08-24T23:38:30.176Z"},"updateInfo":{"version":"3.7.16-ow","files":[{"url":"Lunar Client v3.7.16-ow.exe","sha512":"K25vDcT8UO0xbMd4MX5URU+l33+vEILLkpsRkxPMYVfB+yP5gqHGuNWOOGgUOE0gH2g4j+1Mjo9AFnQDC35tng=="}],"path":"Lunar Client v3.7.16-ow.exe","sha512":"K25vDcT8UO0xbMd4MX5URU+l33+vEILLkpsRkxPMYVfB+yP5gqHGuNWOOGgUOE0gH2g4j+1Mjo9AFnQDC35tng==","packages":{"x64":{"size":112473965,"sha512":"f2R8yaxYfUc7t48Bk04LzCImKB27jTxQcAe6RAFE/2lMaHmhsNJCJ47S0XSDCCvUNJp5imIeKLPifHT4z+jt5g==","blockMapSize":116960,"path":"lunarclient-3.7.16-ow-x64.nsis.7z","file":"lunarclient-3.7.16-ow-x64.nsis.7z"}},"releaseDate":"2026-08-24T23:38:30.176Z"}}
[2026-08-30 00:29:46.727] [info]  [Updater] Checking for updates...
[2026-08-30 00:29:46.729] [info]           * Current Version: 3.7.16.12965
[2026-08-30 00:29:46.731] [info]           * Channel: latest-ow
[2026-08-30 00:29:46.732] [info]           * URL: https://launcherupdates.lunarclientcdn.com
[2026-08-30 00:29:46.734] [info]           * User Initiated: false
[2026-08-30 00:29:46.850] [info]  [Updater] No updates available.
[2026-08-30 00:29:46.852] [info]  [Updater] Update check returned a result... skipping: {"isUpdateAvailable":false,"versionInfo":{"version":"3.7.16-ow","files":[{"url":"Lunar Client v3.7.16-ow.exe","sha512":"K25vDcT8UO0xbMd4MX5URU+l33+vEILLkpsRkxPMYVfB+yP5gqHGuNWOOGgUOE0gH2g4j+1Mjo9AFnQDC35tng=="}],"path":"Lunar Client v3.7.16-ow.exe","sha512":"K25vDcT8UO0xbMd4MX5URU+l33+vEILLkpsRkxPMYVfB+yP5gqHGuNWOOGgUOE0gH2g4j+1Mjo9AFnQDC35tng==","packages":{"x64":{"size":112473965,"sha512":"f2R8yaxYfUc7t48Bk04LzCImKB27jTxQcAe6RAFE/2lMaHmhsNJCJ47S0XSDCCvUNJp5imIeKLPifHT4z+jt5g==","blockMapSize":116960,"path":"lunarclient-3.7.16-ow-x64.nsis.7z","file":"lunarclient-3.7.16-ow-x64.nsis.7z"}},"releaseDate":"2026-08-24T23:38:30.176Z"},"updateInfo":{"version":"3.7.16-ow","files":[{"url":"Lunar Client v3.7.16-ow.exe","sha512":"K25vDcT8UO0xbMd4MX5URU+l33+vEILLkpsRkxPMYVfB+yP5gqHGuNWOOGgUOE0gH2g4j+1Mjo9AFnQDC35tng=="}],"path":"Lunar Client v3.7.16-ow.exe","sha512":"K25vDcT8UO0xbMd4MX5URU+l33+vEILLkpsRkxPMYVfB+yP5gqHGuNWOOGgUOE0gH2g4j+1Mjo9AFnQDC35tng==","packages":{"x64":{"size":112473965,"sha512":"f2R8yaxYfUc7t48Bk04LzCImKB27jTxQcAe6RAFE/2lMaHmhsNJCJ47S0XSDCCvUNJp5imIeKLPifHT4z+jt5g==","blockMapSize":116960,"path":"lunarclient-3.7.16-ow-x64.nsis.7z","file":"lunarclient-3.7.16-ow-x64.nsis.7z"}},"releaseDate":"2026-08-24T23:38:30.176Z"}}
[2026-08-30 00:44:46.739] [info]  [Updater] Checking for updates...
[2026-08-30 00:44:46.740] [info]           * Current Version: 3.7.16.12965
[2026-08-30 00:44:46.742] [info]           * Channel: latest-ow
[2026-08-30 00:44:46.743] [info]           * URL: https://launcherupdates.lunarclientcdn.com
[2026-08-30 00:44:46.744] [info]           * User Initiated: false
[2026-08-30 00:44:46.835] [info]  [Updater] No updates available.
[2026-08-30 00:44:46.836] [info]  [Updater] Update check returned a result... skipping: {"isUpdateAvailable":false,"versionInfo":{"version":"3.7.16-ow","files":[{"url":"Lunar Client v3.7.16-ow.exe","sha512":"K25vDcT8UO0xbMd4MX5URU+l33+vEILLkpsRkxPMYVfB+yP5gqHGuNWOOGgUOE0gH2g4j+1Mjo9AFnQDC35tng=="}],"path":"Lunar Client v3.7.16-ow.exe","sha512":"K25vDcT8UO0xbMd4MX5URU+l33+vEILLkpsRkxPMYVfB+yP5gqHGuNWOOGgUOE0gH2g4j+1Mjo9AFnQDC35tng==","packages":{"x64":{"size":112473965,"sha512":"f2R8yaxYfUc7t48Bk04LzCImKB27jTxQcAe6RAFE/2lMaHmhsNJCJ47S0XSDCCvUNJp5imIeKLPifHT4z+jt5g==","blockMapSize":116960,"path":"lunarclient-3.7.16-ow-x64.nsis.7z","file":"lunarclient-3.7.16-ow-x64.nsis.7z"}},"releaseDate":"2026-08-24T23:38:30.176Z"},"updateInfo":{"version":"3.7.16-ow","files":[{"url":"Lunar Client v3.7.16-ow.exe","sha512":"K25vDcT8UO0xbMd4MX5URU+l33+vEILLkpsRkxPMYVfB+yP5gqHGuNWOOGgUOE0gH2g4j+1Mjo9AFnQDC35tng=="}],"path":"Lunar Client v3.7.16-ow.exe","sha512":"K25vDcT8UO0xbMd4MX5URU+l33+vEILLkpsRkxPMYVfB+yP5gqHGuNWOOGgUOE0gH2g4j+1Mjo9AFnQDC35tng==","packages":{"x64":{"size":112473965,"sha512":"f2R8yaxYfUc7t48Bk04LzCImKB27jTxQcAe6RAFE/2lMaHmhsNJCJ47S0XSDCCvUNJp5imIeKLPifHT4z+jt5g==","blockMapSize":116960,"path":"lunarclient-3.7.16-ow-x64.nsis.7z","file":"lunarclient-3.7.16-ow-x64.nsis.7z"}},"releaseDate":"2026-08-24T23:38:30.176Z"}}
[2026-08-30 00:59:46.788] [info]  [Updater] Checking for updates...
[2026-08-30 00:59:46.790] [info]           * Current Version: 3.7.16.12965
[2026-08-30 00:59:46.792] [info]           * Channel: latest-ow
[2026-08-30 00:59:46.795] [info]           * URL: https://launcherupdates.lunarclientcdn.com
[2026-08-30 00:59:46.796] [info]           * User Initiated: false
[2026-08-30 00:59:46.944] [info]  [Updater] No updates available.
[2026-08-30 00:59:46.945] [info]  [Updater] Update check returned a result... skipping: {"isUpdateAvailable":false,"versionInfo":{"version":"3.7.16-ow","files":[{"url":"Lunar Client v3.7.16-ow.exe","sha512":"K25vDcT8UO0xbMd4MX5URU+l33+vEILLkpsRkxPMYVfB+yP5gqHGuNWOOGgUOE0gH2g4j+1Mjo9AFnQDC35tng=="}],"path":"Lunar Client v3.7.16-ow.exe","sha512":"K25vDcT8UO0xbMd4MX5URU+l33+vEILLkpsRkxPMYVfB+yP5gqHGuNWOOGgUOE0gH2g4j+1Mjo9AFnQDC35tng==","packages":{"x64":{"size":112473965,"sha512":"f2R8yaxYfUc7t48Bk04LzCImKB27jTxQcAe6RAFE/2lMaHmhsNJCJ47S0XSDCCvUNJp5imIeKLPifHT4z+jt5g==","blockMapSize":116960,"path":"lunarclient-3.7.16-ow-x64.nsis.7z","file":"lunarclient-3.7.16-ow-x64.nsis.7z"}},"releaseDate":"2026-08-24T23:38:30.176Z"},"updateInfo":{"version":"3.7.16-ow","files":[{"url":"Lunar Client v3.7.16-ow.exe","sha512":"K25vDcT8UO0xbMd4MX5URU+l33+vEILLkpsRkxPMYVfB+yP5gqHGuNWOOGgUOE0gH2g4j+1Mjo9AFnQDC35tng=="}],"path":"Lunar Client v3.7.16-ow.exe","sha512":"K25vDcT8UO0xbMd4MX5URU+l33+vEILLkpsRkxPMYVfB+yP5gqHGuNWOOGgUOE0gH2g4j+1Mjo9AFnQDC35tng==","packages":{"x64":{"size":112473965,"sha512":"f2R8yaxYfUc7t48Bk04LzCImKB27jTxQcAe6RAFE/2lMaHmhsNJCJ47S0XSDCCvUNJp5imIeKLPifHT4z+jt5g==","blockMapSize":116960,"path":"lunarclient-3.7.16-ow-x64.nsis.7z","file":"lunarclient-3.7.16-ow-x64.nsis.7z"}},"releaseDate":"2026-08-24T23:38:30.176Z"}}
[2026-08-30 01:14:46.797] [info]  [Updater] Checking for updates...
[2026-08-30 01:14:46.800] [info]           * Current Version: 3.7.16.12965
[2026-08-30 01:14:46.802] [info]           * Channel: latest-ow
[2026-08-30 01:14:46.803] [info]           * URL: https://launcherupdates.lunarclientcdn.com
[2026-08-30 01:14:46.804] [info]           * User Initiated: false
[2026-08-30 01:14:47.000] [info]  [Updater] No updates available.
[2026-08-30 01:14:47.001] [info]  [Updater] Update check returned a result... skipping: {"isUpdateAvailable":false,"versionInfo":{"version":"3.7.16-ow","files":[{"url":"Lunar Client v3.7.16-ow.exe","sha512":"K25vDcT8UO0xbMd4MX5URU+l33+vEILLkpsRkxPMYVfB+yP5gqHGuNWOOGgUOE0gH2g4j+1Mjo9AFnQDC35tng=="}],"path":"Lunar Client v3.7.16-ow.exe","sha512":"K25vDcT8UO0xbMd4MX5URU+l33+vEILLkpsRkxPMYVfB+yP5gqHGuNWOOGgUOE0gH2g4j+1Mjo9AFnQDC35tng==","packages":{"x64":{"size":112473965,"sha512":"f2R8yaxYfUc7t48Bk04LzCImKB27jTxQcAe6RAFE/2lMaHmhsNJCJ47S0XSDCCvUNJp5imIeKLPifHT4z+jt5g==","blockMapSize":116960,"path":"lunarclient-3.7.16-ow-x64.nsis.7z","file":"lunarclient-3.7.16-ow-x64.nsis.7z"}},"releaseDate":"2026-08-24T23:38:30.176Z"},"updateInfo":{"version":"3.7.16-ow","files":[{"url":"Lunar Client v3.7.16-ow.exe","sha512":"K25vDcT8UO0xbMd4MX5URU+l33+vEILLkpsRkxPMYVfB+yP5gqHGuNWOOGgUOE0gH2g4j+1Mjo9AFnQDC35tng=="}],"path":"Lunar Client v3.7.16-ow.exe","sha512":"K25vDcT8UO0xbMd4MX5URU+l33+vEILLkpsRkxPMYVfB+yP5gqHGuNWOOGgUOE0gH2g4j+1Mjo9AFnQDC35tng==","packages":{"x64":{"size":112473965,"sha512":"f2R8yaxYfUc7t48Bk04LzCImKB27jTxQcAe6RAFE/2lMaHmhsNJCJ47S0XSDCCvUNJp5imIeKLPifHT4z+jt5g==","blockMapSize":116960,"path":"lunarclient-3.7.16-ow-x64.nsis.7z","file":"lunarclient-3.7.16-ow-x64.nsis.7z"}},"releaseDate":"2026-08-24T23:38:30.176Z"}}
[2026-08-30 01:28:54.104] [info]  [Electron] Starting application...
[2026-08-30 01:28:54.107] [info]  [Electron] Lunar Client directory permissions: 666
[2026-08-30 01:28:54.108] [info]  [Electron] Resources path: C:\Users\CARLOS_JR\AppData\Local\Programs\Lunar Client\resources
[2026-08-30 01:28:54.109] [info]  [Electron] Crashdumps path: C:\Users\CARLOS_JR\AppData\Roaming\lunarclient\Crashpad
[2026-08-30 01:28:54.204] [info]  [Electron] Launcher is running with standard permissions.
[2026-08-30 01:28:54.222] [info]  [Identifiers] Installation ID found, ID: bc6a3018-85a4-47b1-9ac9-b04a5a4cf48e
[2026-08-30 01:28:54.229] [info]  [Identifiers] Installation ID first seen at: 2026-07-31T15:25:34.410Z
[2026-08-30 01:28:54.231] [info]  [Electron] Overwolf MUID: 45bcb4ce-2aed-422f-843e-955bc85343b3
[2026-08-30 01:28:54.232] [info]  [Electron] Starting Lunar Client Launcher...
[2026-08-30 01:28:54.233] [info]           * Session ID: 79f73c87-7cd2-4d23-9681-e3b4053f6630
[2026-08-30 01:28:54.234] [info]           * Operating System: win32 x64 10.0.26200
[2026-08-30 01:28:54.235] [info]           * Electron Version: 39.8.12 (Chrome v142.0.7444.265, Node v22.22.1)
[2026-08-30 01:28:54.236] [info]           * Binaries Type: @overwolf/ow-electron
[2026-08-30 01:28:54.237] [info]           * Version: 3.7.16
[2026-08-30 01:28:54.238] [info]           * Stream: latest-ow
[2026-08-30 01:28:54.239] [info]           * Branch: master
[2026-08-30 01:28:54.241] [info]           * Build Number: 12965
[2026-08-30 01:28:54.241] [info]           * Commit Hash: 218f614c33c57017dab2b661a5c3f019ed489648
[2026-08-30 01:28:54.242] [info]           * Short Commit Hash: 218f614
[2026-08-30 01:28:54.244] [info]           * Overwolf App UID: N/A
[2026-08-30 01:28:54.285] [info]  [Window] Second instance was detected, showing main window in primary...
[2026-08-30 01:28:54.422] [warn]  [Electron] Another instance of Lunar Client is already running... exiting.
[2026-08-30 01:28:54.440] [debug] [Window] [main] Window focused
[2026-08-30 01:28:58.712] [info]  [Profiles] Read 37 jars for profile JUNIOR_ (ID: ca09900b-3645-4e81-8129-aa5e00073a6a, Type: user-modpack, Game Version: 1.21.8):
[2026-08-30 01:28:58.712] [info]           * BadOptimizations v2.4.1: Enabled
[2026-08-30 01:28:58.713] [info]           * BlockEntityDistance v1.0.0: Enabled
[2026-08-30 01:28:58.713] [info]           * Durability Notifier v2.5.0: Enabled
[2026-08-30 01:28:58.714] [info]           * Forge Config API Port v21.8.2: Enabled
[2026-08-30 01:28:58.714] [info]           * Health Indicators v21.6.0: Enabled
[2026-08-30 01:28:58.715] [info]           * InventoryBinds v3.0.1+1.21.8: Enabled
[2026-08-30 01:28:58.715] [info]           * Jade v19.3.2+fabric: Enabled
[2026-08-30 01:28:58.715] [info]           * My Totem Doll v2.3.3+1.21.8: Enabled
[2026-08-30 01:28:58.716] [info]           * Player Animation Library v1.1.2+mc.1.21.8: Enabled
[2026-08-30 01:28:58.716] [info]           * Architectury v17.0.8: Enabled
[2026-08-30 01:28:58.716] [info]           * Chat Heads v0.15.0: Enabled
[2026-08-30 01:28:58.717] [info]           * Chat Signing Hider v1.21.8-1.0.5: Enabled
[2026-08-30 01:28:58.718] [info]           * Cloth Config v19 v19.0.147: Enabled
[2026-08-30 01:28:58.719] [info]           * Continuity v3.0.1-beta.1+1.21.6: Enabled
[2026-08-30 01:28:58.719] [info]           * Emotecraft v3.0.0-b.build.139: Enabled
[2026-08-30 01:28:58.720] [info]           * Entity View Distance v1.5.0+1.21.6: Enabled
[2026-08-30 01:28:58.721] [info]           * Fabric API v0.136.1+1.21.8: Enabled
[2026-08-30 01:28:58.721] [info]           * Fabric Language Kotlin v1.13.11+kotlin.2.3.21: Enabled
[2026-08-30 01:28:58.722] [info]           * FerriteCore v8.0.4: Enabled
[2026-08-30 01:28:58.723] [info]           * FirItemZoom v1.0-1.21.8: Enabled
[2026-08-30 01:28:58.723] [info]           * Fzzy Config v0.7.6+1.21.6: Enabled
[2026-08-30 01:28:58.724] [info]           * Konkrete v1.9.12: Enabled
[2026-08-30 01:28:58.724] [info]           * Kle's Render Layer Optimizer v1.16.2-1.21.11--0.2.1: Enabled
[2026-08-30 01:28:58.725] [info]           * Litematica v0.23.4: Enabled
[2026-08-30 01:28:58.725] [info]           * Lithium v0.18.1+mc1.21.8: Enabled
[2026-08-30 01:28:58.726] [info]           * MaLiLib v0.25.7: Enabled
[2026-08-30 01:28:58.726] [info]           * Melody v1.0.12: Enabled
[2026-08-30 01:28:58.727] [info]           * mod_v1 v1.1.0: Enabled
[2026-08-30 01:28:58.728] [info]           * Mod Menu v15.0.2: Enabled
[2026-08-30 01:28:58.728] [info]           * Noisium v2.7.0+mc1.21.6-8: Enabled
[2026-08-30 01:28:58.729] [info]           * Reese's Sodium Options v1.8.4+mc1.21.6: Enabled
[2026-08-30 01:28:58.729] [info]           * Shulker Box Tooltip v5.2.10+1.21.8: Enabled
[2026-08-30 01:28:58.730] [info]           * Skyboxify v2.8: Enabled
[2026-08-30 01:28:58.730] [info]           * Sodium Extra v0.7.0+mc1.21.8: Enabled
[2026-08-30 01:28:58.731] [info]           * Sodium v0.7.3+mc1.21.8: Enabled
[2026-08-30 01:28:58.731] [info]           * Xaero's Minimap v25.3.7: Enabled
[2026-08-30 01:28:58.732] [info]           * YetAnotherConfigLib v3.8.2+1.21.6-fabric: Enabled
[2026-08-30 01:28:59.925] [info]  [Settings] Setting game-profile to "ca09900b-3645-4e81-8129-aa5e00073a6a"...
[2026-08-30 01:29:03.751] [warn]  [Permissions] Denied 'media' requested by: file:///
[2026-08-30 01:29:03.753] [warn]  [Permissions] Denied 'media' requested by: file:///
[2026-08-30 01:29:03.754] [warn]  [Permissions] Denied 'geolocation' requested by: file:///
[2026-08-30 01:29:03.755] [warn]  [Permissions] Denied 'window-management' requested by: file:///
[2026-08-30 01:29:03.908] [warn]  [Permissions] Denied 'media' requested by: file:///
[2026-08-30 01:29:03.908] [warn]  [Permissions] Denied 'media' requested by: file:///
[2026-08-30 01:29:03.909] [warn]  [Permissions] Denied 'geolocation' requested by: file:///
[2026-08-30 01:29:03.910] [warn]  [Permissions] Denied 'window-management' requested by: file:///
[2026-08-30 01:29:46.769] [info]  [Updater] Checking for updates...
[2026-08-30 01:29:46.771] [info]           * Current Version: 3.7.16.12965
[2026-08-30 01:29:46.772] [info]           * Channel: latest-ow
[2026-08-30 01:29:46.773] [info]           * URL: https://launcherupdates.lunarclientcdn.com
[2026-08-30 01:29:46.775] [info]           * User Initiated: false
[2026-08-30 01:29:46.861] [info]  [Updater] No updates available.
[2026-08-30 01:29:46.863] [info]  [Updater] Update check returned a result... skipping: {"isUpdateAvailable":false,"versionInfo":{"version":"3.7.16-ow","files":[{"url":"Lunar Client v3.7.16-ow.exe","sha512":"K25vDcT8UO0xbMd4MX5URU+l33+vEILLkpsRkxPMYVfB+yP5gqHGuNWOOGgUOE0gH2g4j+1Mjo9AFnQDC35tng=="}],"path":"Lunar Client v3.7.16-ow.exe","sha512":"K25vDcT8UO0xbMd4MX5URU+l33+vEILLkpsRkxPMYVfB+yP5gqHGuNWOOGgUOE0gH2g4j+1Mjo9AFnQDC35tng==","packages":{"x64":{"size":112473965,"sha512":"f2R8yaxYfUc7t48Bk04LzCImKB27jTxQcAe6RAFE/2lMaHmhsNJCJ47S0XSDCCvUNJp5imIeKLPifHT4z+jt5g==","blockMapSize":116960,"path":"lunarclient-3.7.16-ow-x64.nsis.7z","file":"lunarclient-3.7.16-ow-x64.nsis.7z"}},"releaseDate":"2026-08-24T23:38:30.176Z"},"updateInfo":{"version":"3.7.16-ow","files":[{"url":"Lunar Client v3.7.16-ow.exe","sha512":"K25vDcT8UO0xbMd4MX5URU+l33+vEILLkpsRkxPMYVfB+yP5gqHGuNWOOGgUOE0gH2g4j+1Mjo9AFnQDC35tng=="}],"path":"Lunar Client v3.7.16-ow.exe","sha512":"K25vDcT8UO0xbMd4MX5URU+l33+vEILLkpsRkxPMYVfB+yP5gqHGuNWOOGgUOE0gH2g4j+1Mjo9AFnQDC35tng==","packages":{"x64":{"size":112473965,"sha512":"f2R8yaxYfUc7t48Bk04LzCImKB27jTxQcAe6RAFE/2lMaHmhsNJCJ47S0XSDCCvUNJp5imIeKLPifHT4z+jt5g==","blockMapSize":116960,"path":"lunarclient-3.7.16-ow-x64.nsis.7z","file":"lunarclient-3.7.16-ow-x64.nsis.7z"}},"releaseDate":"2026-08-24T23:38:30.176Z"}}
[2026-08-30 01:29:47.879] [debug] [Window] [main] Window focused
[2026-08-30 01:30:21.324] [warn]  [Permissions] Denied 'media' requested by: file:///
[2026-08-30 01:30:21.325] [warn]  [Permissions] Denied 'media' requested by: file:///
[2026-08-30 01:30:21.326] [warn]  [Permissions] Denied 'geolocation' requested by: file:///
[2026-08-30 01:30:21.327] [warn]  [Permissions] Denied 'window-management' requested by: file:///
[2026-08-30 01:30:21.535] [warn]  [Permissions] Denied 'media' requested by: file:///
[2026-08-30 01:30:21.536] [warn]  [Permissions] Denied 'media' requested by: file:///
[2026-08-30 01:30:21.537] [warn]  [Permissions] Denied 'geolocation' requested by: file:///
[2026-08-30 01:30:21.538] [warn]  [Permissions] Denied 'window-management' requested by: file:///
[2026-08-30 01:30:21.988] [warn]  [Profiles] pack.mcmeta not found in Fancy Glint Morado.zip for profile JUNIOR_
[2026-08-30 01:30:22.057] [warn]  [Profiles] pack.mcmeta not found in Fancy Glint Morado.zip for profile JUNIOR_
[2026-08-30 01:30:22.348] [warn]  [LcAsset] Failed to cache image asset: Error: EPERM: operation not permitted, rename 'C:\Users\CARLOS_JR\.lunarclient\cache\images\fffa2600f4f3ee649bab56e4d38f09751f100120.png.9ecdb2cd-e7be-4305-bb65-5fd9f4522905.tmp' -> 'C:\Users\CARLOS_JR\.lunarclient\cache\images\fffa2600f4f3ee649bab56e4d38f09751f100120.png'
[2026-08-30 01:30:22.731] [warn]  [Permissions] Denied 'media' requested by: file:///
[2026-08-30 01:30:22.732] [warn]  [Permissions] Denied 'media' requested by: file:///
[2026-08-30 01:30:22.733] [warn]  [Permissions] Denied 'geolocation' requested by: file:///
[2026-08-30 01:30:22.735] [warn]  [Permissions] Denied 'window-management' requested by: file:///
[2026-08-30 01:30:22.757] [warn]  [Permissions] Denied 'media' requested by: file:///
[2026-08-30 01:30:22.758] [warn]  [Permissions] Denied 'media' requested by: file:///
[2026-08-30 01:30:22.759] [warn]  [Permissions] Denied 'geolocation' requested by: file:///
[2026-08-30 01:30:22.760] [warn]  [Permissions] Denied 'window-management' requested by: file:///
[2026-08-30 01:30:22.888] [info]  [Profiles] Shader packs directory not found for profile JUNIOR_ (ID: ca09900b-3645-4e81-8129-aa5e00073a6a) at C:\Users\CARLOS_JR\.lunarclient\profiles\junior\shaderpacks, skipping...
[2026-08-30 01:30:22.948] [warn]  [Permissions] Denied 'media' requested by: file:///
[2026-08-30 01:30:22.949] [warn]  [Permissions] Denied 'media' requested by: file:///
[2026-08-30 01:30:22.950] [warn]  [Permissions] Denied 'geolocation' requested by: file:///
[2026-08-30 01:30:22.952] [warn]  [Permissions] Denied 'window-management' requested by: file:///
[2026-08-30 01:30:22.955] [info]  [Profiles] Shader packs directory not found for profile JUNIOR_ (ID: ca09900b-3645-4e81-8129-aa5e00073a6a) at C:\Users\CARLOS_JR\.lunarclient\profiles\junior\shaderpacks, skipping...
[2026-08-30 01:30:23.038] [warn]  [LcAsset] Failed to cache image asset: Error: EPERM: operation not permitted, rename 'C:\Users\CARLOS_JR\.lunarclient\cache\images\e288456d7e9a4d2015b249059df2af81946f1449.png.0a244566-9e77-4776-a9fd-1a06a2152cea.tmp' -> 'C:\Users\CARLOS_JR\.lunarclient\cache\images\e288456d7e9a4d2015b249059df2af81946f1449.png'
[2026-08-30 01:30:23.191] [warn]  [LcAsset] Failed to cache image asset: Error: EPERM: operation not permitted, rename 'C:\Users\CARLOS_JR\.lunarclient\cache\images\ac120be4dd184a4a4b9463a20d705300946bca59.png.213bb644-b06f-41b9-a593-c356df309482.tmp' -> 'C:\Users\CARLOS_JR\.lunarclient\cache\images\ac120be4dd184a4a4b9463a20d705300946bca59.png'
[2026-08-30 01:30:23.417] [warn]  [LcAsset] Failed to cache image asset: Error: EPERM: operation not permitted, rename 'C:\Users\CARLOS_JR\.lunarclient\cache\images\ec92d0b23f05d85a6ed651b68995221e2ed66947.png.ca9572fb-a098-4b0f-9b37-0e3db306d3f5.tmp' -> 'C:\Users\CARLOS_JR\.lunarclient\cache\images\ec92d0b23f05d85a6ed651b68995221e2ed66947.png'
[2026-08-30 01:30:23.543] [warn]  [LcAsset] Failed to cache image asset: Error: EPERM: operation not permitted, rename 'C:\Users\CARLOS_JR\.lunarclient\cache\images\acd2ecb5cd80aba54e77968116634fa35abc9e6d.png.83a0b60d-8965-4fe6-a555-ad49cf61ce18.tmp' -> 'C:\Users\CARLOS_JR\.lunarclient\cache\images\acd2ecb5cd80aba54e77968116634fa35abc9e6d.png'
[2026-08-30 01:30:23.886] [warn]  [LcAsset] Failed to cache image asset: Error: EPERM: operation not permitted, rename 'C:\Users\CARLOS_JR\.lunarclient\cache\images\c56909e27cda0ff6132ad318f03b9745ee98d379.png.ea455865-d085-409c-bf97-b5bc3df6028a.tmp' -> 'C:\Users\CARLOS_JR\.lunarclient\cache\images\c56909e27cda0ff6132ad318f03b9745ee98d379.png'
[2026-08-30 01:30:23.923] [warn]  [LcAsset] Failed to cache image asset: Error: EPERM: operation not permitted, rename 'C:\Users\CARLOS_JR\.lunarclient\cache\images\9b8274331836d42af1fc233c82b72984d951961d.png.b40acae7-8ff9-4ab1-b193-6ac8c8cbe247.tmp' -> 'C:\Users\CARLOS_JR\.lunarclient\cache\images\9b8274331836d42af1fc233c82b72984d951961d.png'
[2026-08-30 01:30:23.972] [warn]  [LcAsset] Failed to cache image asset: Error: EPERM: operation not permitted, rename 'C:\Users\CARLOS_JR\.lunarclient\cache\images\6163dd1fab11437d6aafce2bc36867315ab5ed62.png.510344ae-8991-4687-9646-dbc3fda661f4.tmp' -> 'C:\Users\CARLOS_JR\.lunarclient\cache\images\6163dd1fab11437d6aafce2bc36867315ab5ed62.png'
[2026-08-30 01:30:23.981] [info]  [Profiles] Loaded 13 resource packs for profile JUNIOR_ (ID: ca09900b-3645-4e81-8129-aa5e00073a6a).
[2026-08-30 01:30:23.992] [info]  [Profiles] Loaded 13 resource packs for profile JUNIOR_ (ID: ca09900b-3645-4e81-8129-aa5e00073a6a).
[2026-08-30 01:30:24.493] [warn]  [Permissions] Denied 'media' requested by: file:///
[2026-08-30 01:30:24.494] [warn]  [Permissions] Denied 'media' requested by: file:///
[2026-08-30 01:30:24.495] [warn]  [Permissions] Denied 'geolocation' requested by: file:///
[2026-08-30 01:30:24.497] [warn]  [Permissions] Denied 'window-management' requested by: file:///
[2026-08-30 01:30:24.506] [warn]  [Permissions] Denied 'media' requested by: file:///
[2026-08-30 01:30:24.507] [warn]  [Permissions] Denied 'media' requested by: file:///
[2026-08-30 01:30:24.509] [warn]  [Permissions] Denied 'geolocation' requested by: file:///
[2026-08-30 01:30:24.510] [warn]  [Permissions] Denied 'window-management' requested by: file:///
[2026-08-30 01:30:25.574] [warn]  [Permissions] Denied 'media' requested by: file:///
[2026-08-30 01:30:25.575] [warn]  [Permissions] Denied 'media' requested by: file:///
[2026-08-30 01:30:25.576] [warn]  [Permissions] Denied 'geolocation' requested by: file:///
[2026-08-30 01:30:25.576] [warn]  [Permissions] Denied 'window-management' requested by: file:///
[2026-08-30 01:30:25.590] [warn]  [Permissions] Denied 'media' requested by: file:///
[2026-08-30 01:30:25.591] [warn]  [Permissions] Denied 'media' requested by: file:///
[2026-08-30 01:30:25.593] [warn]  [Permissions] Denied 'geolocation' requested by: file:///
[2026-08-30 01:30:25.594] [warn]  [Permissions] Denied 'window-management' requested by: file:///
[2026-08-30 01:30:25.758] [warn]  [Permissions] Denied 'media' requested by: file:///
[2026-08-30 01:30:25.759] [warn]  [Permissions] Denied 'media' requested by: file:///
[2026-08-30 01:30:25.759] [warn]  [Permissions] Denied 'geolocation' requested by: file:///
[2026-08-30 01:30:25.761] [warn]  [Permissions] Denied 'window-management' requested by: file:///
[2026-08-30 01:30:26.730] [warn]  [Permissions] Denied 'media' requested by: file:///
[2026-08-30 01:30:26.731] [warn]  [Permissions] Denied 'media' requested by: file:///
[2026-08-30 01:30:26.732] [warn]  [Permissions] Denied 'geolocation' requested by: file:///
[2026-08-30 01:30:26.733] [warn]  [Permissions] Denied 'window-management' requested by: file:///
[2026-08-30 01:30:26.738] [warn]  [Permissions] Denied 'media' requested by: file:///
[2026-08-30 01:30:26.740] [warn]  [Permissions] Denied 'media' requested by: file:///
[2026-08-30 01:30:26.740] [warn]  [Permissions] Denied 'geolocation' requested by: file:///
[2026-08-30 01:30:26.742] [warn]  [Permissions] Denied 'window-management' requested by: file:///
[2026-08-30 01:30:43.859] [warn]  [Permissions] Denied 'media' requested by: file:///
[2026-08-30 01:30:43.861] [warn]  [Permissions] Denied 'media' requested by: file:///
[2026-08-30 01:30:43.862] [warn]  [Permissions] Denied 'geolocation' requested by: file:///
[2026-08-30 01:30:43.863] [warn]  [Permissions] Denied 'window-management' requested by: file:///
[2026-08-30 01:30:44.182] [warn]  [Permissions] Denied 'media' requested by: file:///
[2026-08-30 01:30:44.183] [warn]  [Permissions] Denied 'media' requested by: file:///
[2026-08-30 01:30:44.184] [warn]  [Permissions] Denied 'geolocation' requested by: file:///
[2026-08-30 01:30:44.185] [warn]  [Permissions] Denied 'window-management' requested by: file:///
[2026-08-30 01:30:44.284] [warn]  [Permissions] Denied 'media' requested by: 
[2026-08-30 01:30:44.285] [warn]  [Permissions] Denied 'media' requested by: 
[2026-08-30 01:30:44.286] [warn]  [Permissions] Denied 'geolocation' requested by: 
[2026-08-30 01:30:44.287] [warn]  [Permissions] Denied 'window-management' requested by: 
[2026-08-30 01:30:44.372] [warn]  [Profiles] pack.mcmeta not found in Fancy Glint Morado.zip for profile JUNIOR_
[2026-08-30 01:30:45.604] [info]  [Profiles] Loaded 13 resource packs for profile JUNIOR_ (ID: ca09900b-3645-4e81-8129-aa5e00073a6a).
[2026-08-30 01:30:52.465] [warn]  [Permissions] Denied 'background-sync' requested by: https://imasdk.googleapis.com/
[2026-08-30 01:42:04.448] [debug] [Window] [main] Window focused
[2026-08-30 01:42:07.119] [debug] [Window] [main] Window closing...
[2026-08-30 01:42:07.155] [debug] [Window] [main] Window hidden
