[2026-08-24 03:27:10.434] [info]  [Electron] Logger initialized for updater at C:\Users\CARLOS_JR\.lunarclient\logs\launcher\updater.log (Prefix: Updater)
[2026-08-24 03:27:22.021] [info]  [Library] Checking for update
[2026-08-24 03:27:22.022] [info]  [Updater] Checking for updates...
[2026-08-24 03:27:22.024] [info]           * Current Version: 3.7.15.12602
[2026-08-24 03:27:22.027] [info]           * Channel: latest-ow
[2026-08-24 03:27:22.029] [info]           * URL: https://launcherupdates.lunarclientcdn.com
[2026-08-24 03:27:22.031] [info]           * User Initiated: false
[2026-08-24 03:27:42.031] [error] [Library] Error: Error: net::ERR_NETWORK_CHANGED
    at SimpleURLLoaderWrapper.<anonymous> (node:electron/js2c/browser_init:2:289034)
    at SimpleURLLoaderWrapper.emit (node:events:519:28)
    at SimpleURLLoaderWrapper.callbackTrampoline (node:internal/async_hooks:130:17)
[2026-08-24 03:27:42.033] [error] [Updater] Error has occurred whilst updating... (name: Error, message: net::ERR_NETWORK_CHANGED)
[2026-08-24 03:27:42.035] [error] [Updater] Error: net::ERR_NETWORK_CHANGED
    at SimpleURLLoaderWrapper.<anonymous> (node:electron/js2c/browser_init:2:289034)
    at SimpleURLLoaderWrapper.emit (node:events:519:28)
    at SimpleURLLoaderWrapper.callbackTrampoline (node:internal/async_hooks:130:17)
[2026-08-24 03:27:42.037] [error] [Updater] An error has occurred in checkup.
[2026-08-24 03:27:42.039] [error] [Updater] Error: net::ERR_NETWORK_CHANGED
[2026-08-24 03:42:10.461] [info]  [Library] Checking for update
[2026-08-24 03:42:10.470] [info]  [Updater] Checking for updates...
[2026-08-24 03:42:10.473] [info]           * Current Version: 3.7.15.12602
[2026-08-24 03:42:10.477] [info]           * Channel: latest-ow
[2026-08-24 03:42:10.479] [info]           * URL: https://launcherupdates.lunarclientcdn.com
[2026-08-24 03:42:10.481] [info]           * User Initiated: false
[2026-08-24 03:42:11.849] [info]  [Library] Update for version 3.7.15-ow is not available (latest version: 3.7.15-ow, downgrade is allowed).
[2026-08-24 03:42:11.851] [info]  [Updater] No updates available.
[2026-08-24 03:42:11.852] [info]  [Updater] Update check returned a result... skipping: {"isUpdateAvailable":false,"versionInfo":{"version":"3.7.15-ow","files":[{"url":"Lunar Client v3.7.15-ow.exe","sha512":"v9mOYfYfiglPAntZp/AkNefZOWMhuc82CEr9WWLCGAXRddB0gXbUV7KUNuI7faluUdusTM8Ybu6v+Q549BXlgg=="}],"path":"Lunar Client v3.7.15-ow.exe","sha512":"v9mOYfYfiglPAntZp/AkNefZOWMhuc82CEr9WWLCGAXRddB0gXbUV7KUNuI7faluUdusTM8Ybu6v+Q549BXlgg==","packages":{"x64":{"size":114509742,"sha512":"5LvMOx+XSt6j1bQNqNtn55Ow+1yw+DqaVqwtrUrpLPhkSm/X/7PBnpXei6U/VZahVUiyT3wyT32f6veRunDMUg==","blockMapSize":119023,"path":"lunarclient-3.7.15-ow-x64.nsis.7z","file":"lunarclient-3.7.15-ow-x64.nsis.7z"}},"releaseDate":"2026-08-12T16:43:23.198Z"},"updateInfo":{"version":"3.7.15-ow","files":[{"url":"Lunar Client v3.7.15-ow.exe","sha512":"v9mOYfYfiglPAntZp/AkNefZOWMhuc82CEr9WWLCGAXRddB0gXbUV7KUNuI7faluUdusTM8Ybu6v+Q549BXlgg=="}],"path":"Lunar Client v3.7.15-ow.exe","sha512":"v9mOYfYfiglPAntZp/AkNefZOWMhuc82CEr9WWLCGAXRddB0gXbUV7KUNuI7faluUdusTM8Ybu6v+Q549BXlgg==","packages":{"x64":{"size":114509742,"sha512":"5LvMOx+XSt6j1bQNqNtn55Ow+1yw+DqaVqwtrUrpLPhkSm/X/7PBnpXei6U/VZahVUiyT3wyT32f6veRunDMUg==","blockMapSize":119023,"path":"lunarclient-3.7.15-ow-x64.nsis.7z","file":"lunarclient-3.7.15-ow-x64.nsis.7z"}},"releaseDate":"2026-08-12T16:43:23.198Z"}}
[2026-08-24 03:57:10.456] [info]  [Library] Checking for update
[2026-08-24 03:57:10.459] [info]  [Updater] Checking for updates...
[2026-08-24 03:57:10.461] [info]           * Current Version: 3.7.15.12602
[2026-08-24 03:57:10.463] [info]           * Channel: latest-ow
[2026-08-24 03:57:10.465] [info]           * URL: https://launcherupdates.lunarclientcdn.com
[2026-08-24 03:57:10.466] [info]           * User Initiated: false
[2026-08-24 03:57:10.595] [info]  [Library] Update for version 3.7.15-ow is not available (latest version: 3.7.15-ow, downgrade is allowed).
[2026-08-24 03:57:10.596] [info]  [Updater] No updates available.
[2026-08-24 03:57:10.599] [info]  [Updater] Update check returned a result... skipping: {"isUpdateAvailable":false,"versionInfo":{"version":"3.7.15-ow","files":[{"url":"Lunar Client v3.7.15-ow.exe","sha512":"v9mOYfYfiglPAntZp/AkNefZOWMhuc82CEr9WWLCGAXRddB0gXbUV7KUNuI7faluUdusTM8Ybu6v+Q549BXlgg=="}],"path":"Lunar Client v3.7.15-ow.exe","sha512":"v9mOYfYfiglPAntZp/AkNefZOWMhuc82CEr9WWLCGAXRddB0gXbUV7KUNuI7faluUdusTM8Ybu6v+Q549BXlgg==","packages":{"x64":{"size":114509742,"sha512":"5LvMOx+XSt6j1bQNqNtn55Ow+1yw+DqaVqwtrUrpLPhkSm/X/7PBnpXei6U/VZahVUiyT3wyT32f6veRunDMUg==","blockMapSize":119023,"path":"lunarclient-3.7.15-ow-x64.nsis.7z","file":"lunarclient-3.7.15-ow-x64.nsis.7z"}},"releaseDate":"2026-08-12T16:43:23.198Z"},"updateInfo":{"version":"3.7.15-ow","files":[{"url":"Lunar Client v3.7.15-ow.exe","sha512":"v9mOYfYfiglPAntZp/AkNefZOWMhuc82CEr9WWLCGAXRddB0gXbUV7KUNuI7faluUdusTM8Ybu6v+Q549BXlgg=="}],"path":"Lunar Client v3.7.15-ow.exe","sha512":"v9mOYfYfiglPAntZp/AkNefZOWMhuc82CEr9WWLCGAXRddB0gXbUV7KUNuI7faluUdusTM8Ybu6v+Q549BXlgg==","packages":{"x64":{"size":114509742,"sha512":"5LvMOx+XSt6j1bQNqNtn55Ow+1yw+DqaVqwtrUrpLPhkSm/X/7PBnpXei6U/VZahVUiyT3wyT32f6veRunDMUg==","blockMapSize":119023,"path":"lunarclient-3.7.15-ow-x64.nsis.7z","file":"lunarclient-3.7.15-ow-x64.nsis.7z"}},"releaseDate":"2026-08-12T16:43:23.198Z"}}
[2026-08-24 04:12:10.473] [info]  [Library] Checking for update
[2026-08-24 04:12:10.478] [info]  [Updater] Checking for updates...
[2026-08-24 04:12:10.480] [info]           * Current Version: 3.7.15.12602
[2026-08-24 04:12:10.483] [info]           * Channel: latest-ow
[2026-08-24 04:12:10.485] [info]           * URL: https://launcherupdates.lunarclientcdn.com
[2026-08-24 04:12:10.487] [info]           * User Initiated: false
[2026-08-24 04:12:10.739] [info]  [Library] Update for version 3.7.15-ow is not available (latest version: 3.7.15-ow, downgrade is allowed).
[2026-08-24 04:12:10.741] [info]  [Updater] No updates available.
[2026-08-24 04:12:10.743] [info]  [Updater] Update check returned a result... skipping: {"isUpdateAvailable":false,"versionInfo":{"version":"3.7.15-ow","files":[{"url":"Lunar Client v3.7.15-ow.exe","sha512":"v9mOYfYfiglPAntZp/AkNefZOWMhuc82CEr9WWLCGAXRddB0gXbUV7KUNuI7faluUdusTM8Ybu6v+Q549BXlgg=="}],"path":"Lunar Client v3.7.15-ow.exe","sha512":"v9mOYfYfiglPAntZp/AkNefZOWMhuc82CEr9WWLCGAXRddB0gXbUV7KUNuI7faluUdusTM8Ybu6v+Q549BXlgg==","packages":{"x64":{"size":114509742,"sha512":"5LvMOx+XSt6j1bQNqNtn55Ow+1yw+DqaVqwtrUrpLPhkSm/X/7PBnpXei6U/VZahVUiyT3wyT32f6veRunDMUg==","blockMapSize":119023,"path":"lunarclient-3.7.15-ow-x64.nsis.7z","file":"lunarclient-3.7.15-ow-x64.nsis.7z"}},"releaseDate":"2026-08-12T16:43:23.198Z"},"updateInfo":{"version":"3.7.15-ow","files":[{"url":"Lunar Client v3.7.15-ow.exe","sha512":"v9mOYfYfiglPAntZp/AkNefZOWMhuc82CEr9WWLCGAXRddB0gXbUV7KUNuI7faluUdusTM8Ybu6v+Q549BXlgg=="}],"path":"Lunar Client v3.7.15-ow.exe","sha512":"v9mOYfYfiglPAntZp/AkNefZOWMhuc82CEr9WWLCGAXRddB0gXbUV7KUNuI7faluUdusTM8Ybu6v+Q549BXlgg==","packages":{"x64":{"size":114509742,"sha512":"5LvMOx+XSt6j1bQNqNtn55Ow+1yw+DqaVqwtrUrpLPhkSm/X/7PBnpXei6U/VZahVUiyT3wyT32f6veRunDMUg==","blockMapSize":119023,"path":"lunarclient-3.7.15-ow-x64.nsis.7z","file":"lunarclient-3.7.15-ow-x64.nsis.7z"}},"releaseDate":"2026-08-12T16:43:23.198Z"}}
[2026-08-24 04:27:10.476] [info]  [Library] Checking for update
[2026-08-24 04:27:10.478] [info]  [Updater] Checking for updates...
[2026-08-24 04:27:10.481] [info]           * Current Version: 3.7.15.12602
[2026-08-24 04:27:10.483] [info]           * Channel: latest-ow
[2026-08-24 04:27:10.486] [info]           * URL: https://launcherupdates.lunarclientcdn.com
[2026-08-24 04:27:10.489] [info]           * User Initiated: false
[2026-08-24 04:27:10.768] [info]  [Library] Update for version 3.7.15-ow is not available (latest version: 3.7.15-ow, downgrade is allowed).
[2026-08-24 04:27:10.769] [info]  [Updater] No updates available.
[2026-08-24 04:27:10.771] [info]  [Updater] Update check returned a result... skipping: {"isUpdateAvailable":false,"versionInfo":{"version":"3.7.15-ow","files":[{"url":"Lunar Client v3.7.15-ow.exe","sha512":"v9mOYfYfiglPAntZp/AkNefZOWMhuc82CEr9WWLCGAXRddB0gXbUV7KUNuI7faluUdusTM8Ybu6v+Q549BXlgg=="}],"path":"Lunar Client v3.7.15-ow.exe","sha512":"v9mOYfYfiglPAntZp/AkNefZOWMhuc82CEr9WWLCGAXRddB0gXbUV7KUNuI7faluUdusTM8Ybu6v+Q549BXlgg==","packages":{"x64":{"size":114509742,"sha512":"5LvMOx+XSt6j1bQNqNtn55Ow+1yw+DqaVqwtrUrpLPhkSm/X/7PBnpXei6U/VZahVUiyT3wyT32f6veRunDMUg==","blockMapSize":119023,"path":"lunarclient-3.7.15-ow-x64.nsis.7z","file":"lunarclient-3.7.15-ow-x64.nsis.7z"}},"releaseDate":"2026-08-12T16:43:23.198Z"},"updateInfo":{"version":"3.7.15-ow","files":[{"url":"Lunar Client v3.7.15-ow.exe","sha512":"v9mOYfYfiglPAntZp/AkNefZOWMhuc82CEr9WWLCGAXRddB0gXbUV7KUNuI7faluUdusTM8Ybu6v+Q549BXlgg=="}],"path":"Lunar Client v3.7.15-ow.exe","sha512":"v9mOYfYfiglPAntZp/AkNefZOWMhuc82CEr9WWLCGAXRddB0gXbUV7KUNuI7faluUdusTM8Ybu6v+Q549BXlgg==","packages":{"x64":{"size":114509742,"sha512":"5LvMOx+XSt6j1bQNqNtn55Ow+1yw+DqaVqwtrUrpLPhkSm/X/7PBnpXei6U/VZahVUiyT3wyT32f6veRunDMUg==","blockMapSize":119023,"path":"lunarclient-3.7.15-ow-x64.nsis.7z","file":"lunarclient-3.7.15-ow-x64.nsis.7z"}},"releaseDate":"2026-08-12T16:43:23.198Z"}}
[2026-08-24 04:42:10.481] [info]  [Library] Checking for update
[2026-08-24 04:42:10.482] [info]  [Updater] Checking for updates...
[2026-08-24 04:42:10.484] [info]           * Current Version: 3.7.15.12602
[2026-08-24 04:42:10.485] [info]           * Channel: latest-ow
[2026-08-24 04:42:10.487] [info]           * URL: https://launcherupdates.lunarclientcdn.com
[2026-08-24 04:42:10.489] [info]           * User Initiated: false
[2026-08-24 04:42:10.592] [info]  [Library] Update for version 3.7.15-ow is not available (latest version: 3.7.15-ow, downgrade is allowed).
[2026-08-24 04:42:10.593] [info]  [Updater] No updates available.
[2026-08-24 04:42:10.595] [info]  [Updater] Update check returned a result... skipping: {"isUpdateAvailable":false,"versionInfo":{"version":"3.7.15-ow","files":[{"url":"Lunar Client v3.7.15-ow.exe","sha512":"v9mOYfYfiglPAntZp/AkNefZOWMhuc82CEr9WWLCGAXRddB0gXbUV7KUNuI7faluUdusTM8Ybu6v+Q549BXlgg=="}],"path":"Lunar Client v3.7.15-ow.exe","sha512":"v9mOYfYfiglPAntZp/AkNefZOWMhuc82CEr9WWLCGAXRddB0gXbUV7KUNuI7faluUdusTM8Ybu6v+Q549BXlgg==","packages":{"x64":{"size":114509742,"sha512":"5LvMOx+XSt6j1bQNqNtn55Ow+1yw+DqaVqwtrUrpLPhkSm/X/7PBnpXei6U/VZahVUiyT3wyT32f6veRunDMUg==","blockMapSize":119023,"path":"lunarclient-3.7.15-ow-x64.nsis.7z","file":"lunarclient-3.7.15-ow-x64.nsis.7z"}},"releaseDate":"2026-08-12T16:43:23.198Z"},"updateInfo":{"version":"3.7.15-ow","files":[{"url":"Lunar Client v3.7.15-ow.exe","sha512":"v9mOYfYfiglPAntZp/AkNefZOWMhuc82CEr9WWLCGAXRddB0gXbUV7KUNuI7faluUdusTM8Ybu6v+Q549BXlgg=="}],"path":"Lunar Client v3.7.15-ow.exe","sha512":"v9mOYfYfiglPAntZp/AkNefZOWMhuc82CEr9WWLCGAXRddB0gXbUV7KUNuI7faluUdusTM8Ybu6v+Q549BXlgg==","packages":{"x64":{"size":114509742,"sha512":"5LvMOx+XSt6j1bQNqNtn55Ow+1yw+DqaVqwtrUrpLPhkSm/X/7PBnpXei6U/VZahVUiyT3wyT32f6veRunDMUg==","blockMapSize":119023,"path":"lunarclient-3.7.15-ow-x64.nsis.7z","file":"lunarclient-3.7.15-ow-x64.nsis.7z"}},"releaseDate":"2026-08-12T16:43:23.198Z"}}
[2026-08-24 04:57:10.500] [info]  [Library] Checking for update
[2026-08-24 04:57:10.504] [info]  [Updater] Checking for updates...
[2026-08-24 04:57:10.507] [info]           * Current Version: 3.7.15.12602
[2026-08-24 04:57:10.510] [info]           * Channel: latest-ow
[2026-08-24 04:57:10.513] [info]           * URL: https://launcherupdates.lunarclientcdn.com
[2026-08-24 04:57:10.516] [info]           * User Initiated: false
[2026-08-24 04:57:10.793] [info]  [Library] Update for version 3.7.15-ow is not available (latest version: 3.7.15-ow, downgrade is allowed).
[2026-08-24 04:57:10.795] [info]  [Updater] No updates available.
[2026-08-24 04:57:10.797] [info]  [Updater] Update check returned a result... skipping: {"isUpdateAvailable":false,"versionInfo":{"version":"3.7.15-ow","files":[{"url":"Lunar Client v3.7.15-ow.exe","sha512":"v9mOYfYfiglPAntZp/AkNefZOWMhuc82CEr9WWLCGAXRddB0gXbUV7KUNuI7faluUdusTM8Ybu6v+Q549BXlgg=="}],"path":"Lunar Client v3.7.15-ow.exe","sha512":"v9mOYfYfiglPAntZp/AkNefZOWMhuc82CEr9WWLCGAXRddB0gXbUV7KUNuI7faluUdusTM8Ybu6v+Q549BXlgg==","packages":{"x64":{"size":114509742,"sha512":"5LvMOx+XSt6j1bQNqNtn55Ow+1yw+DqaVqwtrUrpLPhkSm/X/7PBnpXei6U/VZahVUiyT3wyT32f6veRunDMUg==","blockMapSize":119023,"path":"lunarclient-3.7.15-ow-x64.nsis.7z","file":"lunarclient-3.7.15-ow-x64.nsis.7z"}},"releaseDate":"2026-08-12T16:43:23.198Z"},"updateInfo":{"version":"3.7.15-ow","files":[{"url":"Lunar Client v3.7.15-ow.exe","sha512":"v9mOYfYfiglPAntZp/AkNefZOWMhuc82CEr9WWLCGAXRddB0gXbUV7KUNuI7faluUdusTM8Ybu6v+Q549BXlgg=="}],"path":"Lunar Client v3.7.15-ow.exe","sha512":"v9mOYfYfiglPAntZp/AkNefZOWMhuc82CEr9WWLCGAXRddB0gXbUV7KUNuI7faluUdusTM8Ybu6v+Q549BXlgg==","packages":{"x64":{"size":114509742,"sha512":"5LvMOx+XSt6j1bQNqNtn55Ow+1yw+DqaVqwtrUrpLPhkSm/X/7PBnpXei6U/VZahVUiyT3wyT32f6veRunDMUg==","blockMapSize":119023,"path":"lunarclient-3.7.15-ow-x64.nsis.7z","file":"lunarclient-3.7.15-ow-x64.nsis.7z"}},"releaseDate":"2026-08-12T16:43:23.198Z"}}
[2026-08-24 05:12:10.501] [info]  [Library] Checking for update
[2026-08-24 05:12:10.503] [info]  [Updater] Checking for updates...
[2026-08-24 05:12:10.505] [info]           * Current Version: 3.7.15.12602
[2026-08-24 05:12:10.507] [info]           * Channel: latest-ow
[2026-08-24 05:12:10.509] [info]           * URL: https://launcherupdates.lunarclientcdn.com
[2026-08-24 05:12:10.510] [info]           * User Initiated: false
[2026-08-24 05:12:10.794] [info]  [Library] Update for version 3.7.15-ow is not available (latest version: 3.7.15-ow, downgrade is allowed).
[2026-08-24 05:12:10.795] [info]  [Updater] No updates available.
[2026-08-24 05:12:10.796] [info]  [Updater] Update check returned a result... skipping: {"isUpdateAvailable":false,"versionInfo":{"version":"3.7.15-ow","files":[{"url":"Lunar Client v3.7.15-ow.exe","sha512":"v9mOYfYfiglPAntZp/AkNefZOWMhuc82CEr9WWLCGAXRddB0gXbUV7KUNuI7faluUdusTM8Ybu6v+Q549BXlgg=="}],"path":"Lunar Client v3.7.15-ow.exe","sha512":"v9mOYfYfiglPAntZp/AkNefZOWMhuc82CEr9WWLCGAXRddB0gXbUV7KUNuI7faluUdusTM8Ybu6v+Q549BXlgg==","packages":{"x64":{"size":114509742,"sha512":"5LvMOx+XSt6j1bQNqNtn55Ow+1yw+DqaVqwtrUrpLPhkSm/X/7PBnpXei6U/VZahVUiyT3wyT32f6veRunDMUg==","blockMapSize":119023,"path":"lunarclient-3.7.15-ow-x64.nsis.7z","file":"lunarclient-3.7.15-ow-x64.nsis.7z"}},"releaseDate":"2026-08-12T16:43:23.198Z"},"updateInfo":{"version":"3.7.15-ow","files":[{"url":"Lunar Client v3.7.15-ow.exe","sha512":"v9mOYfYfiglPAntZp/AkNefZOWMhuc82CEr9WWLCGAXRddB0gXbUV7KUNuI7faluUdusTM8Ybu6v+Q549BXlgg=="}],"path":"Lunar Client v3.7.15-ow.exe","sha512":"v9mOYfYfiglPAntZp/AkNefZOWMhuc82CEr9WWLCGAXRddB0gXbUV7KUNuI7faluUdusTM8Ybu6v+Q549BXlgg==","packages":{"x64":{"size":114509742,"sha512":"5LvMOx+XSt6j1bQNqNtn55Ow+1yw+DqaVqwtrUrpLPhkSm/X/7PBnpXei6U/VZahVUiyT3wyT32f6veRunDMUg==","blockMapSize":119023,"path":"lunarclient-3.7.15-ow-x64.nsis.7z","file":"lunarclient-3.7.15-ow-x64.nsis.7z"}},"releaseDate":"2026-08-12T16:43:23.198Z"}}
[2026-08-24 16:18:32.301] [info]  [Electron] Logger initialized for updater at C:\Users\CARLOS_JR\.lunarclient\logs\launcher\updater.log (Prefix: Updater)
[2026-08-24 16:18:36.229] [info]  [Library] Checking for update
[2026-08-24 16:18:36.230] [info]  [Updater] Checking for updates...
[2026-08-24 16:18:36.232] [info]           * Current Version: 3.7.15.12602
[2026-08-24 16:18:36.234] [info]           * Channel: latest-ow
[2026-08-24 16:18:36.236] [info]           * URL: https://launcherupdates.lunarclientcdn.com
[2026-08-24 16:18:36.238] [info]           * User Initiated: false
[2026-08-24 16:18:37.641] [info]  [Library] Update for version 3.7.15-ow is not available (latest version: 3.7.15-ow, downgrade is allowed).
[2026-08-24 16:18:37.642] [info]  [Updater] No updates available.
[2026-08-24 16:18:37.645] [info]  [Updater] Update check returned a result... skipping: {"isUpdateAvailable":false,"versionInfo":{"version":"3.7.15-ow","files":[{"url":"Lunar Client v3.7.15-ow.exe","sha512":"v9mOYfYfiglPAntZp/AkNefZOWMhuc82CEr9WWLCGAXRddB0gXbUV7KUNuI7faluUdusTM8Ybu6v+Q549BXlgg=="}],"path":"Lunar Client v3.7.15-ow.exe","sha512":"v9mOYfYfiglPAntZp/AkNefZOWMhuc82CEr9WWLCGAXRddB0gXbUV7KUNuI7faluUdusTM8Ybu6v+Q549BXlgg==","packages":{"x64":{"size":114509742,"sha512":"5LvMOx+XSt6j1bQNqNtn55Ow+1yw+DqaVqwtrUrpLPhkSm/X/7PBnpXei6U/VZahVUiyT3wyT32f6veRunDMUg==","blockMapSize":119023,"path":"lunarclient-3.7.15-ow-x64.nsis.7z","file":"lunarclient-3.7.15-ow-x64.nsis.7z"}},"releaseDate":"2026-08-12T16:43:23.198Z"},"updateInfo":{"version":"3.7.15-ow","files":[{"url":"Lunar Client v3.7.15-ow.exe","sha512":"v9mOYfYfiglPAntZp/AkNefZOWMhuc82CEr9WWLCGAXRddB0gXbUV7KUNuI7faluUdusTM8Ybu6v+Q549BXlgg=="}],"path":"Lunar Client v3.7.15-ow.exe","sha512":"v9mOYfYfiglPAntZp/AkNefZOWMhuc82CEr9WWLCGAXRddB0gXbUV7KUNuI7faluUdusTM8Ybu6v+Q549BXlgg==","packages":{"x64":{"size":114509742,"sha512":"5LvMOx+XSt6j1bQNqNtn55Ow+1yw+DqaVqwtrUrpLPhkSm/X/7PBnpXei6U/VZahVUiyT3wyT32f6veRunDMUg==","blockMapSize":119023,"path":"lunarclient-3.7.15-ow-x64.nsis.7z","file":"lunarclient-3.7.15-ow-x64.nsis.7z"}},"releaseDate":"2026-08-12T16:43:23.198Z"}}
[2026-08-24 16:33:32.334] [info]  [Library] Checking for update
[2026-08-24 16:33:32.340] [info]  [Updater] Checking for updates...
[2026-08-24 16:33:32.343] [info]           * Current Version: 3.7.15.12602
[2026-08-24 16:33:32.345] [info]           * Channel: latest-ow
[2026-08-24 16:33:32.348] [info]           * URL: https://launcherupdates.lunarclientcdn.com
[2026-08-24 16:33:32.350] [info]           * User Initiated: false
[2026-08-24 16:33:32.535] [info]  [Library] Update for version 3.7.15-ow is not available (latest version: 3.7.15-ow, downgrade is allowed).
[2026-08-24 16:33:32.536] [info]  [Updater] No updates available.
[2026-08-24 16:33:32.538] [info]  [Updater] Update check returned a result... skipping: {"isUpdateAvailable":false,"versionInfo":{"version":"3.7.15-ow","files":[{"url":"Lunar Client v3.7.15-ow.exe","sha512":"v9mOYfYfiglPAntZp/AkNefZOWMhuc82CEr9WWLCGAXRddB0gXbUV7KUNuI7faluUdusTM8Ybu6v+Q549BXlgg=="}],"path":"Lunar Client v3.7.15-ow.exe","sha512":"v9mOYfYfiglPAntZp/AkNefZOWMhuc82CEr9WWLCGAXRddB0gXbUV7KUNuI7faluUdusTM8Ybu6v+Q549BXlgg==","packages":{"x64":{"size":114509742,"sha512":"5LvMOx+XSt6j1bQNqNtn55Ow+1yw+DqaVqwtrUrpLPhkSm/X/7PBnpXei6U/VZahVUiyT3wyT32f6veRunDMUg==","blockMapSize":119023,"path":"lunarclient-3.7.15-ow-x64.nsis.7z","file":"lunarclient-3.7.15-ow-x64.nsis.7z"}},"releaseDate":"2026-08-12T16:43:23.198Z"},"updateInfo":{"version":"3.7.15-ow","files":[{"url":"Lunar Client v3.7.15-ow.exe","sha512":"v9mOYfYfiglPAntZp/AkNefZOWMhuc82CEr9WWLCGAXRddB0gXbUV7KUNuI7faluUdusTM8Ybu6v+Q549BXlgg=="}],"path":"Lunar Client v3.7.15-ow.exe","sha512":"v9mOYfYfiglPAntZp/AkNefZOWMhuc82CEr9WWLCGAXRddB0gXbUV7KUNuI7faluUdusTM8Ybu6v+Q549BXlgg==","packages":{"x64":{"size":114509742,"sha512":"5LvMOx+XSt6j1bQNqNtn55Ow+1yw+DqaVqwtrUrpLPhkSm/X/7PBnpXei6U/VZahVUiyT3wyT32f6veRunDMUg==","blockMapSize":119023,"path":"lunarclient-3.7.15-ow-x64.nsis.7z","file":"lunarclient-3.7.15-ow-x64.nsis.7z"}},"releaseDate":"2026-08-12T16:43:23.198Z"}}
[2026-08-24 16:48:32.337] [info]  [Library] Checking for update
[2026-08-24 16:48:32.341] [info]  [Updater] Checking for updates...
[2026-08-24 16:48:32.346] [info]           * Current Version: 3.7.15.12602
[2026-08-24 16:48:32.349] [info]           * Channel: latest-ow
[2026-08-24 16:48:32.353] [info]           * URL: https://launcherupdates.lunarclientcdn.com
[2026-08-24 16:48:32.356] [info]           * User Initiated: false
[2026-08-24 16:48:32.685] [info]  [Library] Update for version 3.7.15-ow is not available (latest version: 3.7.15-ow, downgrade is allowed).
[2026-08-24 16:48:32.687] [info]  [Updater] No updates available.
[2026-08-24 16:48:32.690] [info]  [Updater] Update check returned a result... skipping: {"isUpdateAvailable":false,"versionInfo":{"version":"3.7.15-ow","files":[{"url":"Lunar Client v3.7.15-ow.exe","sha512":"v9mOYfYfiglPAntZp/AkNefZOWMhuc82CEr9WWLCGAXRddB0gXbUV7KUNuI7faluUdusTM8Ybu6v+Q549BXlgg=="}],"path":"Lunar Client v3.7.15-ow.exe","sha512":"v9mOYfYfiglPAntZp/AkNefZOWMhuc82CEr9WWLCGAXRddB0gXbUV7KUNuI7faluUdusTM8Ybu6v+Q549BXlgg==","packages":{"x64":{"size":114509742,"sha512":"5LvMOx+XSt6j1bQNqNtn55Ow+1yw+DqaVqwtrUrpLPhkSm/X/7PBnpXei6U/VZahVUiyT3wyT32f6veRunDMUg==","blockMapSize":119023,"path":"lunarclient-3.7.15-ow-x64.nsis.7z","file":"lunarclient-3.7.15-ow-x64.nsis.7z"}},"releaseDate":"2026-08-12T16:43:23.198Z"},"updateInfo":{"version":"3.7.15-ow","files":[{"url":"Lunar Client v3.7.15-ow.exe","sha512":"v9mOYfYfiglPAntZp/AkNefZOWMhuc82CEr9WWLCGAXRddB0gXbUV7KUNuI7faluUdusTM8Ybu6v+Q549BXlgg=="}],"path":"Lunar Client v3.7.15-ow.exe","sha512":"v9mOYfYfiglPAntZp/AkNefZOWMhuc82CEr9WWLCGAXRddB0gXbUV7KUNuI7faluUdusTM8Ybu6v+Q549BXlgg==","packages":{"x64":{"size":114509742,"sha512":"5LvMOx+XSt6j1bQNqNtn55Ow+1yw+DqaVqwtrUrpLPhkSm/X/7PBnpXei6U/VZahVUiyT3wyT32f6veRunDMUg==","blockMapSize":119023,"path":"lunarclient-3.7.15-ow-x64.nsis.7z","file":"lunarclient-3.7.15-ow-x64.nsis.7z"}},"releaseDate":"2026-08-12T16:43:23.198Z"}}
[2026-08-24 17:03:32.339] [info]  [Library] Checking for update
[2026-08-24 17:03:32.348] [info]  [Updater] Checking for updates...
[2026-08-24 17:03:32.350] [info]           * Current Version: 3.7.15.12602
[2026-08-24 17:03:32.352] [info]           * Channel: latest-ow
[2026-08-24 17:03:32.354] [info]           * URL: https://launcherupdates.lunarclientcdn.com
[2026-08-24 17:03:32.356] [info]           * User Initiated: false
[2026-08-24 17:03:32.623] [info]  [Library] Update for version 3.7.15-ow is not available (latest version: 3.7.15-ow, downgrade is allowed).
[2026-08-24 17:03:32.625] [info]  [Updater] No updates available.
[2026-08-24 17:03:32.626] [info]  [Updater] Update check returned a result... skipping: {"isUpdateAvailable":false,"versionInfo":{"version":"3.7.15-ow","files":[{"url":"Lunar Client v3.7.15-ow.exe","sha512":"v9mOYfYfiglPAntZp/AkNefZOWMhuc82CEr9WWLCGAXRddB0gXbUV7KUNuI7faluUdusTM8Ybu6v+Q549BXlgg=="}],"path":"Lunar Client v3.7.15-ow.exe","sha512":"v9mOYfYfiglPAntZp/AkNefZOWMhuc82CEr9WWLCGAXRddB0gXbUV7KUNuI7faluUdusTM8Ybu6v+Q549BXlgg==","packages":{"x64":{"size":114509742,"sha512":"5LvMOx+XSt6j1bQNqNtn55Ow+1yw+DqaVqwtrUrpLPhkSm/X/7PBnpXei6U/VZahVUiyT3wyT32f6veRunDMUg==","blockMapSize":119023,"path":"lunarclient-3.7.15-ow-x64.nsis.7z","file":"lunarclient-3.7.15-ow-x64.nsis.7z"}},"releaseDate":"2026-08-12T16:43:23.198Z"},"updateInfo":{"version":"3.7.15-ow","files":[{"url":"Lunar Client v3.7.15-ow.exe","sha512":"v9mOYfYfiglPAntZp/AkNefZOWMhuc82CEr9WWLCGAXRddB0gXbUV7KUNuI7faluUdusTM8Ybu6v+Q549BXlgg=="}],"path":"Lunar Client v3.7.15-ow.exe","sha512":"v9mOYfYfiglPAntZp/AkNefZOWMhuc82CEr9WWLCGAXRddB0gXbUV7KUNuI7faluUdusTM8Ybu6v+Q549BXlgg==","packages":{"x64":{"size":114509742,"sha512":"5LvMOx+XSt6j1bQNqNtn55Ow+1yw+DqaVqwtrUrpLPhkSm/X/7PBnpXei6U/VZahVUiyT3wyT32f6veRunDMUg==","blockMapSize":119023,"path":"lunarclient-3.7.15-ow-x64.nsis.7z","file":"lunarclient-3.7.15-ow-x64.nsis.7z"}},"releaseDate":"2026-08-12T16:43:23.198Z"}}
[2026-08-24 17:18:32.371] [info]  [Library] Checking for update
[2026-08-24 17:18:32.375] [info]  [Updater] Checking for updates...
[2026-08-24 17:18:32.377] [info]           * Current Version: 3.7.15.12602
[2026-08-24 17:18:32.380] [info]           * Channel: latest-ow
[2026-08-24 17:18:32.382] [info]           * URL: https://launcherupdates.lunarclientcdn.com
[2026-08-24 17:18:32.384] [info]           * User Initiated: false
[2026-08-24 17:18:32.676] [info]  [Library] Update for version 3.7.15-ow is not available (latest version: 3.7.15-ow, downgrade is allowed).
[2026-08-24 17:18:32.677] [info]  [Updater] No updates available.
[2026-08-24 17:18:32.679] [info]  [Updater] Update check returned a result... skipping: {"isUpdateAvailable":false,"versionInfo":{"version":"3.7.15-ow","files":[{"url":"Lunar Client v3.7.15-ow.exe","sha512":"v9mOYfYfiglPAntZp/AkNefZOWMhuc82CEr9WWLCGAXRddB0gXbUV7KUNuI7faluUdusTM8Ybu6v+Q549BXlgg=="}],"path":"Lunar Client v3.7.15-ow.exe","sha512":"v9mOYfYfiglPAntZp/AkNefZOWMhuc82CEr9WWLCGAXRddB0gXbUV7KUNuI7faluUdusTM8Ybu6v+Q549BXlgg==","packages":{"x64":{"size":114509742,"sha512":"5LvMOx+XSt6j1bQNqNtn55Ow+1yw+DqaVqwtrUrpLPhkSm/X/7PBnpXei6U/VZahVUiyT3wyT32f6veRunDMUg==","blockMapSize":119023,"path":"lunarclient-3.7.15-ow-x64.nsis.7z","file":"lunarclient-3.7.15-ow-x64.nsis.7z"}},"releaseDate":"2026-08-12T16:43:23.198Z"},"updateInfo":{"version":"3.7.15-ow","files":[{"url":"Lunar Client v3.7.15-ow.exe","sha512":"v9mOYfYfiglPAntZp/AkNefZOWMhuc82CEr9WWLCGAXRddB0gXbUV7KUNuI7faluUdusTM8Ybu6v+Q549BXlgg=="}],"path":"Lunar Client v3.7.15-ow.exe","sha512":"v9mOYfYfiglPAntZp/AkNefZOWMhuc82CEr9WWLCGAXRddB0gXbUV7KUNuI7faluUdusTM8Ybu6v+Q549BXlgg==","packages":{"x64":{"size":114509742,"sha512":"5LvMOx+XSt6j1bQNqNtn55Ow+1yw+DqaVqwtrUrpLPhkSm/X/7PBnpXei6U/VZahVUiyT3wyT32f6veRunDMUg==","blockMapSize":119023,"path":"lunarclient-3.7.15-ow-x64.nsis.7z","file":"lunarclient-3.7.15-ow-x64.nsis.7z"}},"releaseDate":"2026-08-12T16:43:23.198Z"}}
[2026-08-24 17:33:32.385] [info]  [Library] Checking for update
[2026-08-24 17:33:32.392] [info]  [Updater] Checking for updates...
[2026-08-24 17:33:32.396] [info]           * Current Version: 3.7.15.12602
[2026-08-24 17:33:32.399] [info]           * Channel: latest-ow
[2026-08-24 17:33:32.404] [info]           * URL: https://launcherupdates.lunarclientcdn.com
[2026-08-24 17:33:32.408] [info]           * User Initiated: false
[2026-08-24 17:33:32.903] [info]  [Library] Update for version 3.7.15-ow is not available (latest version: 3.7.15-ow, downgrade is allowed).
[2026-08-24 17:33:32.904] [info]  [Updater] No updates available.
[2026-08-24 17:33:32.906] [info]  [Updater] Update check returned a result... skipping: {"isUpdateAvailable":false,"versionInfo":{"version":"3.7.15-ow","files":[{"url":"Lunar Client v3.7.15-ow.exe","sha512":"v9mOYfYfiglPAntZp/AkNefZOWMhuc82CEr9WWLCGAXRddB0gXbUV7KUNuI7faluUdusTM8Ybu6v+Q549BXlgg=="}],"path":"Lunar Client v3.7.15-ow.exe","sha512":"v9mOYfYfiglPAntZp/AkNefZOWMhuc82CEr9WWLCGAXRddB0gXbUV7KUNuI7faluUdusTM8Ybu6v+Q549BXlgg==","packages":{"x64":{"size":114509742,"sha512":"5LvMOx+XSt6j1bQNqNtn55Ow+1yw+DqaVqwtrUrpLPhkSm/X/7PBnpXei6U/VZahVUiyT3wyT32f6veRunDMUg==","blockMapSize":119023,"path":"lunarclient-3.7.15-ow-x64.nsis.7z","file":"lunarclient-3.7.15-ow-x64.nsis.7z"}},"releaseDate":"2026-08-12T16:43:23.198Z"},"updateInfo":{"version":"3.7.15-ow","files":[{"url":"Lunar Client v3.7.15-ow.exe","sha512":"v9mOYfYfiglPAntZp/AkNefZOWMhuc82CEr9WWLCGAXRddB0gXbUV7KUNuI7faluUdusTM8Ybu6v+Q549BXlgg=="}],"path":"Lunar Client v3.7.15-ow.exe","sha512":"v9mOYfYfiglPAntZp/AkNefZOWMhuc82CEr9WWLCGAXRddB0gXbUV7KUNuI7faluUdusTM8Ybu6v+Q549BXlgg==","packages":{"x64":{"size":114509742,"sha512":"5LvMOx+XSt6j1bQNqNtn55Ow+1yw+DqaVqwtrUrpLPhkSm/X/7PBnpXei6U/VZahVUiyT3wyT32f6veRunDMUg==","blockMapSize":119023,"path":"lunarclient-3.7.15-ow-x64.nsis.7z","file":"lunarclient-3.7.15-ow-x64.nsis.7z"}},"releaseDate":"2026-08-12T16:43:23.198Z"}}
[2026-08-24 17:48:32.377] [info]  [Library] Checking for update
[2026-08-24 17:48:32.379] [info]  [Updater] Checking for updates...
[2026-08-24 17:48:32.381] [info]           * Current Version: 3.7.15.12602
[2026-08-24 17:48:32.383] [info]           * Channel: latest-ow
[2026-08-24 17:48:32.385] [info]           * URL: https://launcherupdates.lunarclientcdn.com
[2026-08-24 17:48:32.387] [info]           * User Initiated: false
[2026-08-24 17:48:32.589] [info]  [Library] Found version 3.7.16-ow (url: Lunar Client v3.7.16-ow.exe)
[2026-08-24 17:48:32.594] [info]  [Updater] Update available! Here's the information...
[2026-08-24 17:48:32.596] [info]           * New Version: 3.7.16-ow (vs current: 3.7.15.12602)
[2026-08-24 17:48:32.599] [info]           * Release Date: 2026-08-24T23:38:30.176Z
[2026-08-24 17:48:32.601] [info]           * Files:
[2026-08-24 17:48:32.603] [info]               * Lunar Client v3.7.16-ow.exe
[2026-08-24 17:48:32.606] [info]                   * Size: unknown bytes
[2026-08-24 17:48:32.608] [info]                   * Blockmap Size: unknown bytes
[2026-08-24 17:48:32.611] [info]                   * SHA 512: K25vDcT8UO0xbMd4MX5URU+l33+vEILLkpsRkxPMYVfB+yP5gqHGuNWOOGgUOE0gH2g4j+1Mjo9AFnQDC35tng==
[2026-08-24 17:48:32.614] [info]                   * Admin Required?: undefined
[2026-08-24 17:48:32.616] [info]  [Updater] Launcher is not focused, downloading in the background...
[2026-08-24 17:48:32.619] [info]  [Library] Downloading update from Lunar Client v3.7.16-ow.exe
[2026-08-24 17:48:32.630] [info]  [Updater] Update check returned a result... skipping: {"isUpdateAvailable":true,"versionInfo":{"version":"3.7.16-ow","files":[{"url":"Lunar Client v3.7.16-ow.exe","sha512":"K25vDcT8UO0xbMd4MX5URU+l33+vEILLkpsRkxPMYVfB+yP5gqHGuNWOOGgUOE0gH2g4j+1Mjo9AFnQDC35tng=="}],"path":"Lunar Client v3.7.16-ow.exe","sha512":"K25vDcT8UO0xbMd4MX5URU+l33+vEILLkpsRkxPMYVfB+yP5gqHGuNWOOGgUOE0gH2g4j+1Mjo9AFnQDC35tng==","packages":{"x64":{"size":112473965,"sha512":"f2R8yaxYfUc7t48Bk04LzCImKB27jTxQcAe6RAFE/2lMaHmhsNJCJ47S0XSDCCvUNJp5imIeKLPifHT4z+jt5g==","blockMapSize":116960,"path":"lunarclient-3.7.16-ow-x64.nsis.7z","file":"lunarclient-3.7.16-ow-x64.nsis.7z"}},"releaseDate":"2026-08-24T23:38:30.176Z"},"updateInfo":{"version":"3.7.16-ow","files":[{"url":"Lunar Client v3.7.16-ow.exe","sha512":"K25vDcT8UO0xbMd4MX5URU+l33+vEILLkpsRkxPMYVfB+yP5gqHGuNWOOGgUOE0gH2g4j+1Mjo9AFnQDC35tng=="}],"path":"Lunar Client v3.7.16-ow.exe","sha512":"K25vDcT8UO0xbMd4MX5URU+l33+vEILLkpsRkxPMYVfB+yP5gqHGuNWOOGgUOE0gH2g4j+1Mjo9AFnQDC35tng==","packages":{"x64":{"size":112473965,"sha512":"f2R8yaxYfUc7t48Bk04LzCImKB27jTxQcAe6RAFE/2lMaHmhsNJCJ47S0XSDCCvUNJp5imIeKLPifHT4z+jt5g==","blockMapSize":116960,"path":"lunarclient-3.7.16-ow-x64.nsis.7z","file":"lunarclient-3.7.16-ow-x64.nsis.7z"}},"releaseDate":"2026-08-24T23:38:30.176Z"},"cancellationToken":{"_events":{},"_eventsCount":0,"parentCancelHandler":null,"_parent":null,"_cancelled":false},"downloadPromise":null}
[2026-08-24 17:48:32.700] [debug] [Library] updater cache dir: C:\Users\CARLOS_JR\AppData\Local\lunarclient-updater
[2026-08-24 17:48:32.728] [info]  [Library] Cached update sha512 checksum doesn't match the latest available update. New update must be downloaded. Cached: v9mOYfYfiglPAntZp/AkNefZOWMhuc82CEr9WWLCGAXRddB0gXbUV7KUNuI7faluUdusTM8Ybu6v+Q549BXlgg==, expected: K25vDcT8UO0xbMd4MX5URU+l33+vEILLkpsRkxPMYVfB+yP5gqHGuNWOOGgUOE0gH2g4j+1Mjo9AFnQDC35tng==. Directory for cached update will be cleaned
[2026-08-24 17:48:32.916] [info]  [Updater] Downloading update: 100% - 7322861 bytes/s - 1003232 / 1003232 bytes - 1003232 delta
[2026-08-24 17:48:33.027] [info]  [Library] File has 600 changed blocks
[2026-08-24 17:48:33.028] [debug] [Library] [
  {
    "kind": 1,
    "start": 0,
    "end": 8283
  },
  {
    "kind": 0,
    "start": 8283,
    "end": 12341975
  },
  {
    "kind": 1,
    "start": 12341975,
    "end": 14369797
  },
  {
    "kind": 0,
    "start": 14363372,
    "end": 14390020
  },
  {
    "kind": 1,
    "start": 14396445,
    "end": 14510439
  },
  {
    "kind": 0,
    "start": 14504014,
    "end": 14536782
  },
  {
    "kind": 1,
    "start": 14543207,
    "end": 14608229
  },
  {
    "kind": 0,
    "start": 14601804,
    "end": 14619225
  },
  {
    "kind": 1,
    "start": 14625650,
    "end": 14657348
  },
  {
    "kind": 0,
    "start": 14650923,
    "end": 14683691
  },
  {
    "kind": 1,
    "start": 14690116,
    "end": 14722884
  },
  {
    "kind": 0,
    "start": 14716459,
    "end": 14729406
  },
  {
    "kind": 1,
    "start": 14735831,
    "end": 14812194
  },
  {
    "kind": 0,
    "start": 14805769,
    "end": 14838537
  },
  {
    "kind": 1,
    "start": 14844962,
    "end": 15637760
  },
  {
    "kind": 0,
    "start": 15624711,
    "end": 15644403
  },
  {
    "kind": 1,
    "start": 15657452,
    "end": 15687185
  },
  {
    "kind": 0,
    "start": 15674136,
    "end": 15700049
  },
  {
    "kind": 1,
    "start": 15713098,
    "end": 19440567
  },
  {
    "kind": 0,
    "start": 19426156,
    "end": 19437720
  },
  {
    "kind": 1,
    "start": 19452131,
    "end": 19484899
  },
  {
    "kind": 0,
    "start": 19470488,
    "end": 19487629
  },
  {
    "kind": 1,
    "start": 19502040,
    "end": 19612486
  },
  {
    "kind": 0,
    "start": 19597913,
    "end": 19609210
  },
  {
    "kind": 1,
    "start": 19623783,
    "end": 19684462
  },
  {
    "kind": 0,
    "start": 19669886,
    "end": 19686279
  },
  {
    "kind": 1,
    "start": 19700855,
    "end": 19831275
  },
  {
    "kind": 0,
    "start": 19816699,
    "end": 19827966
  },
  {
    "kind": 1,
    "start": 19842542,
    "end": 19855567
  },
  {
    "kind": 0,
    "start": 19840994,
    "end": 19853126
  },
  {
    "kind": 1,
    "start": 19867699,
    "end": 21853769
  },
  {
    "kind": 0,
    "start": 21838875,
    "end": 24927008
  },
  {
    "kind": 1,
    "start": 24941902,
    "end": 26050441
  },
  {
    "kind": 0,
    "start": 28084212,
    "end": 46530990
  },
  {
    "kind": 1,
    "start": 44497219,
    "end": 45514215
  },
  {
    "kind": 0,
    "start": 47547851,
    "end": 104713888
  },
  {
    "kind": 1,
    "start": 102680252,
    "end": 102894603
  },
  {
    "kind": 0,
    "start": 104928255,
    "end": 111534007
  },
  {
    "kind": 1,
    "start": 109500355,
    "end": 110637808
  },
  {
    "kind": 0,
    "start": 112671427,
    "end": 112683440
  },
  {
    "kind": 1,
    "start": 110649821,
    "end": 110737891
  },
  {
    "kind": 0,
    "start": 112771503,
    "end": 114365692
  },
  {
    "kind": 1,
    "start": 112332080,
    "end": 112357001
  }
]
[2026-08-24 17:48:33.063] [info]  [Library] Full: 109,837.86 KB, To download: 12,528.99 KB (11%)
[2026-08-24 17:48:34.101] [info]  [Updater] Downloading update: 80.19163053692341% - 10267800 bytes/s - 10288336 / 12829688 bytes - 10288336 delta
[2026-08-24 17:48:35.275] [info]  [Updater] Downloading update: 96.61515541141765% - 5696426 bytes/s - 12395423 / 12829688 bytes - 2107087 delta
[2026-08-24 17:48:35.376] [info]  [Updater] Downloading update: 100% - 5634470 bytes/s - 12829688 / 12829688 bytes - 434265 delta
[2026-08-24 17:48:35.458] [info]  [Library] New version 3.7.16-ow has been downloaded to C:\Users\CARLOS_JR\AppData\Local\lunarclient-updater\pending\Lunar Client v3.7.16-ow.exe
[2026-08-24 17:48:35.470] [info]  [Updater] Update downloaded, but launcher is not available... installing when available!
[2026-08-24 18:03:32.397] [info]  [Updater] Update has already been downloaded but Launcher not available... skipping
[2026-08-24 18:18:32.397] [info]  [Updater] Update has already been downloaded but Launcher not available... skipping
[2026-08-24 18:33:32.408] [info]  [Updater] Update has already been downloaded but Launcher not available... skipping
[2026-08-24 18:48:32.411] [info]  [Updater] Update has already been downloaded but Launcher not available... skipping
[2026-08-24 19:03:32.426] [info]  [Updater] Update has already been downloaded but Launcher not available... skipping
[2026-08-24 19:18:32.424] [info]  [Updater] Update has already been downloaded but Launcher not available... skipping
[2026-08-24 19:33:32.429] [info]  [Updater] Update has already been downloaded but Launcher not available... skipping
[2026-08-24 19:48:32.444] [info]  [Updater] Update has already been downloaded but Launcher not available... skipping
[2026-08-24 20:03:32.459] [info]  [Updater] Update has already been downloaded but Launcher not available... skipping
[2026-08-24 20:18:32.458] [info]  [Updater] Update has already been downloaded but Launcher not available... skipping
[2026-08-24 20:33:32.487] [info]  [Updater] Update has already been downloaded but Launcher not available... skipping
[2026-08-24 20:48:32.481] [info]  [Updater] Update has already been downloaded but Launcher not available... skipping
[2026-08-24 21:03:32.490] [info]  [Updater] Update has already been downloaded but Launcher not available... skipping
[2026-08-24 21:18:32.540] [info]  [Updater] Update has already been downloaded but Launcher not available... skipping
[2026-08-24 21:33:32.505] [info]  [Updater] Update has already been downloaded but Launcher not available... skipping
[2026-08-24 21:48:32.516] [info]  [Updater] Update has already been downloaded but Launcher not available... skipping
[2026-08-24 22:03:32.527] [info]  [Updater] Update has already been downloaded but Launcher not available... skipping
[2026-08-24 22:18:32.535] [info]  [Updater] Update has already been downloaded but Launcher not available... skipping
[2026-08-24 22:33:32.543] [info]  [Updater] Update has already been downloaded but Launcher not available... skipping
[2026-08-24 22:48:32.551] [info]  [Updater] Update has already been downloaded but Launcher not available... skipping
[2026-08-24 23:03:32.555] [info]  [Updater] Update has already been downloaded but Launcher not available... skipping
[2026-08-24 23:18:32.552] [info]  [Updater] Update has already been downloaded but Launcher not available... skipping
[2026-08-24 23:33:32.566] [info]  [Updater] Update has already been downloaded but Launcher not available... skipping
[2026-08-24 23:48:32.583] [info]  [Updater] Update has already been downloaded but Launcher not available... skipping
[2026-08-25 00:03:32.585] [info]  [Updater] Update has already been downloaded but Launcher not available... skipping
[2026-08-25 00:10:41.595] [info]  [Library] Install on explicit quitAndInstall
[2026-08-25 00:10:41.601] [info]  [Library] Install: isSilent: false, isForceRunAfter: true
[2026-08-25 00:10:41.605] [info]  [Library] Executing: C:\Users\CARLOS_JR\AppData\Local\lunarclient-updater\pending\Lunar Client v3.7.16-ow.exe with args: --updated,--force-run,--package-file=C:\Users\CARLOS_JR\AppData\Local\lunarclient-updater\pending\package-3.7.16-ow.7z
[2026-08-25 00:10:46.461] [info]  [Library] Update installer has already been triggered. Quitting application.
[2026-08-25 00:11:19.585] [info]  [Electron] Logger initialized for updater at C:\Users\CARLOS_JR\.lunarclient\logs\launcher\updater.log (Prefix: Updater)
[2026-08-25 00:11:29.390] [info]  [Library] Checking for update
[2026-08-25 00:11:29.391] [info]  [Updater] Checking for updates...
[2026-08-25 00:11:29.393] [info]           * Current Version: 3.7.16.12965
[2026-08-25 00:11:29.396] [info]           * Channel: latest-ow
[2026-08-25 00:11:29.398] [info]           * URL: https://launcherupdates.lunarclientcdn.com
[2026-08-25 00:11:29.401] [info]           * User Initiated: false
[2026-08-25 00:11:31.340] [info]  [Library] Update for version 3.7.16-ow is not available (latest version: 3.7.16-ow, downgrade is allowed).
[2026-08-25 00:11:31.342] [info]  [Updater] No updates available.
[2026-08-25 00:11:31.346] [info]  [Updater] Update check returned a result... skipping: {"isUpdateAvailable":false,"versionInfo":{"version":"3.7.16-ow","files":[{"url":"Lunar Client v3.7.16-ow.exe","sha512":"K25vDcT8UO0xbMd4MX5URU+l33+vEILLkpsRkxPMYVfB+yP5gqHGuNWOOGgUOE0gH2g4j+1Mjo9AFnQDC35tng=="}],"path":"Lunar Client v3.7.16-ow.exe","sha512":"K25vDcT8UO0xbMd4MX5URU+l33+vEILLkpsRkxPMYVfB+yP5gqHGuNWOOGgUOE0gH2g4j+1Mjo9AFnQDC35tng==","packages":{"x64":{"size":112473965,"sha512":"f2R8yaxYfUc7t48Bk04LzCImKB27jTxQcAe6RAFE/2lMaHmhsNJCJ47S0XSDCCvUNJp5imIeKLPifHT4z+jt5g==","blockMapSize":116960,"path":"lunarclient-3.7.16-ow-x64.nsis.7z","file":"lunarclient-3.7.16-ow-x64.nsis.7z"}},"releaseDate":"2026-08-24T23:38:30.176Z"},"updateInfo":{"version":"3.7.16-ow","files":[{"url":"Lunar Client v3.7.16-ow.exe","sha512":"K25vDcT8UO0xbMd4MX5URU+l33+vEILLkpsRkxPMYVfB+yP5gqHGuNWOOGgUOE0gH2g4j+1Mjo9AFnQDC35tng=="}],"path":"Lunar Client v3.7.16-ow.exe","sha512":"K25vDcT8UO0xbMd4MX5URU+l33+vEILLkpsRkxPMYVfB+yP5gqHGuNWOOGgUOE0gH2g4j+1Mjo9AFnQDC35tng==","packages":{"x64":{"size":112473965,"sha512":"f2R8yaxYfUc7t48Bk04LzCImKB27jTxQcAe6RAFE/2lMaHmhsNJCJ47S0XSDCCvUNJp5imIeKLPifHT4z+jt5g==","blockMapSize":116960,"path":"lunarclient-3.7.16-ow-x64.nsis.7z","file":"lunarclient-3.7.16-ow-x64.nsis.7z"}},"releaseDate":"2026-08-24T23:38:30.176Z"}}
[2026-08-25 00:26:19.973] [info]  [Library] Checking for update
[2026-08-25 00:26:20.088] [info]  [Updater] Checking for updates...
[2026-08-25 00:26:20.112] [info]           * Current Version: 3.7.16.12965
[2026-08-25 00:26:20.127] [info]           * Channel: latest-ow
[2026-08-25 00:26:20.130] [info]           * URL: https://launcherupdates.lunarclientcdn.com
[2026-08-25 00:26:20.136] [info]           * User Initiated: false
[2026-08-25 00:26:21.982] [info]  [Library] Update for version 3.7.16-ow is not available (latest version: 3.7.16-ow, downgrade is allowed).
[2026-08-25 00:26:21.984] [info]  [Updater] No updates available.
[2026-08-25 00:26:21.989] [info]  [Updater] Update check returned a result... skipping: {"isUpdateAvailable":false,"versionInfo":{"version":"3.7.16-ow","files":[{"url":"Lunar Client v3.7.16-ow.exe","sha512":"K25vDcT8UO0xbMd4MX5URU+l33+vEILLkpsRkxPMYVfB+yP5gqHGuNWOOGgUOE0gH2g4j+1Mjo9AFnQDC35tng=="}],"path":"Lunar Client v3.7.16-ow.exe","sha512":"K25vDcT8UO0xbMd4MX5URU+l33+vEILLkpsRkxPMYVfB+yP5gqHGuNWOOGgUOE0gH2g4j+1Mjo9AFnQDC35tng==","packages":{"x64":{"size":112473965,"sha512":"f2R8yaxYfUc7t48Bk04LzCImKB27jTxQcAe6RAFE/2lMaHmhsNJCJ47S0XSDCCvUNJp5imIeKLPifHT4z+jt5g==","blockMapSize":116960,"path":"lunarclient-3.7.16-ow-x64.nsis.7z","file":"lunarclient-3.7.16-ow-x64.nsis.7z"}},"releaseDate":"2026-08-24T23:38:30.176Z"},"updateInfo":{"version":"3.7.16-ow","files":[{"url":"Lunar Client v3.7.16-ow.exe","sha512":"K25vDcT8UO0xbMd4MX5URU+l33+vEILLkpsRkxPMYVfB+yP5gqHGuNWOOGgUOE0gH2g4j+1Mjo9AFnQDC35tng=="}],"path":"Lunar Client v3.7.16-ow.exe","sha512":"K25vDcT8UO0xbMd4MX5URU+l33+vEILLkpsRkxPMYVfB+yP5gqHGuNWOOGgUOE0gH2g4j+1Mjo9AFnQDC35tng==","packages":{"x64":{"size":112473965,"sha512":"f2R8yaxYfUc7t48Bk04LzCImKB27jTxQcAe6RAFE/2lMaHmhsNJCJ47S0XSDCCvUNJp5imIeKLPifHT4z+jt5g==","blockMapSize":116960,"path":"lunarclient-3.7.16-ow-x64.nsis.7z","file":"lunarclient-3.7.16-ow-x64.nsis.7z"}},"releaseDate":"2026-08-24T23:38:30.176Z"}}
[2026-08-25 00:41:19.791] [info]  [Library] Checking for update
[2026-08-25 00:41:19.819] [info]  [Updater] Checking for updates...
[2026-08-25 00:41:19.828] [info]           * Current Version: 3.7.16.12965
[2026-08-25 00:41:19.835] [info]           * Channel: latest-ow
[2026-08-25 00:41:19.842] [info]           * URL: https://launcherupdates.lunarclientcdn.com
[2026-08-25 00:41:19.851] [info]           * User Initiated: false
[2026-08-25 00:41:20.392] [info]  [Library] Update for version 3.7.16-ow is not available (latest version: 3.7.16-ow, downgrade is allowed).
[2026-08-25 00:41:20.393] [info]  [Updater] No updates available.
[2026-08-25 00:41:20.400] [info]  [Updater] Update check returned a result... skipping: {"isUpdateAvailable":false,"versionInfo":{"version":"3.7.16-ow","files":[{"url":"Lunar Client v3.7.16-ow.exe","sha512":"K25vDcT8UO0xbMd4MX5URU+l33+vEILLkpsRkxPMYVfB+yP5gqHGuNWOOGgUOE0gH2g4j+1Mjo9AFnQDC35tng=="}],"path":"Lunar Client v3.7.16-ow.exe","sha512":"K25vDcT8UO0xbMd4MX5URU+l33+vEILLkpsRkxPMYVfB+yP5gqHGuNWOOGgUOE0gH2g4j+1Mjo9AFnQDC35tng==","packages":{"x64":{"size":112473965,"sha512":"f2R8yaxYfUc7t48Bk04LzCImKB27jTxQcAe6RAFE/2lMaHmhsNJCJ47S0XSDCCvUNJp5imIeKLPifHT4z+jt5g==","blockMapSize":116960,"path":"lunarclient-3.7.16-ow-x64.nsis.7z","file":"lunarclient-3.7.16-ow-x64.nsis.7z"}},"releaseDate":"2026-08-24T23:38:30.176Z"},"updateInfo":{"version":"3.7.16-ow","files":[{"url":"Lunar Client v3.7.16-ow.exe","sha512":"K25vDcT8UO0xbMd4MX5URU+l33+vEILLkpsRkxPMYVfB+yP5gqHGuNWOOGgUOE0gH2g4j+1Mjo9AFnQDC35tng=="}],"path":"Lunar Client v3.7.16-ow.exe","sha512":"K25vDcT8UO0xbMd4MX5URU+l33+vEILLkpsRkxPMYVfB+yP5gqHGuNWOOGgUOE0gH2g4j+1Mjo9AFnQDC35tng==","packages":{"x64":{"size":112473965,"sha512":"f2R8yaxYfUc7t48Bk04LzCImKB27jTxQcAe6RAFE/2lMaHmhsNJCJ47S0XSDCCvUNJp5imIeKLPifHT4z+jt5g==","blockMapSize":116960,"path":"lunarclient-3.7.16-ow-x64.nsis.7z","file":"lunarclient-3.7.16-ow-x64.nsis.7z"}},"releaseDate":"2026-08-24T23:38:30.176Z"}}
[2026-08-25 00:56:19.701] [info]  [Library] Checking for update
[2026-08-25 00:56:19.727] [info]  [Updater] Checking for updates...
[2026-08-25 00:56:19.742] [info]           * Current Version: 3.7.16.12965
[2026-08-25 00:56:19.751] [info]           * Channel: latest-ow
[2026-08-25 00:56:19.757] [info]           * URL: https://launcherupdates.lunarclientcdn.com
[2026-08-25 00:56:19.759] [info]           * User Initiated: false
[2026-08-25 00:56:20.191] [info]  [Library] Update for version 3.7.16-ow is not available (latest version: 3.7.16-ow, downgrade is allowed).
[2026-08-25 00:56:20.194] [info]  [Updater] No updates available.
[2026-08-25 00:56:20.198] [info]  [Updater] Update check returned a result... skipping: {"isUpdateAvailable":false,"versionInfo":{"version":"3.7.16-ow","files":[{"url":"Lunar Client v3.7.16-ow.exe","sha512":"K25vDcT8UO0xbMd4MX5URU+l33+vEILLkpsRkxPMYVfB+yP5gqHGuNWOOGgUOE0gH2g4j+1Mjo9AFnQDC35tng=="}],"path":"Lunar Client v3.7.16-ow.exe","sha512":"K25vDcT8UO0xbMd4MX5URU+l33+vEILLkpsRkxPMYVfB+yP5gqHGuNWOOGgUOE0gH2g4j+1Mjo9AFnQDC35tng==","packages":{"x64":{"size":112473965,"sha512":"f2R8yaxYfUc7t48Bk04LzCImKB27jTxQcAe6RAFE/2lMaHmhsNJCJ47S0XSDCCvUNJp5imIeKLPifHT4z+jt5g==","blockMapSize":116960,"path":"lunarclient-3.7.16-ow-x64.nsis.7z","file":"lunarclient-3.7.16-ow-x64.nsis.7z"}},"releaseDate":"2026-08-24T23:38:30.176Z"},"updateInfo":{"version":"3.7.16-ow","files":[{"url":"Lunar Client v3.7.16-ow.exe","sha512":"K25vDcT8UO0xbMd4MX5URU+l33+vEILLkpsRkxPMYVfB+yP5gqHGuNWOOGgUOE0gH2g4j+1Mjo9AFnQDC35tng=="}],"path":"Lunar Client v3.7.16-ow.exe","sha512":"K25vDcT8UO0xbMd4MX5URU+l33+vEILLkpsRkxPMYVfB+yP5gqHGuNWOOGgUOE0gH2g4j+1Mjo9AFnQDC35tng==","packages":{"x64":{"size":112473965,"sha512":"f2R8yaxYfUc7t48Bk04LzCImKB27jTxQcAe6RAFE/2lMaHmhsNJCJ47S0XSDCCvUNJp5imIeKLPifHT4z+jt5g==","blockMapSize":116960,"path":"lunarclient-3.7.16-ow-x64.nsis.7z","file":"lunarclient-3.7.16-ow-x64.nsis.7z"}},"releaseDate":"2026-08-24T23:38:30.176Z"}}
[2026-08-25 01:11:19.733] [info]  [Library] Checking for update
[2026-08-25 01:11:19.758] [info]  [Updater] Checking for updates...
[2026-08-25 01:11:19.769] [info]           * Current Version: 3.7.16.12965
[2026-08-25 01:11:19.773] [info]           * Channel: latest-ow
[2026-08-25 01:11:19.776] [info]           * URL: https://launcherupdates.lunarclientcdn.com
[2026-08-25 01:11:19.779] [info]           * User Initiated: false
[2026-08-25 01:11:20.146] [info]  [Library] Update for version 3.7.16-ow is not available (latest version: 3.7.16-ow, downgrade is allowed).
[2026-08-25 01:11:20.149] [info]  [Updater] No updates available.
[2026-08-25 01:11:20.153] [info]  [Updater] Update check returned a result... skipping: {"isUpdateAvailable":false,"versionInfo":{"version":"3.7.16-ow","files":[{"url":"Lunar Client v3.7.16-ow.exe","sha512":"K25vDcT8UO0xbMd4MX5URU+l33+vEILLkpsRkxPMYVfB+yP5gqHGuNWOOGgUOE0gH2g4j+1Mjo9AFnQDC35tng=="}],"path":"Lunar Client v3.7.16-ow.exe","sha512":"K25vDcT8UO0xbMd4MX5URU+l33+vEILLkpsRkxPMYVfB+yP5gqHGuNWOOGgUOE0gH2g4j+1Mjo9AFnQDC35tng==","packages":{"x64":{"size":112473965,"sha512":"f2R8yaxYfUc7t48Bk04LzCImKB27jTxQcAe6RAFE/2lMaHmhsNJCJ47S0XSDCCvUNJp5imIeKLPifHT4z+jt5g==","blockMapSize":116960,"path":"lunarclient-3.7.16-ow-x64.nsis.7z","file":"lunarclient-3.7.16-ow-x64.nsis.7z"}},"releaseDate":"2026-08-24T23:38:30.176Z"},"updateInfo":{"version":"3.7.16-ow","files":[{"url":"Lunar Client v3.7.16-ow.exe","sha512":"K25vDcT8UO0xbMd4MX5URU+l33+vEILLkpsRkxPMYVfB+yP5gqHGuNWOOGgUOE0gH2g4j+1Mjo9AFnQDC35tng=="}],"path":"Lunar Client v3.7.16-ow.exe","sha512":"K25vDcT8UO0xbMd4MX5URU+l33+vEILLkpsRkxPMYVfB+yP5gqHGuNWOOGgUOE0gH2g4j+1Mjo9AFnQDC35tng==","packages":{"x64":{"size":112473965,"sha512":"f2R8yaxYfUc7t48Bk04LzCImKB27jTxQcAe6RAFE/2lMaHmhsNJCJ47S0XSDCCvUNJp5imIeKLPifHT4z+jt5g==","blockMapSize":116960,"path":"lunarclient-3.7.16-ow-x64.nsis.7z","file":"lunarclient-3.7.16-ow-x64.nsis.7z"}},"releaseDate":"2026-08-24T23:38:30.176Z"}}
[2026-08-25 01:26:19.926] [info]  [Library] Checking for update
[2026-08-25 01:26:19.941] [info]  [Updater] Checking for updates...
[2026-08-25 01:26:19.947] [info]           * Current Version: 3.7.16.12965
[2026-08-25 01:26:19.951] [info]           * Channel: latest-ow
[2026-08-25 01:26:19.953] [info]           * URL: https://launcherupdates.lunarclientcdn.com
[2026-08-25 01:26:19.955] [info]           * User Initiated: false
[2026-08-25 01:26:20.290] [info]  [Library] Update for version 3.7.16-ow is not available (latest version: 3.7.16-ow, downgrade is allowed).
[2026-08-25 01:26:20.291] [info]  [Updater] No updates available.
[2026-08-25 01:26:20.293] [info]  [Updater] Update check returned a result... skipping: {"isUpdateAvailable":false,"versionInfo":{"version":"3.7.16-ow","files":[{"url":"Lunar Client v3.7.16-ow.exe","sha512":"K25vDcT8UO0xbMd4MX5URU+l33+vEILLkpsRkxPMYVfB+yP5gqHGuNWOOGgUOE0gH2g4j+1Mjo9AFnQDC35tng=="}],"path":"Lunar Client v3.7.16-ow.exe","sha512":"K25vDcT8UO0xbMd4MX5URU+l33+vEILLkpsRkxPMYVfB+yP5gqHGuNWOOGgUOE0gH2g4j+1Mjo9AFnQDC35tng==","packages":{"x64":{"size":112473965,"sha512":"f2R8yaxYfUc7t48Bk04LzCImKB27jTxQcAe6RAFE/2lMaHmhsNJCJ47S0XSDCCvUNJp5imIeKLPifHT4z+jt5g==","blockMapSize":116960,"path":"lunarclient-3.7.16-ow-x64.nsis.7z","file":"lunarclient-3.7.16-ow-x64.nsis.7z"}},"releaseDate":"2026-08-24T23:38:30.176Z"},"updateInfo":{"version":"3.7.16-ow","files":[{"url":"Lunar Client v3.7.16-ow.exe","sha512":"K25vDcT8UO0xbMd4MX5URU+l33+vEILLkpsRkxPMYVfB+yP5gqHGuNWOOGgUOE0gH2g4j+1Mjo9AFnQDC35tng=="}],"path":"Lunar Client v3.7.16-ow.exe","sha512":"K25vDcT8UO0xbMd4MX5URU+l33+vEILLkpsRkxPMYVfB+yP5gqHGuNWOOGgUOE0gH2g4j+1Mjo9AFnQDC35tng==","packages":{"x64":{"size":112473965,"sha512":"f2R8yaxYfUc7t48Bk04LzCImKB27jTxQcAe6RAFE/2lMaHmhsNJCJ47S0XSDCCvUNJp5imIeKLPifHT4z+jt5g==","blockMapSize":116960,"path":"lunarclient-3.7.16-ow-x64.nsis.7z","file":"lunarclient-3.7.16-ow-x64.nsis.7z"}},"releaseDate":"2026-08-24T23:38:30.176Z"}}
[2026-08-25 01:41:19.761] [info]  [Library] Checking for update
[2026-08-25 01:41:19.776] [info]  [Updater] Checking for updates...
[2026-08-25 01:41:19.780] [info]           * Current Version: 3.7.16.12965
[2026-08-25 01:41:19.782] [info]           * Channel: latest-ow
[2026-08-25 01:41:19.785] [info]           * URL: https://launcherupdates.lunarclientcdn.com
[2026-08-25 01:41:19.787] [info]           * User Initiated: false
[2026-08-25 01:41:20.021] [info]  [Library] Update for version 3.7.16-ow is not available (latest version: 3.7.16-ow, downgrade is allowed).
[2026-08-25 01:41:20.022] [info]  [Updater] No updates available.
[2026-08-25 01:41:20.025] [info]  [Updater] Update check returned a result... skipping: {"isUpdateAvailable":false,"versionInfo":{"version":"3.7.16-ow","files":[{"url":"Lunar Client v3.7.16-ow.exe","sha512":"K25vDcT8UO0xbMd4MX5URU+l33+vEILLkpsRkxPMYVfB+yP5gqHGuNWOOGgUOE0gH2g4j+1Mjo9AFnQDC35tng=="}],"path":"Lunar Client v3.7.16-ow.exe","sha512":"K25vDcT8UO0xbMd4MX5URU+l33+vEILLkpsRkxPMYVfB+yP5gqHGuNWOOGgUOE0gH2g4j+1Mjo9AFnQDC35tng==","packages":{"x64":{"size":112473965,"sha512":"f2R8yaxYfUc7t48Bk04LzCImKB27jTxQcAe6RAFE/2lMaHmhsNJCJ47S0XSDCCvUNJp5imIeKLPifHT4z+jt5g==","blockMapSize":116960,"path":"lunarclient-3.7.16-ow-x64.nsis.7z","file":"lunarclient-3.7.16-ow-x64.nsis.7z"}},"releaseDate":"2026-08-24T23:38:30.176Z"},"updateInfo":{"version":"3.7.16-ow","files":[{"url":"Lunar Client v3.7.16-ow.exe","sha512":"K25vDcT8UO0xbMd4MX5URU+l33+vEILLkpsRkxPMYVfB+yP5gqHGuNWOOGgUOE0gH2g4j+1Mjo9AFnQDC35tng=="}],"path":"Lunar Client v3.7.16-ow.exe","sha512":"K25vDcT8UO0xbMd4MX5URU+l33+vEILLkpsRkxPMYVfB+yP5gqHGuNWOOGgUOE0gH2g4j+1Mjo9AFnQDC35tng==","packages":{"x64":{"size":112473965,"sha512":"f2R8yaxYfUc7t48Bk04LzCImKB27jTxQcAe6RAFE/2lMaHmhsNJCJ47S0XSDCCvUNJp5imIeKLPifHT4z+jt5g==","blockMapSize":116960,"path":"lunarclient-3.7.16-ow-x64.nsis.7z","file":"lunarclient-3.7.16-ow-x64.nsis.7z"}},"releaseDate":"2026-08-24T23:38:30.176Z"}}
[2026-08-25 01:56:19.870] [info]  [Library] Checking for update
[2026-08-25 01:56:19.930] [info]  [Updater] Checking for updates...
[2026-08-25 01:56:19.945] [info]           * Current Version: 3.7.16.12965
[2026-08-25 01:56:19.947] [info]           * Channel: latest-ow
[2026-08-25 01:56:19.953] [info]           * URL: https://launcherupdates.lunarclientcdn.com
[2026-08-25 01:56:19.957] [info]           * User Initiated: false
[2026-08-25 01:56:20.564] [info]  [Library] Update for version 3.7.16-ow is not available (latest version: 3.7.16-ow, downgrade is allowed).
[2026-08-25 01:56:20.565] [info]  [Updater] No updates available.
[2026-08-25 01:56:20.567] [info]  [Updater] Update check returned a result... skipping: {"isUpdateAvailable":false,"versionInfo":{"version":"3.7.16-ow","files":[{"url":"Lunar Client v3.7.16-ow.exe","sha512":"K25vDcT8UO0xbMd4MX5URU+l33+vEILLkpsRkxPMYVfB+yP5gqHGuNWOOGgUOE0gH2g4j+1Mjo9AFnQDC35tng=="}],"path":"Lunar Client v3.7.16-ow.exe","sha512":"K25vDcT8UO0xbMd4MX5URU+l33+vEILLkpsRkxPMYVfB+yP5gqHGuNWOOGgUOE0gH2g4j+1Mjo9AFnQDC35tng==","packages":{"x64":{"size":112473965,"sha512":"f2R8yaxYfUc7t48Bk04LzCImKB27jTxQcAe6RAFE/2lMaHmhsNJCJ47S0XSDCCvUNJp5imIeKLPifHT4z+jt5g==","blockMapSize":116960,"path":"lunarclient-3.7.16-ow-x64.nsis.7z","file":"lunarclient-3.7.16-ow-x64.nsis.7z"}},"releaseDate":"2026-08-24T23:38:30.176Z"},"updateInfo":{"version":"3.7.16-ow","files":[{"url":"Lunar Client v3.7.16-ow.exe","sha512":"K25vDcT8UO0xbMd4MX5URU+l33+vEILLkpsRkxPMYVfB+yP5gqHGuNWOOGgUOE0gH2g4j+1Mjo9AFnQDC35tng=="}],"path":"Lunar Client v3.7.16-ow.exe","sha512":"K25vDcT8UO0xbMd4MX5URU+l33+vEILLkpsRkxPMYVfB+yP5gqHGuNWOOGgUOE0gH2g4j+1Mjo9AFnQDC35tng==","packages":{"x64":{"size":112473965,"sha512":"f2R8yaxYfUc7t48Bk04LzCImKB27jTxQcAe6RAFE/2lMaHmhsNJCJ47S0XSDCCvUNJp5imIeKLPifHT4z+jt5g==","blockMapSize":116960,"path":"lunarclient-3.7.16-ow-x64.nsis.7z","file":"lunarclient-3.7.16-ow-x64.nsis.7z"}},"releaseDate":"2026-08-24T23:38:30.176Z"}}
[2026-08-25 02:11:19.773] [info]  [Library] Checking for update
[2026-08-25 02:11:19.797] [info]  [Updater] Checking for updates...
[2026-08-25 02:11:19.801] [info]           * Current Version: 3.7.16.12965
[2026-08-25 02:11:19.804] [info]           * Channel: latest-ow
[2026-08-25 02:11:19.808] [info]           * URL: https://launcherupdates.lunarclientcdn.com
[2026-08-25 02:11:19.812] [info]           * User Initiated: false
[2026-08-25 02:11:20.273] [info]  [Library] Update for version 3.7.16-ow is not available (latest version: 3.7.16-ow, downgrade is allowed).
[2026-08-25 02:11:20.275] [info]  [Updater] No updates available.
[2026-08-25 02:11:20.286] [info]  [Updater] Update check returned a result... skipping: {"isUpdateAvailable":false,"versionInfo":{"version":"3.7.16-ow","files":[{"url":"Lunar Client v3.7.16-ow.exe","sha512":"K25vDcT8UO0xbMd4MX5URU+l33+vEILLkpsRkxPMYVfB+yP5gqHGuNWOOGgUOE0gH2g4j+1Mjo9AFnQDC35tng=="}],"path":"Lunar Client v3.7.16-ow.exe","sha512":"K25vDcT8UO0xbMd4MX5URU+l33+vEILLkpsRkxPMYVfB+yP5gqHGuNWOOGgUOE0gH2g4j+1Mjo9AFnQDC35tng==","packages":{"x64":{"size":112473965,"sha512":"f2R8yaxYfUc7t48Bk04LzCImKB27jTxQcAe6RAFE/2lMaHmhsNJCJ47S0XSDCCvUNJp5imIeKLPifHT4z+jt5g==","blockMapSize":116960,"path":"lunarclient-3.7.16-ow-x64.nsis.7z","file":"lunarclient-3.7.16-ow-x64.nsis.7z"}},"releaseDate":"2026-08-24T23:38:30.176Z"},"updateInfo":{"version":"3.7.16-ow","files":[{"url":"Lunar Client v3.7.16-ow.exe","sha512":"K25vDcT8UO0xbMd4MX5URU+l33+vEILLkpsRkxPMYVfB+yP5gqHGuNWOOGgUOE0gH2g4j+1Mjo9AFnQDC35tng=="}],"path":"Lunar Client v3.7.16-ow.exe","sha512":"K25vDcT8UO0xbMd4MX5URU+l33+vEILLkpsRkxPMYVfB+yP5gqHGuNWOOGgUOE0gH2g4j+1Mjo9AFnQDC35tng==","packages":{"x64":{"size":112473965,"sha512":"f2R8yaxYfUc7t48Bk04LzCImKB27jTxQcAe6RAFE/2lMaHmhsNJCJ47S0XSDCCvUNJp5imIeKLPifHT4z+jt5g==","blockMapSize":116960,"path":"lunarclient-3.7.16-ow-x64.nsis.7z","file":"lunarclient-3.7.16-ow-x64.nsis.7z"}},"releaseDate":"2026-08-24T23:38:30.176Z"}}
[2026-08-25 02:26:19.763] [info]  [Library] Checking for update
[2026-08-25 02:26:19.780] [info]  [Updater] Checking for updates...
[2026-08-25 02:26:19.786] [info]           * Current Version: 3.7.16.12965
[2026-08-25 02:26:19.790] [info]           * Channel: latest-ow
[2026-08-25 02:26:19.794] [info]           * URL: https://launcherupdates.lunarclientcdn.com
[2026-08-25 02:26:19.796] [info]           * User Initiated: false
[2026-08-25 02:26:20.047] [info]  [Library] Update for version 3.7.16-ow is not available (latest version: 3.7.16-ow, downgrade is allowed).
[2026-08-25 02:26:20.049] [info]  [Updater] No updates available.
[2026-08-25 02:26:20.053] [info]  [Updater] Update check returned a result... skipping: {"isUpdateAvailable":false,"versionInfo":{"version":"3.7.16-ow","files":[{"url":"Lunar Client v3.7.16-ow.exe","sha512":"K25vDcT8UO0xbMd4MX5URU+l33+vEILLkpsRkxPMYVfB+yP5gqHGuNWOOGgUOE0gH2g4j+1Mjo9AFnQDC35tng=="}],"path":"Lunar Client v3.7.16-ow.exe","sha512":"K25vDcT8UO0xbMd4MX5URU+l33+vEILLkpsRkxPMYVfB+yP5gqHGuNWOOGgUOE0gH2g4j+1Mjo9AFnQDC35tng==","packages":{"x64":{"size":112473965,"sha512":"f2R8yaxYfUc7t48Bk04LzCImKB27jTxQcAe6RAFE/2lMaHmhsNJCJ47S0XSDCCvUNJp5imIeKLPifHT4z+jt5g==","blockMapSize":116960,"path":"lunarclient-3.7.16-ow-x64.nsis.7z","file":"lunarclient-3.7.16-ow-x64.nsis.7z"}},"releaseDate":"2026-08-24T23:38:30.176Z"},"updateInfo":{"version":"3.7.16-ow","files":[{"url":"Lunar Client v3.7.16-ow.exe","sha512":"K25vDcT8UO0xbMd4MX5URU+l33+vEILLkpsRkxPMYVfB+yP5gqHGuNWOOGgUOE0gH2g4j+1Mjo9AFnQDC35tng=="}],"path":"Lunar Client v3.7.16-ow.exe","sha512":"K25vDcT8UO0xbMd4MX5URU+l33+vEILLkpsRkxPMYVfB+yP5gqHGuNWOOGgUOE0gH2g4j+1Mjo9AFnQDC35tng==","packages":{"x64":{"size":112473965,"sha512":"f2R8yaxYfUc7t48Bk04LzCImKB27jTxQcAe6RAFE/2lMaHmhsNJCJ47S0XSDCCvUNJp5imIeKLPifHT4z+jt5g==","blockMapSize":116960,"path":"lunarclient-3.7.16-ow-x64.nsis.7z","file":"lunarclient-3.7.16-ow-x64.nsis.7z"}},"releaseDate":"2026-08-24T23:38:30.176Z"}}
[2026-08-25 02:41:19.787] [info]  [Library] Checking for update
[2026-08-25 02:41:19.815] [info]  [Updater] Checking for updates...
[2026-08-25 02:41:19.839] [info]           * Current Version: 3.7.16.12965
[2026-08-25 02:41:19.843] [info]           * Channel: latest-ow
[2026-08-25 02:41:19.846] [info]           * URL: https://launcherupdates.lunarclientcdn.com
[2026-08-25 02:41:19.848] [info]           * User Initiated: false
[2026-08-25 02:41:20.281] [info]  [Library] Update for version 3.7.16-ow is not available (latest version: 3.7.16-ow, downgrade is allowed).
[2026-08-25 02:41:20.284] [info]  [Updater] No updates available.
[2026-08-25 02:41:20.291] [info]  [Updater] Update check returned a result... skipping: {"isUpdateAvailable":false,"versionInfo":{"version":"3.7.16-ow","files":[{"url":"Lunar Client v3.7.16-ow.exe","sha512":"K25vDcT8UO0xbMd4MX5URU+l33+vEILLkpsRkxPMYVfB+yP5gqHGuNWOOGgUOE0gH2g4j+1Mjo9AFnQDC35tng=="}],"path":"Lunar Client v3.7.16-ow.exe","sha512":"K25vDcT8UO0xbMd4MX5URU+l33+vEILLkpsRkxPMYVfB+yP5gqHGuNWOOGgUOE0gH2g4j+1Mjo9AFnQDC35tng==","packages":{"x64":{"size":112473965,"sha512":"f2R8yaxYfUc7t48Bk04LzCImKB27jTxQcAe6RAFE/2lMaHmhsNJCJ47S0XSDCCvUNJp5imIeKLPifHT4z+jt5g==","blockMapSize":116960,"path":"lunarclient-3.7.16-ow-x64.nsis.7z","file":"lunarclient-3.7.16-ow-x64.nsis.7z"}},"releaseDate":"2026-08-24T23:38:30.176Z"},"updateInfo":{"version":"3.7.16-ow","files":[{"url":"Lunar Client v3.7.16-ow.exe","sha512":"K25vDcT8UO0xbMd4MX5URU+l33+vEILLkpsRkxPMYVfB+yP5gqHGuNWOOGgUOE0gH2g4j+1Mjo9AFnQDC35tng=="}],"path":"Lunar Client v3.7.16-ow.exe","sha512":"K25vDcT8UO0xbMd4MX5URU+l33+vEILLkpsRkxPMYVfB+yP5gqHGuNWOOGgUOE0gH2g4j+1Mjo9AFnQDC35tng==","packages":{"x64":{"size":112473965,"sha512":"f2R8yaxYfUc7t48Bk04LzCImKB27jTxQcAe6RAFE/2lMaHmhsNJCJ47S0XSDCCvUNJp5imIeKLPifHT4z+jt5g==","blockMapSize":116960,"path":"lunarclient-3.7.16-ow-x64.nsis.7z","file":"lunarclient-3.7.16-ow-x64.nsis.7z"}},"releaseDate":"2026-08-24T23:38:30.176Z"}}
[2026-08-25 02:56:19.761] [info]  [Library] Checking for update
[2026-08-25 02:56:19.777] [info]  [Updater] Checking for updates...
[2026-08-25 02:56:19.783] [info]           * Current Version: 3.7.16.12965
[2026-08-25 02:56:19.789] [info]           * Channel: latest-ow
[2026-08-25 02:56:19.794] [info]           * URL: https://launcherupdates.lunarclientcdn.com
[2026-08-25 02:56:19.797] [info]           * User Initiated: false
[2026-08-25 02:56:20.054] [info]  [Library] Update for version 3.7.16-ow is not available (latest version: 3.7.16-ow, downgrade is allowed).
[2026-08-25 02:56:20.055] [info]  [Updater] No updates available.
[2026-08-25 02:56:20.062] [info]  [Updater] Update check returned a result... skipping: {"isUpdateAvailable":false,"versionInfo":{"version":"3.7.16-ow","files":[{"url":"Lunar Client v3.7.16-ow.exe","sha512":"K25vDcT8UO0xbMd4MX5URU+l33+vEILLkpsRkxPMYVfB+yP5gqHGuNWOOGgUOE0gH2g4j+1Mjo9AFnQDC35tng=="}],"path":"Lunar Client v3.7.16-ow.exe","sha512":"K25vDcT8UO0xbMd4MX5URU+l33+vEILLkpsRkxPMYVfB+yP5gqHGuNWOOGgUOE0gH2g4j+1Mjo9AFnQDC35tng==","packages":{"x64":{"size":112473965,"sha512":"f2R8yaxYfUc7t48Bk04LzCImKB27jTxQcAe6RAFE/2lMaHmhsNJCJ47S0XSDCCvUNJp5imIeKLPifHT4z+jt5g==","blockMapSize":116960,"path":"lunarclient-3.7.16-ow-x64.nsis.7z","file":"lunarclient-3.7.16-ow-x64.nsis.7z"}},"releaseDate":"2026-08-24T23:38:30.176Z"},"updateInfo":{"version":"3.7.16-ow","files":[{"url":"Lunar Client v3.7.16-ow.exe","sha512":"K25vDcT8UO0xbMd4MX5URU+l33+vEILLkpsRkxPMYVfB+yP5gqHGuNWOOGgUOE0gH2g4j+1Mjo9AFnQDC35tng=="}],"path":"Lunar Client v3.7.16-ow.exe","sha512":"K25vDcT8UO0xbMd4MX5URU+l33+vEILLkpsRkxPMYVfB+yP5gqHGuNWOOGgUOE0gH2g4j+1Mjo9AFnQDC35tng==","packages":{"x64":{"size":112473965,"sha512":"f2R8yaxYfUc7t48Bk04LzCImKB27jTxQcAe6RAFE/2lMaHmhsNJCJ47S0XSDCCvUNJp5imIeKLPifHT4z+jt5g==","blockMapSize":116960,"path":"lunarclient-3.7.16-ow-x64.nsis.7z","file":"lunarclient-3.7.16-ow-x64.nsis.7z"}},"releaseDate":"2026-08-24T23:38:30.176Z"}}
[2026-08-25 03:11:19.787] [info]  [Library] Checking for update
[2026-08-25 03:11:19.808] [info]  [Updater] Checking for updates...
[2026-08-25 03:11:19.814] [info]           * Current Version: 3.7.16.12965
[2026-08-25 03:11:19.817] [info]           * Channel: latest-ow
[2026-08-25 03:11:19.819] [info]           * URL: https://launcherupdates.lunarclientcdn.com
[2026-08-25 03:11:19.822] [info]           * User Initiated: false
[2026-08-25 03:11:20.140] [info]  [Library] Update for version 3.7.16-ow is not available (latest version: 3.7.16-ow, downgrade is allowed).
[2026-08-25 03:11:20.141] [info]  [Updater] No updates available.
[2026-08-25 03:11:20.144] [info]  [Updater] Update check returned a result... skipping: {"isUpdateAvailable":false,"versionInfo":{"version":"3.7.16-ow","files":[{"url":"Lunar Client v3.7.16-ow.exe","sha512":"K25vDcT8UO0xbMd4MX5URU+l33+vEILLkpsRkxPMYVfB+yP5gqHGuNWOOGgUOE0gH2g4j+1Mjo9AFnQDC35tng=="}],"path":"Lunar Client v3.7.16-ow.exe","sha512":"K25vDcT8UO0xbMd4MX5URU+l33+vEILLkpsRkxPMYVfB+yP5gqHGuNWOOGgUOE0gH2g4j+1Mjo9AFnQDC35tng==","packages":{"x64":{"size":112473965,"sha512":"f2R8yaxYfUc7t48Bk04LzCImKB27jTxQcAe6RAFE/2lMaHmhsNJCJ47S0XSDCCvUNJp5imIeKLPifHT4z+jt5g==","blockMapSize":116960,"path":"lunarclient-3.7.16-ow-x64.nsis.7z","file":"lunarclient-3.7.16-ow-x64.nsis.7z"}},"releaseDate":"2026-08-24T23:38:30.176Z"},"updateInfo":{"version":"3.7.16-ow","files":[{"url":"Lunar Client v3.7.16-ow.exe","sha512":"K25vDcT8UO0xbMd4MX5URU+l33+vEILLkpsRkxPMYVfB+yP5gqHGuNWOOGgUOE0gH2g4j+1Mjo9AFnQDC35tng=="}],"path":"Lunar Client v3.7.16-ow.exe","sha512":"K25vDcT8UO0xbMd4MX5URU+l33+vEILLkpsRkxPMYVfB+yP5gqHGuNWOOGgUOE0gH2g4j+1Mjo9AFnQDC35tng==","packages":{"x64":{"size":112473965,"sha512":"f2R8yaxYfUc7t48Bk04LzCImKB27jTxQcAe6RAFE/2lMaHmhsNJCJ47S0XSDCCvUNJp5imIeKLPifHT4z+jt5g==","blockMapSize":116960,"path":"lunarclient-3.7.16-ow-x64.nsis.7z","file":"lunarclient-3.7.16-ow-x64.nsis.7z"}},"releaseDate":"2026-08-24T23:38:30.176Z"}}
[2026-08-25 03:26:19.784] [info]  [Library] Checking for update
[2026-08-25 03:26:19.811] [info]  [Updater] Checking for updates...
[2026-08-25 03:26:19.818] [info]           * Current Version: 3.7.16.12965
[2026-08-25 03:26:19.821] [info]           * Channel: latest-ow
[2026-08-25 03:26:19.824] [info]           * URL: https://launcherupdates.lunarclientcdn.com
[2026-08-25 03:26:19.827] [info]           * User Initiated: false
[2026-08-25 03:26:20.247] [info]  [Library] Update for version 3.7.16-ow is not available (latest version: 3.7.16-ow, downgrade is allowed).
[2026-08-25 03:26:20.248] [info]  [Updater] No updates available.
[2026-08-25 03:26:20.249] [info]  [Updater] Update check returned a result... skipping: {"isUpdateAvailable":false,"versionInfo":{"version":"3.7.16-ow","files":[{"url":"Lunar Client v3.7.16-ow.exe","sha512":"K25vDcT8UO0xbMd4MX5URU+l33+vEILLkpsRkxPMYVfB+yP5gqHGuNWOOGgUOE0gH2g4j+1Mjo9AFnQDC35tng=="}],"path":"Lunar Client v3.7.16-ow.exe","sha512":"K25vDcT8UO0xbMd4MX5URU+l33+vEILLkpsRkxPMYVfB+yP5gqHGuNWOOGgUOE0gH2g4j+1Mjo9AFnQDC35tng==","packages":{"x64":{"size":112473965,"sha512":"f2R8yaxYfUc7t48Bk04LzCImKB27jTxQcAe6RAFE/2lMaHmhsNJCJ47S0XSDCCvUNJp5imIeKLPifHT4z+jt5g==","blockMapSize":116960,"path":"lunarclient-3.7.16-ow-x64.nsis.7z","file":"lunarclient-3.7.16-ow-x64.nsis.7z"}},"releaseDate":"2026-08-24T23:38:30.176Z"},"updateInfo":{"version":"3.7.16-ow","files":[{"url":"Lunar Client v3.7.16-ow.exe","sha512":"K25vDcT8UO0xbMd4MX5URU+l33+vEILLkpsRkxPMYVfB+yP5gqHGuNWOOGgUOE0gH2g4j+1Mjo9AFnQDC35tng=="}],"path":"Lunar Client v3.7.16-ow.exe","sha512":"K25vDcT8UO0xbMd4MX5URU+l33+vEILLkpsRkxPMYVfB+yP5gqHGuNWOOGgUOE0gH2g4j+1Mjo9AFnQDC35tng==","packages":{"x64":{"size":112473965,"sha512":"f2R8yaxYfUc7t48Bk04LzCImKB27jTxQcAe6RAFE/2lMaHmhsNJCJ47S0XSDCCvUNJp5imIeKLPifHT4z+jt5g==","blockMapSize":116960,"path":"lunarclient-3.7.16-ow-x64.nsis.7z","file":"lunarclient-3.7.16-ow-x64.nsis.7z"}},"releaseDate":"2026-08-24T23:38:30.176Z"}}
[2026-08-25 03:41:19.781] [info]  [Library] Checking for update
[2026-08-25 03:41:19.795] [info]  [Updater] Checking for updates...
[2026-08-25 03:41:19.800] [info]           * Current Version: 3.7.16.12965
[2026-08-25 03:41:19.803] [info]           * Channel: latest-ow
[2026-08-25 03:41:19.805] [info]           * URL: https://launcherupdates.lunarclientcdn.com
[2026-08-25 03:41:19.808] [info]           * User Initiated: false
[2026-08-25 03:41:20.116] [info]  [Library] Update for version 3.7.16-ow is not available (latest version: 3.7.16-ow, downgrade is allowed).
[2026-08-25 03:41:20.117] [info]  [Updater] No updates available.
[2026-08-25 03:41:20.118] [info]  [Updater] Update check returned a result... skipping: {"isUpdateAvailable":false,"versionInfo":{"version":"3.7.16-ow","files":[{"url":"Lunar Client v3.7.16-ow.exe","sha512":"K25vDcT8UO0xbMd4MX5URU+l33+vEILLkpsRkxPMYVfB+yP5gqHGuNWOOGgUOE0gH2g4j+1Mjo9AFnQDC35tng=="}],"path":"Lunar Client v3.7.16-ow.exe","sha512":"K25vDcT8UO0xbMd4MX5URU+l33+vEILLkpsRkxPMYVfB+yP5gqHGuNWOOGgUOE0gH2g4j+1Mjo9AFnQDC35tng==","packages":{"x64":{"size":112473965,"sha512":"f2R8yaxYfUc7t48Bk04LzCImKB27jTxQcAe6RAFE/2lMaHmhsNJCJ47S0XSDCCvUNJp5imIeKLPifHT4z+jt5g==","blockMapSize":116960,"path":"lunarclient-3.7.16-ow-x64.nsis.7z","file":"lunarclient-3.7.16-ow-x64.nsis.7z"}},"releaseDate":"2026-08-24T23:38:30.176Z"},"updateInfo":{"version":"3.7.16-ow","files":[{"url":"Lunar Client v3.7.16-ow.exe","sha512":"K25vDcT8UO0xbMd4MX5URU+l33+vEILLkpsRkxPMYVfB+yP5gqHGuNWOOGgUOE0gH2g4j+1Mjo9AFnQDC35tng=="}],"path":"Lunar Client v3.7.16-ow.exe","sha512":"K25vDcT8UO0xbMd4MX5URU+l33+vEILLkpsRkxPMYVfB+yP5gqHGuNWOOGgUOE0gH2g4j+1Mjo9AFnQDC35tng==","packages":{"x64":{"size":112473965,"sha512":"f2R8yaxYfUc7t48Bk04LzCImKB27jTxQcAe6RAFE/2lMaHmhsNJCJ47S0XSDCCvUNJp5imIeKLPifHT4z+jt5g==","blockMapSize":116960,"path":"lunarclient-3.7.16-ow-x64.nsis.7z","file":"lunarclient-3.7.16-ow-x64.nsis.7z"}},"releaseDate":"2026-08-24T23:38:30.176Z"}}
[2026-08-25 03:56:19.792] [info]  [Library] Checking for update
[2026-08-25 03:56:19.814] [info]  [Updater] Checking for updates...
[2026-08-25 03:56:19.825] [info]           * Current Version: 3.7.16.12965
[2026-08-25 03:56:19.831] [info]           * Channel: latest-ow
[2026-08-25 03:56:19.835] [info]           * URL: https://launcherupdates.lunarclientcdn.com
[2026-08-25 03:56:19.840] [info]           * User Initiated: false
[2026-08-25 03:56:20.272] [info]  [Library] Update for version 3.7.16-ow is not available (latest version: 3.7.16-ow, downgrade is allowed).
[2026-08-25 03:56:20.274] [info]  [Updater] No updates available.
[2026-08-25 03:56:20.277] [info]  [Updater] Update check returned a result... skipping: {"isUpdateAvailable":false,"versionInfo":{"version":"3.7.16-ow","files":[{"url":"Lunar Client v3.7.16-ow.exe","sha512":"K25vDcT8UO0xbMd4MX5URU+l33+vEILLkpsRkxPMYVfB+yP5gqHGuNWOOGgUOE0gH2g4j+1Mjo9AFnQDC35tng=="}],"path":"Lunar Client v3.7.16-ow.exe","sha512":"K25vDcT8UO0xbMd4MX5URU+l33+vEILLkpsRkxPMYVfB+yP5gqHGuNWOOGgUOE0gH2g4j+1Mjo9AFnQDC35tng==","packages":{"x64":{"size":112473965,"sha512":"f2R8yaxYfUc7t48Bk04LzCImKB27jTxQcAe6RAFE/2lMaHmhsNJCJ47S0XSDCCvUNJp5imIeKLPifHT4z+jt5g==","blockMapSize":116960,"path":"lunarclient-3.7.16-ow-x64.nsis.7z","file":"lunarclient-3.7.16-ow-x64.nsis.7z"}},"releaseDate":"2026-08-24T23:38:30.176Z"},"updateInfo":{"version":"3.7.16-ow","files":[{"url":"Lunar Client v3.7.16-ow.exe","sha512":"K25vDcT8UO0xbMd4MX5URU+l33+vEILLkpsRkxPMYVfB+yP5gqHGuNWOOGgUOE0gH2g4j+1Mjo9AFnQDC35tng=="}],"path":"Lunar Client v3.7.16-ow.exe","sha512":"K25vDcT8UO0xbMd4MX5URU+l33+vEILLkpsRkxPMYVfB+yP5gqHGuNWOOGgUOE0gH2g4j+1Mjo9AFnQDC35tng==","packages":{"x64":{"size":112473965,"sha512":"f2R8yaxYfUc7t48Bk04LzCImKB27jTxQcAe6RAFE/2lMaHmhsNJCJ47S0XSDCCvUNJp5imIeKLPifHT4z+jt5g==","blockMapSize":116960,"path":"lunarclient-3.7.16-ow-x64.nsis.7z","file":"lunarclient-3.7.16-ow-x64.nsis.7z"}},"releaseDate":"2026-08-24T23:38:30.176Z"}}
[2026-08-25 23:33:12.052] [info]  [Electron] Logger initialized for updater at C:\Users\CARLOS_JR\.lunarclient\logs\launcher\updater.log (Prefix: Updater)
[2026-08-25 23:33:16.259] [info]  [Library] Checking for update
[2026-08-25 23:33:16.260] [info]  [Updater] Checking for updates...
[2026-08-25 23:33:16.262] [info]           * Current Version: 3.7.16.12965
[2026-08-25 23:33:16.264] [info]           * Channel: latest-ow
[2026-08-25 23:33:16.266] [info]           * URL: https://launcherupdates.lunarclientcdn.com
[2026-08-25 23:33:16.267] [info]           * User Initiated: false
[2026-08-25 23:33:17.561] [info]  [Library] Update for version 3.7.16-ow is not available (latest version: 3.7.16-ow, downgrade is allowed).
[2026-08-25 23:33:17.562] [info]  [Updater] No updates available.
[2026-08-25 23:33:17.563] [info]  [Updater] Update check returned a result... skipping: {"isUpdateAvailable":false,"versionInfo":{"version":"3.7.16-ow","files":[{"url":"Lunar Client v3.7.16-ow.exe","sha512":"K25vDcT8UO0xbMd4MX5URU+l33+vEILLkpsRkxPMYVfB+yP5gqHGuNWOOGgUOE0gH2g4j+1Mjo9AFnQDC35tng=="}],"path":"Lunar Client v3.7.16-ow.exe","sha512":"K25vDcT8UO0xbMd4MX5URU+l33+vEILLkpsRkxPMYVfB+yP5gqHGuNWOOGgUOE0gH2g4j+1Mjo9AFnQDC35tng==","packages":{"x64":{"size":112473965,"sha512":"f2R8yaxYfUc7t48Bk04LzCImKB27jTxQcAe6RAFE/2lMaHmhsNJCJ47S0XSDCCvUNJp5imIeKLPifHT4z+jt5g==","blockMapSize":116960,"path":"lunarclient-3.7.16-ow-x64.nsis.7z","file":"lunarclient-3.7.16-ow-x64.nsis.7z"}},"releaseDate":"2026-08-24T23:38:30.176Z"},"updateInfo":{"version":"3.7.16-ow","files":[{"url":"Lunar Client v3.7.16-ow.exe","sha512":"K25vDcT8UO0xbMd4MX5URU+l33+vEILLkpsRkxPMYVfB+yP5gqHGuNWOOGgUOE0gH2g4j+1Mjo9AFnQDC35tng=="}],"path":"Lunar Client v3.7.16-ow.exe","sha512":"K25vDcT8UO0xbMd4MX5URU+l33+vEILLkpsRkxPMYVfB+yP5gqHGuNWOOGgUOE0gH2g4j+1Mjo9AFnQDC35tng==","packages":{"x64":{"size":112473965,"sha512":"f2R8yaxYfUc7t48Bk04LzCImKB27jTxQcAe6RAFE/2lMaHmhsNJCJ47S0XSDCCvUNJp5imIeKLPifHT4z+jt5g==","blockMapSize":116960,"path":"lunarclient-3.7.16-ow-x64.nsis.7z","file":"lunarclient-3.7.16-ow-x64.nsis.7z"}},"releaseDate":"2026-08-24T23:38:30.176Z"}}
[2026-08-25 23:48:12.077] [info]  [Library] Checking for update
[2026-08-25 23:48:12.087] [info]  [Updater] Checking for updates...
[2026-08-25 23:48:12.091] [info]           * Current Version: 3.7.16.12965
[2026-08-25 23:48:12.093] [info]           * Channel: latest-ow
[2026-08-25 23:48:12.094] [info]           * URL: https://launcherupdates.lunarclientcdn.com
[2026-08-25 23:48:12.097] [info]           * User Initiated: false
[2026-08-25 23:48:13.405] [info]  [Library] Update for version 3.7.16-ow is not available (latest version: 3.7.16-ow, downgrade is allowed).
[2026-08-25 23:48:13.406] [info]  [Updater] No updates available.
[2026-08-25 23:48:13.408] [info]  [Updater] Update check returned a result... skipping: {"isUpdateAvailable":false,"versionInfo":{"version":"3.7.16-ow","files":[{"url":"Lunar Client v3.7.16-ow.exe","sha512":"K25vDcT8UO0xbMd4MX5URU+l33+vEILLkpsRkxPMYVfB+yP5gqHGuNWOOGgUOE0gH2g4j+1Mjo9AFnQDC35tng=="}],"path":"Lunar Client v3.7.16-ow.exe","sha512":"K25vDcT8UO0xbMd4MX5URU+l33+vEILLkpsRkxPMYVfB+yP5gqHGuNWOOGgUOE0gH2g4j+1Mjo9AFnQDC35tng==","packages":{"x64":{"size":112473965,"sha512":"f2R8yaxYfUc7t48Bk04LzCImKB27jTxQcAe6RAFE/2lMaHmhsNJCJ47S0XSDCCvUNJp5imIeKLPifHT4z+jt5g==","blockMapSize":116960,"path":"lunarclient-3.7.16-ow-x64.nsis.7z","file":"lunarclient-3.7.16-ow-x64.nsis.7z"}},"releaseDate":"2026-08-24T23:38:30.176Z"},"updateInfo":{"version":"3.7.16-ow","files":[{"url":"Lunar Client v3.7.16-ow.exe","sha512":"K25vDcT8UO0xbMd4MX5URU+l33+vEILLkpsRkxPMYVfB+yP5gqHGuNWOOGgUOE0gH2g4j+1Mjo9AFnQDC35tng=="}],"path":"Lunar Client v3.7.16-ow.exe","sha512":"K25vDcT8UO0xbMd4MX5URU+l33+vEILLkpsRkxPMYVfB+yP5gqHGuNWOOGgUOE0gH2g4j+1Mjo9AFnQDC35tng==","packages":{"x64":{"size":112473965,"sha512":"f2R8yaxYfUc7t48Bk04LzCImKB27jTxQcAe6RAFE/2lMaHmhsNJCJ47S0XSDCCvUNJp5imIeKLPifHT4z+jt5g==","blockMapSize":116960,"path":"lunarclient-3.7.16-ow-x64.nsis.7z","file":"lunarclient-3.7.16-ow-x64.nsis.7z"}},"releaseDate":"2026-08-24T23:38:30.176Z"}}
[2026-08-26 00:03:12.075] [info]  [Library] Checking for update
[2026-08-26 00:03:12.093] [info]  [Updater] Checking for updates...
[2026-08-26 00:03:12.098] [info]           * Current Version: 3.7.16.12965
[2026-08-26 00:03:12.101] [info]           * Channel: latest-ow
[2026-08-26 00:03:12.105] [info]           * URL: https://launcherupdates.lunarclientcdn.com
[2026-08-26 00:03:12.108] [info]           * User Initiated: false
[2026-08-26 00:03:12.485] [info]  [Library] Update for version 3.7.16-ow is not available (latest version: 3.7.16-ow, downgrade is allowed).
[2026-08-26 00:03:12.486] [info]  [Updater] No updates available.
[2026-08-26 00:03:12.489] [info]  [Updater] Update check returned a result... skipping: {"isUpdateAvailable":false,"versionInfo":{"version":"3.7.16-ow","files":[{"url":"Lunar Client v3.7.16-ow.exe","sha512":"K25vDcT8UO0xbMd4MX5URU+l33+vEILLkpsRkxPMYVfB+yP5gqHGuNWOOGgUOE0gH2g4j+1Mjo9AFnQDC35tng=="}],"path":"Lunar Client v3.7.16-ow.exe","sha512":"K25vDcT8UO0xbMd4MX5URU+l33+vEILLkpsRkxPMYVfB+yP5gqHGuNWOOGgUOE0gH2g4j+1Mjo9AFnQDC35tng==","packages":{"x64":{"size":112473965,"sha512":"f2R8yaxYfUc7t48Bk04LzCImKB27jTxQcAe6RAFE/2lMaHmhsNJCJ47S0XSDCCvUNJp5imIeKLPifHT4z+jt5g==","blockMapSize":116960,"path":"lunarclient-3.7.16-ow-x64.nsis.7z","file":"lunarclient-3.7.16-ow-x64.nsis.7z"}},"releaseDate":"2026-08-24T23:38:30.176Z"},"updateInfo":{"version":"3.7.16-ow","files":[{"url":"Lunar Client v3.7.16-ow.exe","sha512":"K25vDcT8UO0xbMd4MX5URU+l33+vEILLkpsRkxPMYVfB+yP5gqHGuNWOOGgUOE0gH2g4j+1Mjo9AFnQDC35tng=="}],"path":"Lunar Client v3.7.16-ow.exe","sha512":"K25vDcT8UO0xbMd4MX5URU+l33+vEILLkpsRkxPMYVfB+yP5gqHGuNWOOGgUOE0gH2g4j+1Mjo9AFnQDC35tng==","packages":{"x64":{"size":112473965,"sha512":"f2R8yaxYfUc7t48Bk04LzCImKB27jTxQcAe6RAFE/2lMaHmhsNJCJ47S0XSDCCvUNJp5imIeKLPifHT4z+jt5g==","blockMapSize":116960,"path":"lunarclient-3.7.16-ow-x64.nsis.7z","file":"lunarclient-3.7.16-ow-x64.nsis.7z"}},"releaseDate":"2026-08-24T23:38:30.176Z"}}
[2026-08-26 00:18:12.090] [info]  [Library] Checking for update
[2026-08-26 00:18:12.100] [info]  [Updater] Checking for updates...
[2026-08-26 00:18:12.104] [info]           * Current Version: 3.7.16.12965
[2026-08-26 00:18:12.106] [info]           * Channel: latest-ow
[2026-08-26 00:18:12.108] [info]           * URL: https://launcherupdates.lunarclientcdn.com
[2026-08-26 00:18:12.110] [info]           * User Initiated: false
[2026-08-26 00:18:12.407] [info]  [Library] Update for version 3.7.16-ow is not available (latest version: 3.7.16-ow, downgrade is allowed).
[2026-08-26 00:18:12.409] [info]  [Updater] No updates available.
[2026-08-26 00:18:12.412] [info]  [Updater] Update check returned a result... skipping: {"isUpdateAvailable":false,"versionInfo":{"version":"3.7.16-ow","files":[{"url":"Lunar Client v3.7.16-ow.exe","sha512":"K25vDcT8UO0xbMd4MX5URU+l33+vEILLkpsRkxPMYVfB+yP5gqHGuNWOOGgUOE0gH2g4j+1Mjo9AFnQDC35tng=="}],"path":"Lunar Client v3.7.16-ow.exe","sha512":"K25vDcT8UO0xbMd4MX5URU+l33+vEILLkpsRkxPMYVfB+yP5gqHGuNWOOGgUOE0gH2g4j+1Mjo9AFnQDC35tng==","packages":{"x64":{"size":112473965,"sha512":"f2R8yaxYfUc7t48Bk04LzCImKB27jTxQcAe6RAFE/2lMaHmhsNJCJ47S0XSDCCvUNJp5imIeKLPifHT4z+jt5g==","blockMapSize":116960,"path":"lunarclient-3.7.16-ow-x64.nsis.7z","file":"lunarclient-3.7.16-ow-x64.nsis.7z"}},"releaseDate":"2026-08-24T23:38:30.176Z"},"updateInfo":{"version":"3.7.16-ow","files":[{"url":"Lunar Client v3.7.16-ow.exe","sha512":"K25vDcT8UO0xbMd4MX5URU+l33+vEILLkpsRkxPMYVfB+yP5gqHGuNWOOGgUOE0gH2g4j+1Mjo9AFnQDC35tng=="}],"path":"Lunar Client v3.7.16-ow.exe","sha512":"K25vDcT8UO0xbMd4MX5URU+l33+vEILLkpsRkxPMYVfB+yP5gqHGuNWOOGgUOE0gH2g4j+1Mjo9AFnQDC35tng==","packages":{"x64":{"size":112473965,"sha512":"f2R8yaxYfUc7t48Bk04LzCImKB27jTxQcAe6RAFE/2lMaHmhsNJCJ47S0XSDCCvUNJp5imIeKLPifHT4z+jt5g==","blockMapSize":116960,"path":"lunarclient-3.7.16-ow-x64.nsis.7z","file":"lunarclient-3.7.16-ow-x64.nsis.7z"}},"releaseDate":"2026-08-24T23:38:30.176Z"}}
[2026-08-26 00:33:12.093] [info]  [Library] Checking for update
[2026-08-26 00:33:12.113] [info]  [Updater] Checking for updates...
[2026-08-26 00:33:12.118] [info]           * Current Version: 3.7.16.12965
[2026-08-26 00:33:12.121] [info]           * Channel: latest-ow
[2026-08-26 00:33:12.124] [info]           * URL: https://launcherupdates.lunarclientcdn.com
[2026-08-26 00:33:12.125] [info]           * User Initiated: false
[2026-08-26 00:33:12.446] [info]  [Library] Update for version 3.7.16-ow is not available (latest version: 3.7.16-ow, downgrade is allowed).
[2026-08-26 00:33:12.447] [info]  [Updater] No updates available.
[2026-08-26 00:33:12.449] [info]  [Updater] Update check returned a result... skipping: {"isUpdateAvailable":false,"versionInfo":{"version":"3.7.16-ow","files":[{"url":"Lunar Client v3.7.16-ow.exe","sha512":"K25vDcT8UO0xbMd4MX5URU+l33+vEILLkpsRkxPMYVfB+yP5gqHGuNWOOGgUOE0gH2g4j+1Mjo9AFnQDC35tng=="}],"path":"Lunar Client v3.7.16-ow.exe","sha512":"K25vDcT8UO0xbMd4MX5URU+l33+vEILLkpsRkxPMYVfB+yP5gqHGuNWOOGgUOE0gH2g4j+1Mjo9AFnQDC35tng==","packages":{"x64":{"size":112473965,"sha512":"f2R8yaxYfUc7t48Bk04LzCImKB27jTxQcAe6RAFE/2lMaHmhsNJCJ47S0XSDCCvUNJp5imIeKLPifHT4z+jt5g==","blockMapSize":116960,"path":"lunarclient-3.7.16-ow-x64.nsis.7z","file":"lunarclient-3.7.16-ow-x64.nsis.7z"}},"releaseDate":"2026-08-24T23:38:30.176Z"},"updateInfo":{"version":"3.7.16-ow","files":[{"url":"Lunar Client v3.7.16-ow.exe","sha512":"K25vDcT8UO0xbMd4MX5URU+l33+vEILLkpsRkxPMYVfB+yP5gqHGuNWOOGgUOE0gH2g4j+1Mjo9AFnQDC35tng=="}],"path":"Lunar Client v3.7.16-ow.exe","sha512":"K25vDcT8UO0xbMd4MX5URU+l33+vEILLkpsRkxPMYVfB+yP5gqHGuNWOOGgUOE0gH2g4j+1Mjo9AFnQDC35tng==","packages":{"x64":{"size":112473965,"sha512":"f2R8yaxYfUc7t48Bk04LzCImKB27jTxQcAe6RAFE/2lMaHmhsNJCJ47S0XSDCCvUNJp5imIeKLPifHT4z+jt5g==","blockMapSize":116960,"path":"lunarclient-3.7.16-ow-x64.nsis.7z","file":"lunarclient-3.7.16-ow-x64.nsis.7z"}},"releaseDate":"2026-08-24T23:38:30.176Z"}}
[2026-08-26 02:36:29.162] [info]  [Electron] Logger initialized for updater at C:\Users\CARLOS_JR\.lunarclient\logs\launcher\updater.log (Prefix: Updater)
[2026-08-26 02:36:32.773] [info]  [Library] Checking for update
[2026-08-26 02:36:32.774] [info]  [Updater] Checking for updates...
[2026-08-26 02:36:32.776] [info]           * Current Version: 3.7.16.12965
[2026-08-26 02:36:32.777] [info]           * Channel: latest-ow
[2026-08-26 02:36:32.779] [info]           * URL: https://launcherupdates.lunarclientcdn.com
[2026-08-26 02:36:32.780] [info]           * User Initiated: false
[2026-08-26 02:36:34.240] [info]  [Library] Update for version 3.7.16-ow is not available (latest version: 3.7.16-ow, downgrade is allowed).
[2026-08-26 02:36:34.241] [info]  [Updater] No updates available.
[2026-08-26 02:36:34.242] [info]  [Updater] Update check returned a result... skipping: {"isUpdateAvailable":false,"versionInfo":{"version":"3.7.16-ow","files":[{"url":"Lunar Client v3.7.16-ow.exe","sha512":"K25vDcT8UO0xbMd4MX5URU+l33+vEILLkpsRkxPMYVfB+yP5gqHGuNWOOGgUOE0gH2g4j+1Mjo9AFnQDC35tng=="}],"path":"Lunar Client v3.7.16-ow.exe","sha512":"K25vDcT8UO0xbMd4MX5URU+l33+vEILLkpsRkxPMYVfB+yP5gqHGuNWOOGgUOE0gH2g4j+1Mjo9AFnQDC35tng==","packages":{"x64":{"size":112473965,"sha512":"f2R8yaxYfUc7t48Bk04LzCImKB27jTxQcAe6RAFE/2lMaHmhsNJCJ47S0XSDCCvUNJp5imIeKLPifHT4z+jt5g==","blockMapSize":116960,"path":"lunarclient-3.7.16-ow-x64.nsis.7z","file":"lunarclient-3.7.16-ow-x64.nsis.7z"}},"releaseDate":"2026-08-24T23:38:30.176Z"},"updateInfo":{"version":"3.7.16-ow","files":[{"url":"Lunar Client v3.7.16-ow.exe","sha512":"K25vDcT8UO0xbMd4MX5URU+l33+vEILLkpsRkxPMYVfB+yP5gqHGuNWOOGgUOE0gH2g4j+1Mjo9AFnQDC35tng=="}],"path":"Lunar Client v3.7.16-ow.exe","sha512":"K25vDcT8UO0xbMd4MX5URU+l33+vEILLkpsRkxPMYVfB+yP5gqHGuNWOOGgUOE0gH2g4j+1Mjo9AFnQDC35tng==","packages":{"x64":{"size":112473965,"sha512":"f2R8yaxYfUc7t48Bk04LzCImKB27jTxQcAe6RAFE/2lMaHmhsNJCJ47S0XSDCCvUNJp5imIeKLPifHT4z+jt5g==","blockMapSize":116960,"path":"lunarclient-3.7.16-ow-x64.nsis.7z","file":"lunarclient-3.7.16-ow-x64.nsis.7z"}},"releaseDate":"2026-08-24T23:38:30.176Z"}}
[2026-08-26 02:51:29.188] [info]  [Library] Checking for update
[2026-08-26 02:51:29.199] [info]  [Updater] Checking for updates...
[2026-08-26 02:51:29.203] [info]           * Current Version: 3.7.16.12965
[2026-08-26 02:51:29.206] [info]           * Channel: latest-ow
[2026-08-26 02:51:29.208] [info]           * URL: https://launcherupdates.lunarclientcdn.com
[2026-08-26 02:51:29.210] [info]           * User Initiated: false
[2026-08-26 02:51:29.536] [info]  [Library] Update for version 3.7.16-ow is not available (latest version: 3.7.16-ow, downgrade is allowed).
[2026-08-26 02:51:29.537] [info]  [Updater] No updates available.
[2026-08-26 02:51:29.540] [info]  [Updater] Update check returned a result... skipping: {"isUpdateAvailable":false,"versionInfo":{"version":"3.7.16-ow","files":[{"url":"Lunar Client v3.7.16-ow.exe","sha512":"K25vDcT8UO0xbMd4MX5URU+l33+vEILLkpsRkxPMYVfB+yP5gqHGuNWOOGgUOE0gH2g4j+1Mjo9AFnQDC35tng=="}],"path":"Lunar Client v3.7.16-ow.exe","sha512":"K25vDcT8UO0xbMd4MX5URU+l33+vEILLkpsRkxPMYVfB+yP5gqHGuNWOOGgUOE0gH2g4j+1Mjo9AFnQDC35tng==","packages":{"x64":{"size":112473965,"sha512":"f2R8yaxYfUc7t48Bk04LzCImKB27jTxQcAe6RAFE/2lMaHmhsNJCJ47S0XSDCCvUNJp5imIeKLPifHT4z+jt5g==","blockMapSize":116960,"path":"lunarclient-3.7.16-ow-x64.nsis.7z","file":"lunarclient-3.7.16-ow-x64.nsis.7z"}},"releaseDate":"2026-08-24T23:38:30.176Z"},"updateInfo":{"version":"3.7.16-ow","files":[{"url":"Lunar Client v3.7.16-ow.exe","sha512":"K25vDcT8UO0xbMd4MX5URU+l33+vEILLkpsRkxPMYVfB+yP5gqHGuNWOOGgUOE0gH2g4j+1Mjo9AFnQDC35tng=="}],"path":"Lunar Client v3.7.16-ow.exe","sha512":"K25vDcT8UO0xbMd4MX5URU+l33+vEILLkpsRkxPMYVfB+yP5gqHGuNWOOGgUOE0gH2g4j+1Mjo9AFnQDC35tng==","packages":{"x64":{"size":112473965,"sha512":"f2R8yaxYfUc7t48Bk04LzCImKB27jTxQcAe6RAFE/2lMaHmhsNJCJ47S0XSDCCvUNJp5imIeKLPifHT4z+jt5g==","blockMapSize":116960,"path":"lunarclient-3.7.16-ow-x64.nsis.7z","file":"lunarclient-3.7.16-ow-x64.nsis.7z"}},"releaseDate":"2026-08-24T23:38:30.176Z"}}
[2026-08-26 03:06:29.199] [info]  [Library] Checking for update
[2026-08-26 03:06:29.215] [info]  [Updater] Checking for updates...
[2026-08-26 03:06:29.219] [info]           * Current Version: 3.7.16.12965
[2026-08-26 03:06:29.222] [info]           * Channel: latest-ow
[2026-08-26 03:06:29.224] [info]           * URL: https://launcherupdates.lunarclientcdn.com
[2026-08-26 03:06:29.226] [info]           * User Initiated: false
[2026-08-26 03:06:29.534] [info]  [Library] Update for version 3.7.16-ow is not available (latest version: 3.7.16-ow, downgrade is allowed).
[2026-08-26 03:06:29.536] [info]  [Updater] No updates available.
[2026-08-26 03:06:29.539] [info]  [Updater] Update check returned a result... skipping: {"isUpdateAvailable":false,"versionInfo":{"version":"3.7.16-ow","files":[{"url":"Lunar Client v3.7.16-ow.exe","sha512":"K25vDcT8UO0xbMd4MX5URU+l33+vEILLkpsRkxPMYVfB+yP5gqHGuNWOOGgUOE0gH2g4j+1Mjo9AFnQDC35tng=="}],"path":"Lunar Client v3.7.16-ow.exe","sha512":"K25vDcT8UO0xbMd4MX5URU+l33+vEILLkpsRkxPMYVfB+yP5gqHGuNWOOGgUOE0gH2g4j+1Mjo9AFnQDC35tng==","packages":{"x64":{"size":112473965,"sha512":"f2R8yaxYfUc7t48Bk04LzCImKB27jTxQcAe6RAFE/2lMaHmhsNJCJ47S0XSDCCvUNJp5imIeKLPifHT4z+jt5g==","blockMapSize":116960,"path":"lunarclient-3.7.16-ow-x64.nsis.7z","file":"lunarclient-3.7.16-ow-x64.nsis.7z"}},"releaseDate":"2026-08-24T23:38:30.176Z"},"updateInfo":{"version":"3.7.16-ow","files":[{"url":"Lunar Client v3.7.16-ow.exe","sha512":"K25vDcT8UO0xbMd4MX5URU+l33+vEILLkpsRkxPMYVfB+yP5gqHGuNWOOGgUOE0gH2g4j+1Mjo9AFnQDC35tng=="}],"path":"Lunar Client v3.7.16-ow.exe","sha512":"K25vDcT8UO0xbMd4MX5URU+l33+vEILLkpsRkxPMYVfB+yP5gqHGuNWOOGgUOE0gH2g4j+1Mjo9AFnQDC35tng==","packages":{"x64":{"size":112473965,"sha512":"f2R8yaxYfUc7t48Bk04LzCImKB27jTxQcAe6RAFE/2lMaHmhsNJCJ47S0XSDCCvUNJp5imIeKLPifHT4z+jt5g==","blockMapSize":116960,"path":"lunarclient-3.7.16-ow-x64.nsis.7z","file":"lunarclient-3.7.16-ow-x64.nsis.7z"}},"releaseDate":"2026-08-24T23:38:30.176Z"}}
[2026-08-26 03:21:29.277] [info]  [Library] Checking for update
[2026-08-26 03:21:29.342] [info]  [Updater] Checking for updates...
[2026-08-26 03:21:29.375] [info]           * Current Version: 3.7.16.12965
[2026-08-26 03:21:29.383] [info]           * Channel: latest-ow
[2026-08-26 03:21:29.385] [info]           * URL: https://launcherupdates.lunarclientcdn.com
[2026-08-26 03:21:29.390] [info]           * User Initiated: false
[2026-08-26 03:21:30.639] [info]  [Library] Update for version 3.7.16-ow is not available (latest version: 3.7.16-ow, downgrade is allowed).
[2026-08-26 03:21:30.640] [info]  [Updater] No updates available.
[2026-08-26 03:21:30.661] [info]  [Updater] Update check returned a result... skipping: {"isUpdateAvailable":false,"versionInfo":{"version":"3.7.16-ow","files":[{"url":"Lunar Client v3.7.16-ow.exe","sha512":"K25vDcT8UO0xbMd4MX5URU+l33+vEILLkpsRkxPMYVfB+yP5gqHGuNWOOGgUOE0gH2g4j+1Mjo9AFnQDC35tng=="}],"path":"Lunar Client v3.7.16-ow.exe","sha512":"K25vDcT8UO0xbMd4MX5URU+l33+vEILLkpsRkxPMYVfB+yP5gqHGuNWOOGgUOE0gH2g4j+1Mjo9AFnQDC35tng==","packages":{"x64":{"size":112473965,"sha512":"f2R8yaxYfUc7t48Bk04LzCImKB27jTxQcAe6RAFE/2lMaHmhsNJCJ47S0XSDCCvUNJp5imIeKLPifHT4z+jt5g==","blockMapSize":116960,"path":"lunarclient-3.7.16-ow-x64.nsis.7z","file":"lunarclient-3.7.16-ow-x64.nsis.7z"}},"releaseDate":"2026-08-24T23:38:30.176Z"},"updateInfo":{"version":"3.7.16-ow","files":[{"url":"Lunar Client v3.7.16-ow.exe","sha512":"K25vDcT8UO0xbMd4MX5URU+l33+vEILLkpsRkxPMYVfB+yP5gqHGuNWOOGgUOE0gH2g4j+1Mjo9AFnQDC35tng=="}],"path":"Lunar Client v3.7.16-ow.exe","sha512":"K25vDcT8UO0xbMd4MX5URU+l33+vEILLkpsRkxPMYVfB+yP5gqHGuNWOOGgUOE0gH2g4j+1Mjo9AFnQDC35tng==","packages":{"x64":{"size":112473965,"sha512":"f2R8yaxYfUc7t48Bk04LzCImKB27jTxQcAe6RAFE/2lMaHmhsNJCJ47S0XSDCCvUNJp5imIeKLPifHT4z+jt5g==","blockMapSize":116960,"path":"lunarclient-3.7.16-ow-x64.nsis.7z","file":"lunarclient-3.7.16-ow-x64.nsis.7z"}},"releaseDate":"2026-08-24T23:38:30.176Z"}}
[2026-08-26 03:36:29.221] [info]  [Library] Checking for update
[2026-08-26 03:36:29.228] [info]  [Updater] Checking for updates...
[2026-08-26 03:36:29.232] [info]           * Current Version: 3.7.16.12965
[2026-08-26 03:36:29.235] [info]           * Channel: latest-ow
[2026-08-26 03:36:29.237] [info]           * URL: https://launcherupdates.lunarclientcdn.com
[2026-08-26 03:36:29.239] [info]           * User Initiated: false
[2026-08-26 03:36:29.494] [info]  [Library] Update for version 3.7.16-ow is not available (latest version: 3.7.16-ow, downgrade is allowed).
[2026-08-26 03:36:29.495] [info]  [Updater] No updates available.
[2026-08-26 03:36:29.497] [info]  [Updater] Update check returned a result... skipping: {"isUpdateAvailable":false,"versionInfo":{"version":"3.7.16-ow","files":[{"url":"Lunar Client v3.7.16-ow.exe","sha512":"K25vDcT8UO0xbMd4MX5URU+l33+vEILLkpsRkxPMYVfB+yP5gqHGuNWOOGgUOE0gH2g4j+1Mjo9AFnQDC35tng=="}],"path":"Lunar Client v3.7.16-ow.exe","sha512":"K25vDcT8UO0xbMd4MX5URU+l33+vEILLkpsRkxPMYVfB+yP5gqHGuNWOOGgUOE0gH2g4j+1Mjo9AFnQDC35tng==","packages":{"x64":{"size":112473965,"sha512":"f2R8yaxYfUc7t48Bk04LzCImKB27jTxQcAe6RAFE/2lMaHmhsNJCJ47S0XSDCCvUNJp5imIeKLPifHT4z+jt5g==","blockMapSize":116960,"path":"lunarclient-3.7.16-ow-x64.nsis.7z","file":"lunarclient-3.7.16-ow-x64.nsis.7z"}},"releaseDate":"2026-08-24T23:38:30.176Z"},"updateInfo":{"version":"3.7.16-ow","files":[{"url":"Lunar Client v3.7.16-ow.exe","sha512":"K25vDcT8UO0xbMd4MX5URU+l33+vEILLkpsRkxPMYVfB+yP5gqHGuNWOOGgUOE0gH2g4j+1Mjo9AFnQDC35tng=="}],"path":"Lunar Client v3.7.16-ow.exe","sha512":"K25vDcT8UO0xbMd4MX5URU+l33+vEILLkpsRkxPMYVfB+yP5gqHGuNWOOGgUOE0gH2g4j+1Mjo9AFnQDC35tng==","packages":{"x64":{"size":112473965,"sha512":"f2R8yaxYfUc7t48Bk04LzCImKB27jTxQcAe6RAFE/2lMaHmhsNJCJ47S0XSDCCvUNJp5imIeKLPifHT4z+jt5g==","blockMapSize":116960,"path":"lunarclient-3.7.16-ow-x64.nsis.7z","file":"lunarclient-3.7.16-ow-x64.nsis.7z"}},"releaseDate":"2026-08-24T23:38:30.176Z"}}
[2026-08-26 03:51:29.227] [info]  [Library] Checking for update
[2026-08-26 03:51:29.238] [info]  [Updater] Checking for updates...
[2026-08-26 03:51:29.242] [info]           * Current Version: 3.7.16.12965
[2026-08-26 03:51:29.244] [info]           * Channel: latest-ow
[2026-08-26 03:51:29.246] [info]           * URL: https://launcherupdates.lunarclientcdn.com
[2026-08-26 03:51:29.249] [info]           * User Initiated: false
[2026-08-26 03:51:29.470] [info]  [Library] Update for version 3.7.16-ow is not available (latest version: 3.7.16-ow, downgrade is allowed).
[2026-08-26 03:51:29.471] [info]  [Updater] No updates available.
[2026-08-26 03:51:29.473] [info]  [Updater] Update check returned a result... skipping: {"isUpdateAvailable":false,"versionInfo":{"version":"3.7.16-ow","files":[{"url":"Lunar Client v3.7.16-ow.exe","sha512":"K25vDcT8UO0xbMd4MX5URU+l33+vEILLkpsRkxPMYVfB+yP5gqHGuNWOOGgUOE0gH2g4j+1Mjo9AFnQDC35tng=="}],"path":"Lunar Client v3.7.16-ow.exe","sha512":"K25vDcT8UO0xbMd4MX5URU+l33+vEILLkpsRkxPMYVfB+yP5gqHGuNWOOGgUOE0gH2g4j+1Mjo9AFnQDC35tng==","packages":{"x64":{"size":112473965,"sha512":"f2R8yaxYfUc7t48Bk04LzCImKB27jTxQcAe6RAFE/2lMaHmhsNJCJ47S0XSDCCvUNJp5imIeKLPifHT4z+jt5g==","blockMapSize":116960,"path":"lunarclient-3.7.16-ow-x64.nsis.7z","file":"lunarclient-3.7.16-ow-x64.nsis.7z"}},"releaseDate":"2026-08-24T23:38:30.176Z"},"updateInfo":{"version":"3.7.16-ow","files":[{"url":"Lunar Client v3.7.16-ow.exe","sha512":"K25vDcT8UO0xbMd4MX5URU+l33+vEILLkpsRkxPMYVfB+yP5gqHGuNWOOGgUOE0gH2g4j+1Mjo9AFnQDC35tng=="}],"path":"Lunar Client v3.7.16-ow.exe","sha512":"K25vDcT8UO0xbMd4MX5URU+l33+vEILLkpsRkxPMYVfB+yP5gqHGuNWOOGgUOE0gH2g4j+1Mjo9AFnQDC35tng==","packages":{"x64":{"size":112473965,"sha512":"f2R8yaxYfUc7t48Bk04LzCImKB27jTxQcAe6RAFE/2lMaHmhsNJCJ47S0XSDCCvUNJp5imIeKLPifHT4z+jt5g==","blockMapSize":116960,"path":"lunarclient-3.7.16-ow-x64.nsis.7z","file":"lunarclient-3.7.16-ow-x64.nsis.7z"}},"releaseDate":"2026-08-24T23:38:30.176Z"}}
[2026-08-26 04:06:29.233] [info]  [Library] Checking for update
[2026-08-26 04:06:29.243] [info]  [Updater] Checking for updates...
[2026-08-26 04:06:29.247] [info]           * Current Version: 3.7.16.12965
[2026-08-26 04:06:29.252] [info]           * Channel: latest-ow
[2026-08-26 04:06:29.256] [info]           * URL: https://launcherupdates.lunarclientcdn.com
[2026-08-26 04:06:29.260] [info]           * User Initiated: false
[2026-08-26 04:06:29.575] [info]  [Library] Update for version 3.7.16-ow is not available (latest version: 3.7.16-ow, downgrade is allowed).
[2026-08-26 04:06:29.576] [info]  [Updater] No updates available.
[2026-08-26 04:06:29.578] [info]  [Updater] Update check returned a result... skipping: {"isUpdateAvailable":false,"versionInfo":{"version":"3.7.16-ow","files":[{"url":"Lunar Client v3.7.16-ow.exe","sha512":"K25vDcT8UO0xbMd4MX5URU+l33+vEILLkpsRkxPMYVfB+yP5gqHGuNWOOGgUOE0gH2g4j+1Mjo9AFnQDC35tng=="}],"path":"Lunar Client v3.7.16-ow.exe","sha512":"K25vDcT8UO0xbMd4MX5URU+l33+vEILLkpsRkxPMYVfB+yP5gqHGuNWOOGgUOE0gH2g4j+1Mjo9AFnQDC35tng==","packages":{"x64":{"size":112473965,"sha512":"f2R8yaxYfUc7t48Bk04LzCImKB27jTxQcAe6RAFE/2lMaHmhsNJCJ47S0XSDCCvUNJp5imIeKLPifHT4z+jt5g==","blockMapSize":116960,"path":"lunarclient-3.7.16-ow-x64.nsis.7z","file":"lunarclient-3.7.16-ow-x64.nsis.7z"}},"releaseDate":"2026-08-24T23:38:30.176Z"},"updateInfo":{"version":"3.7.16-ow","files":[{"url":"Lunar Client v3.7.16-ow.exe","sha512":"K25vDcT8UO0xbMd4MX5URU+l33+vEILLkpsRkxPMYVfB+yP5gqHGuNWOOGgUOE0gH2g4j+1Mjo9AFnQDC35tng=="}],"path":"Lunar Client v3.7.16-ow.exe","sha512":"K25vDcT8UO0xbMd4MX5URU+l33+vEILLkpsRkxPMYVfB+yP5gqHGuNWOOGgUOE0gH2g4j+1Mjo9AFnQDC35tng==","packages":{"x64":{"size":112473965,"sha512":"f2R8yaxYfUc7t48Bk04LzCImKB27jTxQcAe6RAFE/2lMaHmhsNJCJ47S0XSDCCvUNJp5imIeKLPifHT4z+jt5g==","blockMapSize":116960,"path":"lunarclient-3.7.16-ow-x64.nsis.7z","file":"lunarclient-3.7.16-ow-x64.nsis.7z"}},"releaseDate":"2026-08-24T23:38:30.176Z"}}
[2026-08-26 04:21:29.245] [info]  [Library] Checking for update
[2026-08-26 04:21:29.262] [info]  [Updater] Checking for updates...
[2026-08-26 04:21:29.269] [info]           * Current Version: 3.7.16.12965
[2026-08-26 04:21:29.272] [info]           * Channel: latest-ow
[2026-08-26 04:21:29.275] [info]           * URL: https://launcherupdates.lunarclientcdn.com
[2026-08-26 04:21:29.279] [info]           * User Initiated: false
[2026-08-26 04:21:30.603] [info]  [Library] Update for version 3.7.16-ow is not available (latest version: 3.7.16-ow, downgrade is allowed).
[2026-08-26 04:21:30.607] [info]  [Updater] No updates available.
[2026-08-26 04:21:30.610] [info]  [Updater] Update check returned a result... skipping: {"isUpdateAvailable":false,"versionInfo":{"version":"3.7.16-ow","files":[{"url":"Lunar Client v3.7.16-ow.exe","sha512":"K25vDcT8UO0xbMd4MX5URU+l33+vEILLkpsRkxPMYVfB+yP5gqHGuNWOOGgUOE0gH2g4j+1Mjo9AFnQDC35tng=="}],"path":"Lunar Client v3.7.16-ow.exe","sha512":"K25vDcT8UO0xbMd4MX5URU+l33+vEILLkpsRkxPMYVfB+yP5gqHGuNWOOGgUOE0gH2g4j+1Mjo9AFnQDC35tng==","packages":{"x64":{"size":112473965,"sha512":"f2R8yaxYfUc7t48Bk04LzCImKB27jTxQcAe6RAFE/2lMaHmhsNJCJ47S0XSDCCvUNJp5imIeKLPifHT4z+jt5g==","blockMapSize":116960,"path":"lunarclient-3.7.16-ow-x64.nsis.7z","file":"lunarclient-3.7.16-ow-x64.nsis.7z"}},"releaseDate":"2026-08-24T23:38:30.176Z"},"updateInfo":{"version":"3.7.16-ow","files":[{"url":"Lunar Client v3.7.16-ow.exe","sha512":"K25vDcT8UO0xbMd4MX5URU+l33+vEILLkpsRkxPMYVfB+yP5gqHGuNWOOGgUOE0gH2g4j+1Mjo9AFnQDC35tng=="}],"path":"Lunar Client v3.7.16-ow.exe","sha512":"K25vDcT8UO0xbMd4MX5URU+l33+vEILLkpsRkxPMYVfB+yP5gqHGuNWOOGgUOE0gH2g4j+1Mjo9AFnQDC35tng==","packages":{"x64":{"size":112473965,"sha512":"f2R8yaxYfUc7t48Bk04LzCImKB27jTxQcAe6RAFE/2lMaHmhsNJCJ47S0XSDCCvUNJp5imIeKLPifHT4z+jt5g==","blockMapSize":116960,"path":"lunarclient-3.7.16-ow-x64.nsis.7z","file":"lunarclient-3.7.16-ow-x64.nsis.7z"}},"releaseDate":"2026-08-24T23:38:30.176Z"}}
[2026-08-26 04:36:29.259] [info]  [Library] Checking for update
[2026-08-26 04:36:29.270] [info]  [Updater] Checking for updates...
[2026-08-26 04:36:29.273] [info]           * Current Version: 3.7.16.12965
[2026-08-26 04:36:29.279] [info]           * Channel: latest-ow
[2026-08-26 04:36:29.282] [info]           * URL: https://launcherupdates.lunarclientcdn.com
[2026-08-26 04:36:29.288] [info]           * User Initiated: false
[2026-08-26 04:36:29.884] [info]  [Library] Update for version 3.7.16-ow is not available (latest version: 3.7.16-ow, downgrade is allowed).
[2026-08-26 04:36:29.885] [info]  [Updater] No updates available.
[2026-08-26 04:36:29.890] [info]  [Updater] Update check returned a result... skipping: {"isUpdateAvailable":false,"versionInfo":{"version":"3.7.16-ow","files":[{"url":"Lunar Client v3.7.16-ow.exe","sha512":"K25vDcT8UO0xbMd4MX5URU+l33+vEILLkpsRkxPMYVfB+yP5gqHGuNWOOGgUOE0gH2g4j+1Mjo9AFnQDC35tng=="}],"path":"Lunar Client v3.7.16-ow.exe","sha512":"K25vDcT8UO0xbMd4MX5URU+l33+vEILLkpsRkxPMYVfB+yP5gqHGuNWOOGgUOE0gH2g4j+1Mjo9AFnQDC35tng==","packages":{"x64":{"size":112473965,"sha512":"f2R8yaxYfUc7t48Bk04LzCImKB27jTxQcAe6RAFE/2lMaHmhsNJCJ47S0XSDCCvUNJp5imIeKLPifHT4z+jt5g==","blockMapSize":116960,"path":"lunarclient-3.7.16-ow-x64.nsis.7z","file":"lunarclient-3.7.16-ow-x64.nsis.7z"}},"releaseDate":"2026-08-24T23:38:30.176Z"},"updateInfo":{"version":"3.7.16-ow","files":[{"url":"Lunar Client v3.7.16-ow.exe","sha512":"K25vDcT8UO0xbMd4MX5URU+l33+vEILLkpsRkxPMYVfB+yP5gqHGuNWOOGgUOE0gH2g4j+1Mjo9AFnQDC35tng=="}],"path":"Lunar Client v3.7.16-ow.exe","sha512":"K25vDcT8UO0xbMd4MX5URU+l33+vEILLkpsRkxPMYVfB+yP5gqHGuNWOOGgUOE0gH2g4j+1Mjo9AFnQDC35tng==","packages":{"x64":{"size":112473965,"sha512":"f2R8yaxYfUc7t48Bk04LzCImKB27jTxQcAe6RAFE/2lMaHmhsNJCJ47S0XSDCCvUNJp5imIeKLPifHT4z+jt5g==","blockMapSize":116960,"path":"lunarclient-3.7.16-ow-x64.nsis.7z","file":"lunarclient-3.7.16-ow-x64.nsis.7z"}},"releaseDate":"2026-08-24T23:38:30.176Z"}}
[2026-08-26 04:51:30.172] [info]  [Library] Checking for update
[2026-08-26 04:51:30.192] [info]  [Updater] Checking for updates...
[2026-08-26 04:51:30.202] [info]           * Current Version: 3.7.16.12965
[2026-08-26 04:51:30.240] [info]           * Channel: latest-ow
[2026-08-26 04:51:30.254] [info]           * URL: https://launcherupdates.lunarclientcdn.com
[2026-08-26 04:51:30.271] [info]           * User Initiated: false
[2026-08-26 04:51:30.980] [info]  [Library] Update for version 3.7.16-ow is not available (latest version: 3.7.16-ow, downgrade is allowed).
[2026-08-26 04:51:30.995] [info]  [Updater] No updates available.
[2026-08-26 04:51:31.022] [info]  [Updater] Update check returned a result... skipping: {"isUpdateAvailable":false,"versionInfo":{"version":"3.7.16-ow","files":[{"url":"Lunar Client v3.7.16-ow.exe","sha512":"K25vDcT8UO0xbMd4MX5URU+l33+vEILLkpsRkxPMYVfB+yP5gqHGuNWOOGgUOE0gH2g4j+1Mjo9AFnQDC35tng=="}],"path":"Lunar Client v3.7.16-ow.exe","sha512":"K25vDcT8UO0xbMd4MX5URU+l33+vEILLkpsRkxPMYVfB+yP5gqHGuNWOOGgUOE0gH2g4j+1Mjo9AFnQDC35tng==","packages":{"x64":{"size":112473965,"sha512":"f2R8yaxYfUc7t48Bk04LzCImKB27jTxQcAe6RAFE/2lMaHmhsNJCJ47S0XSDCCvUNJp5imIeKLPifHT4z+jt5g==","blockMapSize":116960,"path":"lunarclient-3.7.16-ow-x64.nsis.7z","file":"lunarclient-3.7.16-ow-x64.nsis.7z"}},"releaseDate":"2026-08-24T23:38:30.176Z"},"updateInfo":{"version":"3.7.16-ow","files":[{"url":"Lunar Client v3.7.16-ow.exe","sha512":"K25vDcT8UO0xbMd4MX5URU+l33+vEILLkpsRkxPMYVfB+yP5gqHGuNWOOGgUOE0gH2g4j+1Mjo9AFnQDC35tng=="}],"path":"Lunar Client v3.7.16-ow.exe","sha512":"K25vDcT8UO0xbMd4MX5URU+l33+vEILLkpsRkxPMYVfB+yP5gqHGuNWOOGgUOE0gH2g4j+1Mjo9AFnQDC35tng==","packages":{"x64":{"size":112473965,"sha512":"f2R8yaxYfUc7t48Bk04LzCImKB27jTxQcAe6RAFE/2lMaHmhsNJCJ47S0XSDCCvUNJp5imIeKLPifHT4z+jt5g==","blockMapSize":116960,"path":"lunarclient-3.7.16-ow-x64.nsis.7z","file":"lunarclient-3.7.16-ow-x64.nsis.7z"}},"releaseDate":"2026-08-24T23:38:30.176Z"}}
[2026-08-26 05:31:12.750] [info]  [Library] Checking for update
[2026-08-26 05:31:12.752] [info]  [Updater] Checking for updates...
[2026-08-26 05:31:12.754] [info]           * Current Version: 3.7.16.12965
[2026-08-26 05:31:12.756] [info]           * Channel: latest-ow
[2026-08-26 05:31:12.758] [info]           * URL: https://launcherupdates.lunarclientcdn.com
[2026-08-26 05:31:12.759] [info]           * User Initiated: false
[2026-08-26 12:18:41.437] [warn]  [Updater] Update check is already in progress (User Initiated: false)... skipping
[2026-08-26 12:18:41.489] [error] [Library] Error: Error: net::ERR_TIMED_OUT
    at SimpleURLLoaderWrapper.<anonymous> (node:electron/js2c/browser_init:2:289034)
    at SimpleURLLoaderWrapper.emit (node:events:519:28)
    at SimpleURLLoaderWrapper.callbackTrampoline (node:internal/async_hooks:130:17)
[2026-08-26 12:18:41.493] [error] [Updater] Error has occurred whilst updating... (name: Error, message: net::ERR_TIMED_OUT)
[2026-08-26 12:18:41.496] [error] [Updater] Error: net::ERR_TIMED_OUT
    at SimpleURLLoaderWrapper.<anonymous> (node:electron/js2c/browser_init:2:289034)
    at SimpleURLLoaderWrapper.emit (node:events:519:28)
    at SimpleURLLoaderWrapper.callbackTrampoline (node:internal/async_hooks:130:17)
[2026-08-26 12:18:41.502] [error] [Updater] An error has occurred in checkup.
[2026-08-26 12:18:41.505] [error] [Updater] Error: net::ERR_TIMED_OUT
[2026-08-26 12:33:41.508] [info]  [Library] Checking for update
[2026-08-26 12:33:41.532] [info]  [Updater] Checking for updates...
[2026-08-26 12:33:41.539] [info]           * Current Version: 3.7.16.12965
[2026-08-26 12:33:41.542] [info]           * Channel: latest-ow
[2026-08-26 12:33:41.544] [info]           * URL: https://launcherupdates.lunarclientcdn.com
[2026-08-26 12:33:41.546] [info]           * User Initiated: false
[2026-08-26 12:33:41.861] [info]  [Library] Update for version 3.7.16-ow is not available (latest version: 3.7.16-ow, downgrade is allowed).
[2026-08-26 12:33:41.863] [info]  [Updater] No updates available.
[2026-08-26 12:33:41.866] [info]  [Updater] Update check returned a result... skipping: {"isUpdateAvailable":false,"versionInfo":{"version":"3.7.16-ow","files":[{"url":"Lunar Client v3.7.16-ow.exe","sha512":"K25vDcT8UO0xbMd4MX5URU+l33+vEILLkpsRkxPMYVfB+yP5gqHGuNWOOGgUOE0gH2g4j+1Mjo9AFnQDC35tng=="}],"path":"Lunar Client v3.7.16-ow.exe","sha512":"K25vDcT8UO0xbMd4MX5URU+l33+vEILLkpsRkxPMYVfB+yP5gqHGuNWOOGgUOE0gH2g4j+1Mjo9AFnQDC35tng==","packages":{"x64":{"size":112473965,"sha512":"f2R8yaxYfUc7t48Bk04LzCImKB27jTxQcAe6RAFE/2lMaHmhsNJCJ47S0XSDCCvUNJp5imIeKLPifHT4z+jt5g==","blockMapSize":116960,"path":"lunarclient-3.7.16-ow-x64.nsis.7z","file":"lunarclient-3.7.16-ow-x64.nsis.7z"}},"releaseDate":"2026-08-24T23:38:30.176Z"},"updateInfo":{"version":"3.7.16-ow","files":[{"url":"Lunar Client v3.7.16-ow.exe","sha512":"K25vDcT8UO0xbMd4MX5URU+l33+vEILLkpsRkxPMYVfB+yP5gqHGuNWOOGgUOE0gH2g4j+1Mjo9AFnQDC35tng=="}],"path":"Lunar Client v3.7.16-ow.exe","sha512":"K25vDcT8UO0xbMd4MX5URU+l33+vEILLkpsRkxPMYVfB+yP5gqHGuNWOOGgUOE0gH2g4j+1Mjo9AFnQDC35tng==","packages":{"x64":{"size":112473965,"sha512":"f2R8yaxYfUc7t48Bk04LzCImKB27jTxQcAe6RAFE/2lMaHmhsNJCJ47S0XSDCCvUNJp5imIeKLPifHT4z+jt5g==","blockMapSize":116960,"path":"lunarclient-3.7.16-ow-x64.nsis.7z","file":"lunarclient-3.7.16-ow-x64.nsis.7z"}},"releaseDate":"2026-08-24T23:38:30.176Z"}}
[2026-08-26 12:48:41.564] [info]  [Library] Checking for update
[2026-08-26 12:48:41.580] [info]  [Updater] Checking for updates...
[2026-08-26 12:48:41.583] [info]           * Current Version: 3.7.16.12965
[2026-08-26 12:48:41.585] [info]           * Channel: latest-ow
[2026-08-26 12:48:41.588] [info]           * URL: https://launcherupdates.lunarclientcdn.com
[2026-08-26 12:48:41.590] [info]           * User Initiated: false
[2026-08-26 12:48:41.778] [info]  [Library] Update for version 3.7.16-ow is not available (latest version: 3.7.16-ow, downgrade is allowed).
[2026-08-26 12:48:41.779] [info]  [Updater] No updates available.
[2026-08-26 12:48:41.782] [info]  [Updater] Update check returned a result... skipping: {"isUpdateAvailable":false,"versionInfo":{"version":"3.7.16-ow","files":[{"url":"Lunar Client v3.7.16-ow.exe","sha512":"K25vDcT8UO0xbMd4MX5URU+l33+vEILLkpsRkxPMYVfB+yP5gqHGuNWOOGgUOE0gH2g4j+1Mjo9AFnQDC35tng=="}],"path":"Lunar Client v3.7.16-ow.exe","sha512":"K25vDcT8UO0xbMd4MX5URU+l33+vEILLkpsRkxPMYVfB+yP5gqHGuNWOOGgUOE0gH2g4j+1Mjo9AFnQDC35tng==","packages":{"x64":{"size":112473965,"sha512":"f2R8yaxYfUc7t48Bk04LzCImKB27jTxQcAe6RAFE/2lMaHmhsNJCJ47S0XSDCCvUNJp5imIeKLPifHT4z+jt5g==","blockMapSize":116960,"path":"lunarclient-3.7.16-ow-x64.nsis.7z","file":"lunarclient-3.7.16-ow-x64.nsis.7z"}},"releaseDate":"2026-08-24T23:38:30.176Z"},"updateInfo":{"version":"3.7.16-ow","files":[{"url":"Lunar Client v3.7.16-ow.exe","sha512":"K25vDcT8UO0xbMd4MX5URU+l33+vEILLkpsRkxPMYVfB+yP5gqHGuNWOOGgUOE0gH2g4j+1Mjo9AFnQDC35tng=="}],"path":"Lunar Client v3.7.16-ow.exe","sha512":"K25vDcT8UO0xbMd4MX5URU+l33+vEILLkpsRkxPMYVfB+yP5gqHGuNWOOGgUOE0gH2g4j+1Mjo9AFnQDC35tng==","packages":{"x64":{"size":112473965,"sha512":"f2R8yaxYfUc7t48Bk04LzCImKB27jTxQcAe6RAFE/2lMaHmhsNJCJ47S0XSDCCvUNJp5imIeKLPifHT4z+jt5g==","blockMapSize":116960,"path":"lunarclient-3.7.16-ow-x64.nsis.7z","file":"lunarclient-3.7.16-ow-x64.nsis.7z"}},"releaseDate":"2026-08-24T23:38:30.176Z"}}
[2026-08-26 13:03:41.587] [info]  [Library] Checking for update
[2026-08-26 13:03:41.603] [info]  [Updater] Checking for updates...
[2026-08-26 13:03:41.609] [info]           * Current Version: 3.7.16.12965
[2026-08-26 13:03:41.611] [info]           * Channel: latest-ow
[2026-08-26 13:03:41.614] [info]           * URL: https://launcherupdates.lunarclientcdn.com
[2026-08-26 13:03:41.617] [info]           * User Initiated: false
[2026-08-26 13:03:41.909] [info]  [Library] Update for version 3.7.16-ow is not available (latest version: 3.7.16-ow, downgrade is allowed).
[2026-08-26 13:03:41.910] [info]  [Updater] No updates available.
[2026-08-26 13:03:41.912] [info]  [Updater] Update check returned a result... skipping: {"isUpdateAvailable":false,"versionInfo":{"version":"3.7.16-ow","files":[{"url":"Lunar Client v3.7.16-ow.exe","sha512":"K25vDcT8UO0xbMd4MX5URU+l33+vEILLkpsRkxPMYVfB+yP5gqHGuNWOOGgUOE0gH2g4j+1Mjo9AFnQDC35tng=="}],"path":"Lunar Client v3.7.16-ow.exe","sha512":"K25vDcT8UO0xbMd4MX5URU+l33+vEILLkpsRkxPMYVfB+yP5gqHGuNWOOGgUOE0gH2g4j+1Mjo9AFnQDC35tng==","packages":{"x64":{"size":112473965,"sha512":"f2R8yaxYfUc7t48Bk04LzCImKB27jTxQcAe6RAFE/2lMaHmhsNJCJ47S0XSDCCvUNJp5imIeKLPifHT4z+jt5g==","blockMapSize":116960,"path":"lunarclient-3.7.16-ow-x64.nsis.7z","file":"lunarclient-3.7.16-ow-x64.nsis.7z"}},"releaseDate":"2026-08-24T23:38:30.176Z"},"updateInfo":{"version":"3.7.16-ow","files":[{"url":"Lunar Client v3.7.16-ow.exe","sha512":"K25vDcT8UO0xbMd4MX5URU+l33+vEILLkpsRkxPMYVfB+yP5gqHGuNWOOGgUOE0gH2g4j+1Mjo9AFnQDC35tng=="}],"path":"Lunar Client v3.7.16-ow.exe","sha512":"K25vDcT8UO0xbMd4MX5URU+l33+vEILLkpsRkxPMYVfB+yP5gqHGuNWOOGgUOE0gH2g4j+1Mjo9AFnQDC35tng==","packages":{"x64":{"size":112473965,"sha512":"f2R8yaxYfUc7t48Bk04LzCImKB27jTxQcAe6RAFE/2lMaHmhsNJCJ47S0XSDCCvUNJp5imIeKLPifHT4z+jt5g==","blockMapSize":116960,"path":"lunarclient-3.7.16-ow-x64.nsis.7z","file":"lunarclient-3.7.16-ow-x64.nsis.7z"}},"releaseDate":"2026-08-24T23:38:30.176Z"}}
[2026-08-26 13:18:41.509] [info]  [Library] Checking for update
[2026-08-26 13:18:41.530] [info]  [Updater] Checking for updates...
[2026-08-26 13:18:41.538] [info]           * Current Version: 3.7.16.12965
[2026-08-26 13:18:41.541] [info]           * Channel: latest-ow
[2026-08-26 13:18:41.545] [info]           * URL: https://launcherupdates.lunarclientcdn.com
[2026-08-26 13:18:41.548] [info]           * User Initiated: false
[2026-08-26 13:18:41.765] [info]  [Library] Update for version 3.7.16-ow is not available (latest version: 3.7.16-ow, downgrade is allowed).
[2026-08-26 13:18:41.766] [info]  [Updater] No updates available.
[2026-08-26 13:18:41.768] [info]  [Updater] Update check returned a result... skipping: {"isUpdateAvailable":false,"versionInfo":{"version":"3.7.16-ow","files":[{"url":"Lunar Client v3.7.16-ow.exe","sha512":"K25vDcT8UO0xbMd4MX5URU+l33+vEILLkpsRkxPMYVfB+yP5gqHGuNWOOGgUOE0gH2g4j+1Mjo9AFnQDC35tng=="}],"path":"Lunar Client v3.7.16-ow.exe","sha512":"K25vDcT8UO0xbMd4MX5URU+l33+vEILLkpsRkxPMYVfB+yP5gqHGuNWOOGgUOE0gH2g4j+1Mjo9AFnQDC35tng==","packages":{"x64":{"size":112473965,"sha512":"f2R8yaxYfUc7t48Bk04LzCImKB27jTxQcAe6RAFE/2lMaHmhsNJCJ47S0XSDCCvUNJp5imIeKLPifHT4z+jt5g==","blockMapSize":116960,"path":"lunarclient-3.7.16-ow-x64.nsis.7z","file":"lunarclient-3.7.16-ow-x64.nsis.7z"}},"releaseDate":"2026-08-24T23:38:30.176Z"},"updateInfo":{"version":"3.7.16-ow","files":[{"url":"Lunar Client v3.7.16-ow.exe","sha512":"K25vDcT8UO0xbMd4MX5URU+l33+vEILLkpsRkxPMYVfB+yP5gqHGuNWOOGgUOE0gH2g4j+1Mjo9AFnQDC35tng=="}],"path":"Lunar Client v3.7.16-ow.exe","sha512":"K25vDcT8UO0xbMd4MX5URU+l33+vEILLkpsRkxPMYVfB+yP5gqHGuNWOOGgUOE0gH2g4j+1Mjo9AFnQDC35tng==","packages":{"x64":{"size":112473965,"sha512":"f2R8yaxYfUc7t48Bk04LzCImKB27jTxQcAe6RAFE/2lMaHmhsNJCJ47S0XSDCCvUNJp5imIeKLPifHT4z+jt5g==","blockMapSize":116960,"path":"lunarclient-3.7.16-ow-x64.nsis.7z","file":"lunarclient-3.7.16-ow-x64.nsis.7z"}},"releaseDate":"2026-08-24T23:38:30.176Z"}}
[2026-08-26 13:33:41.535] [info]  [Library] Checking for update
[2026-08-26 13:33:41.546] [info]  [Updater] Checking for updates...
[2026-08-26 13:33:41.552] [info]           * Current Version: 3.7.16.12965
[2026-08-26 13:33:41.557] [info]           * Channel: latest-ow
[2026-08-26 13:33:41.559] [info]           * URL: https://launcherupdates.lunarclientcdn.com
[2026-08-26 13:33:41.562] [info]           * User Initiated: false
[2026-08-26 13:33:41.905] [info]  [Library] Update for version 3.7.16-ow is not available (latest version: 3.7.16-ow, downgrade is allowed).
[2026-08-26 13:33:41.907] [info]  [Updater] No updates available.
[2026-08-26 13:33:41.910] [info]  [Updater] Update check returned a result... skipping: {"isUpdateAvailable":false,"versionInfo":{"version":"3.7.16-ow","files":[{"url":"Lunar Client v3.7.16-ow.exe","sha512":"K25vDcT8UO0xbMd4MX5URU+l33+vEILLkpsRkxPMYVfB+yP5gqHGuNWOOGgUOE0gH2g4j+1Mjo9AFnQDC35tng=="}],"path":"Lunar Client v3.7.16-ow.exe","sha512":"K25vDcT8UO0xbMd4MX5URU+l33+vEILLkpsRkxPMYVfB+yP5gqHGuNWOOGgUOE0gH2g4j+1Mjo9AFnQDC35tng==","packages":{"x64":{"size":112473965,"sha512":"f2R8yaxYfUc7t48Bk04LzCImKB27jTxQcAe6RAFE/2lMaHmhsNJCJ47S0XSDCCvUNJp5imIeKLPifHT4z+jt5g==","blockMapSize":116960,"path":"lunarclient-3.7.16-ow-x64.nsis.7z","file":"lunarclient-3.7.16-ow-x64.nsis.7z"}},"releaseDate":"2026-08-24T23:38:30.176Z"},"updateInfo":{"version":"3.7.16-ow","files":[{"url":"Lunar Client v3.7.16-ow.exe","sha512":"K25vDcT8UO0xbMd4MX5URU+l33+vEILLkpsRkxPMYVfB+yP5gqHGuNWOOGgUOE0gH2g4j+1Mjo9AFnQDC35tng=="}],"path":"Lunar Client v3.7.16-ow.exe","sha512":"K25vDcT8UO0xbMd4MX5URU+l33+vEILLkpsRkxPMYVfB+yP5gqHGuNWOOGgUOE0gH2g4j+1Mjo9AFnQDC35tng==","packages":{"x64":{"size":112473965,"sha512":"f2R8yaxYfUc7t48Bk04LzCImKB27jTxQcAe6RAFE/2lMaHmhsNJCJ47S0XSDCCvUNJp5imIeKLPifHT4z+jt5g==","blockMapSize":116960,"path":"lunarclient-3.7.16-ow-x64.nsis.7z","file":"lunarclient-3.7.16-ow-x64.nsis.7z"}},"releaseDate":"2026-08-24T23:38:30.176Z"}}
[2026-08-26 13:48:41.547] [info]  [Library] Checking for update
[2026-08-26 13:48:41.566] [info]  [Updater] Checking for updates...
[2026-08-26 13:48:41.571] [info]           * Current Version: 3.7.16.12965
[2026-08-26 13:48:41.578] [info]           * Channel: latest-ow
[2026-08-26 13:48:41.580] [info]           * URL: https://launcherupdates.lunarclientcdn.com
[2026-08-26 13:48:41.583] [info]           * User Initiated: false
[2026-08-26 13:48:41.927] [info]  [Library] Update for version 3.7.16-ow is not available (latest version: 3.7.16-ow, downgrade is allowed).
[2026-08-26 13:48:41.928] [info]  [Updater] No updates available.
[2026-08-26 13:48:41.930] [info]  [Updater] Update check returned a result... skipping: {"isUpdateAvailable":false,"versionInfo":{"version":"3.7.16-ow","files":[{"url":"Lunar Client v3.7.16-ow.exe","sha512":"K25vDcT8UO0xbMd4MX5URU+l33+vEILLkpsRkxPMYVfB+yP5gqHGuNWOOGgUOE0gH2g4j+1Mjo9AFnQDC35tng=="}],"path":"Lunar Client v3.7.16-ow.exe","sha512":"K25vDcT8UO0xbMd4MX5URU+l33+vEILLkpsRkxPMYVfB+yP5gqHGuNWOOGgUOE0gH2g4j+1Mjo9AFnQDC35tng==","packages":{"x64":{"size":112473965,"sha512":"f2R8yaxYfUc7t48Bk04LzCImKB27jTxQcAe6RAFE/2lMaHmhsNJCJ47S0XSDCCvUNJp5imIeKLPifHT4z+jt5g==","blockMapSize":116960,"path":"lunarclient-3.7.16-ow-x64.nsis.7z","file":"lunarclient-3.7.16-ow-x64.nsis.7z"}},"releaseDate":"2026-08-24T23:38:30.176Z"},"updateInfo":{"version":"3.7.16-ow","files":[{"url":"Lunar Client v3.7.16-ow.exe","sha512":"K25vDcT8UO0xbMd4MX5URU+l33+vEILLkpsRkxPMYVfB+yP5gqHGuNWOOGgUOE0gH2g4j+1Mjo9AFnQDC35tng=="}],"path":"Lunar Client v3.7.16-ow.exe","sha512":"K25vDcT8UO0xbMd4MX5URU+l33+vEILLkpsRkxPMYVfB+yP5gqHGuNWOOGgUOE0gH2g4j+1Mjo9AFnQDC35tng==","packages":{"x64":{"size":112473965,"sha512":"f2R8yaxYfUc7t48Bk04LzCImKB27jTxQcAe6RAFE/2lMaHmhsNJCJ47S0XSDCCvUNJp5imIeKLPifHT4z+jt5g==","blockMapSize":116960,"path":"lunarclient-3.7.16-ow-x64.nsis.7z","file":"lunarclient-3.7.16-ow-x64.nsis.7z"}},"releaseDate":"2026-08-24T23:38:30.176Z"}}
[2026-08-26 14:03:41.520] [info]  [Library] Checking for update
[2026-08-26 14:03:41.525] [info]  [Updater] Checking for updates...
[2026-08-26 14:03:41.530] [info]           * Current Version: 3.7.16.12965
[2026-08-26 14:03:41.533] [info]           * Channel: latest-ow
[2026-08-26 14:03:41.536] [info]           * URL: https://launcherupdates.lunarclientcdn.com
[2026-08-26 14:03:41.538] [info]           * User Initiated: false
[2026-08-26 14:03:41.679] [info]  [Library] Update for version 3.7.16-ow is not available (latest version: 3.7.16-ow, downgrade is allowed).
[2026-08-26 14:03:41.681] [info]  [Updater] No updates available.
[2026-08-26 14:03:41.682] [info]  [Updater] Update check returned a result... skipping: {"isUpdateAvailable":false,"versionInfo":{"version":"3.7.16-ow","files":[{"url":"Lunar Client v3.7.16-ow.exe","sha512":"K25vDcT8UO0xbMd4MX5URU+l33+vEILLkpsRkxPMYVfB+yP5gqHGuNWOOGgUOE0gH2g4j+1Mjo9AFnQDC35tng=="}],"path":"Lunar Client v3.7.16-ow.exe","sha512":"K25vDcT8UO0xbMd4MX5URU+l33+vEILLkpsRkxPMYVfB+yP5gqHGuNWOOGgUOE0gH2g4j+1Mjo9AFnQDC35tng==","packages":{"x64":{"size":112473965,"sha512":"f2R8yaxYfUc7t48Bk04LzCImKB27jTxQcAe6RAFE/2lMaHmhsNJCJ47S0XSDCCvUNJp5imIeKLPifHT4z+jt5g==","blockMapSize":116960,"path":"lunarclient-3.7.16-ow-x64.nsis.7z","file":"lunarclient-3.7.16-ow-x64.nsis.7z"}},"releaseDate":"2026-08-24T23:38:30.176Z"},"updateInfo":{"version":"3.7.16-ow","files":[{"url":"Lunar Client v3.7.16-ow.exe","sha512":"K25vDcT8UO0xbMd4MX5URU+l33+vEILLkpsRkxPMYVfB+yP5gqHGuNWOOGgUOE0gH2g4j+1Mjo9AFnQDC35tng=="}],"path":"Lunar Client v3.7.16-ow.exe","sha512":"K25vDcT8UO0xbMd4MX5URU+l33+vEILLkpsRkxPMYVfB+yP5gqHGuNWOOGgUOE0gH2g4j+1Mjo9AFnQDC35tng==","packages":{"x64":{"size":112473965,"sha512":"f2R8yaxYfUc7t48Bk04LzCImKB27jTxQcAe6RAFE/2lMaHmhsNJCJ47S0XSDCCvUNJp5imIeKLPifHT4z+jt5g==","blockMapSize":116960,"path":"lunarclient-3.7.16-ow-x64.nsis.7z","file":"lunarclient-3.7.16-ow-x64.nsis.7z"}},"releaseDate":"2026-08-24T23:38:30.176Z"}}
[2026-08-26 14:18:41.528] [info]  [Library] Checking for update
[2026-08-26 14:18:41.530] [info]  [Updater] Checking for updates...
[2026-08-26 14:18:41.532] [info]           * Current Version: 3.7.16.12965
[2026-08-26 14:18:41.535] [info]           * Channel: latest-ow
[2026-08-26 14:18:41.536] [info]           * URL: https://launcherupdates.lunarclientcdn.com
[2026-08-26 14:18:41.538] [info]           * User Initiated: false
[2026-08-26 14:18:42.736] [info]  [Library] Update for version 3.7.16-ow is not available (latest version: 3.7.16-ow, downgrade is allowed).
[2026-08-26 14:18:42.739] [info]  [Updater] No updates available.
[2026-08-26 14:18:42.744] [info]  [Updater] Update check returned a result... skipping: {"isUpdateAvailable":false,"versionInfo":{"version":"3.7.16-ow","files":[{"url":"Lunar Client v3.7.16-ow.exe","sha512":"K25vDcT8UO0xbMd4MX5URU+l33+vEILLkpsRkxPMYVfB+yP5gqHGuNWOOGgUOE0gH2g4j+1Mjo9AFnQDC35tng=="}],"path":"Lunar Client v3.7.16-ow.exe","sha512":"K25vDcT8UO0xbMd4MX5URU+l33+vEILLkpsRkxPMYVfB+yP5gqHGuNWOOGgUOE0gH2g4j+1Mjo9AFnQDC35tng==","packages":{"x64":{"size":112473965,"sha512":"f2R8yaxYfUc7t48Bk04LzCImKB27jTxQcAe6RAFE/2lMaHmhsNJCJ47S0XSDCCvUNJp5imIeKLPifHT4z+jt5g==","blockMapSize":116960,"path":"lunarclient-3.7.16-ow-x64.nsis.7z","file":"lunarclient-3.7.16-ow-x64.nsis.7z"}},"releaseDate":"2026-08-24T23:38:30.176Z"},"updateInfo":{"version":"3.7.16-ow","files":[{"url":"Lunar Client v3.7.16-ow.exe","sha512":"K25vDcT8UO0xbMd4MX5URU+l33+vEILLkpsRkxPMYVfB+yP5gqHGuNWOOGgUOE0gH2g4j+1Mjo9AFnQDC35tng=="}],"path":"Lunar Client v3.7.16-ow.exe","sha512":"K25vDcT8UO0xbMd4MX5URU+l33+vEILLkpsRkxPMYVfB+yP5gqHGuNWOOGgUOE0gH2g4j+1Mjo9AFnQDC35tng==","packages":{"x64":{"size":112473965,"sha512":"f2R8yaxYfUc7t48Bk04LzCImKB27jTxQcAe6RAFE/2lMaHmhsNJCJ47S0XSDCCvUNJp5imIeKLPifHT4z+jt5g==","blockMapSize":116960,"path":"lunarclient-3.7.16-ow-x64.nsis.7z","file":"lunarclient-3.7.16-ow-x64.nsis.7z"}},"releaseDate":"2026-08-24T23:38:30.176Z"}}
[2026-08-26 14:33:41.541] [info]  [Library] Checking for update
[2026-08-26 14:33:41.602] [info]  [Updater] Checking for updates...
[2026-08-26 14:33:41.605] [info]           * Current Version: 3.7.16.12965
[2026-08-26 14:33:41.611] [info]           * Channel: latest-ow
[2026-08-26 14:33:41.613] [info]           * URL: https://launcherupdates.lunarclientcdn.com
[2026-08-26 14:33:41.615] [info]           * User Initiated: false
[2026-08-26 14:33:41.742] [info]  [Library] Update for version 3.7.16-ow is not available (latest version: 3.7.16-ow, downgrade is allowed).
[2026-08-26 14:33:41.743] [info]  [Updater] No updates available.
[2026-08-26 14:33:41.745] [info]  [Updater] Update check returned a result... skipping: {"isUpdateAvailable":false,"versionInfo":{"version":"3.7.16-ow","files":[{"url":"Lunar Client v3.7.16-ow.exe","sha512":"K25vDcT8UO0xbMd4MX5URU+l33+vEILLkpsRkxPMYVfB+yP5gqHGuNWOOGgUOE0gH2g4j+1Mjo9AFnQDC35tng=="}],"path":"Lunar Client v3.7.16-ow.exe","sha512":"K25vDcT8UO0xbMd4MX5URU+l33+vEILLkpsRkxPMYVfB+yP5gqHGuNWOOGgUOE0gH2g4j+1Mjo9AFnQDC35tng==","packages":{"x64":{"size":112473965,"sha512":"f2R8yaxYfUc7t48Bk04LzCImKB27jTxQcAe6RAFE/2lMaHmhsNJCJ47S0XSDCCvUNJp5imIeKLPifHT4z+jt5g==","blockMapSize":116960,"path":"lunarclient-3.7.16-ow-x64.nsis.7z","file":"lunarclient-3.7.16-ow-x64.nsis.7z"}},"releaseDate":"2026-08-24T23:38:30.176Z"},"updateInfo":{"version":"3.7.16-ow","files":[{"url":"Lunar Client v3.7.16-ow.exe","sha512":"K25vDcT8UO0xbMd4MX5URU+l33+vEILLkpsRkxPMYVfB+yP5gqHGuNWOOGgUOE0gH2g4j+1Mjo9AFnQDC35tng=="}],"path":"Lunar Client v3.7.16-ow.exe","sha512":"K25vDcT8UO0xbMd4MX5URU+l33+vEILLkpsRkxPMYVfB+yP5gqHGuNWOOGgUOE0gH2g4j+1Mjo9AFnQDC35tng==","packages":{"x64":{"size":112473965,"sha512":"f2R8yaxYfUc7t48Bk04LzCImKB27jTxQcAe6RAFE/2lMaHmhsNJCJ47S0XSDCCvUNJp5imIeKLPifHT4z+jt5g==","blockMapSize":116960,"path":"lunarclient-3.7.16-ow-x64.nsis.7z","file":"lunarclient-3.7.16-ow-x64.nsis.7z"}},"releaseDate":"2026-08-24T23:38:30.176Z"}}
[2026-08-26 14:48:41.548] [info]  [Library] Checking for update
[2026-08-26 14:48:41.550] [info]  [Updater] Checking for updates...
[2026-08-26 14:48:41.552] [info]           * Current Version: 3.7.16.12965
[2026-08-26 14:48:41.588] [info]           * Channel: latest-ow
[2026-08-26 14:48:41.590] [info]           * URL: https://launcherupdates.lunarclientcdn.com
[2026-08-26 14:48:41.594] [info]           * User Initiated: false
[2026-08-26 14:48:41.705] [info]  [Library] Update for version 3.7.16-ow is not available (latest version: 3.7.16-ow, downgrade is allowed).
[2026-08-26 14:48:41.706] [info]  [Updater] No updates available.
[2026-08-26 14:48:41.708] [info]  [Updater] Update check returned a result... skipping: {"isUpdateAvailable":false,"versionInfo":{"version":"3.7.16-ow","files":[{"url":"Lunar Client v3.7.16-ow.exe","sha512":"K25vDcT8UO0xbMd4MX5URU+l33+vEILLkpsRkxPMYVfB+yP5gqHGuNWOOGgUOE0gH2g4j+1Mjo9AFnQDC35tng=="}],"path":"Lunar Client v3.7.16-ow.exe","sha512":"K25vDcT8UO0xbMd4MX5URU+l33+vEILLkpsRkxPMYVfB+yP5gqHGuNWOOGgUOE0gH2g4j+1Mjo9AFnQDC35tng==","packages":{"x64":{"size":112473965,"sha512":"f2R8yaxYfUc7t48Bk04LzCImKB27jTxQcAe6RAFE/2lMaHmhsNJCJ47S0XSDCCvUNJp5imIeKLPifHT4z+jt5g==","blockMapSize":116960,"path":"lunarclient-3.7.16-ow-x64.nsis.7z","file":"lunarclient-3.7.16-ow-x64.nsis.7z"}},"releaseDate":"2026-08-24T23:38:30.176Z"},"updateInfo":{"version":"3.7.16-ow","files":[{"url":"Lunar Client v3.7.16-ow.exe","sha512":"K25vDcT8UO0xbMd4MX5URU+l33+vEILLkpsRkxPMYVfB+yP5gqHGuNWOOGgUOE0gH2g4j+1Mjo9AFnQDC35tng=="}],"path":"Lunar Client v3.7.16-ow.exe","sha512":"K25vDcT8UO0xbMd4MX5URU+l33+vEILLkpsRkxPMYVfB+yP5gqHGuNWOOGgUOE0gH2g4j+1Mjo9AFnQDC35tng==","packages":{"x64":{"size":112473965,"sha512":"f2R8yaxYfUc7t48Bk04LzCImKB27jTxQcAe6RAFE/2lMaHmhsNJCJ47S0XSDCCvUNJp5imIeKLPifHT4z+jt5g==","blockMapSize":116960,"path":"lunarclient-3.7.16-ow-x64.nsis.7z","file":"lunarclient-3.7.16-ow-x64.nsis.7z"}},"releaseDate":"2026-08-24T23:38:30.176Z"}}
[2026-08-26 15:03:41.558] [info]  [Library] Checking for update
[2026-08-26 15:03:41.562] [info]  [Updater] Checking for updates...
[2026-08-26 15:03:41.564] [info]           * Current Version: 3.7.16.12965
[2026-08-26 15:03:41.566] [info]           * Channel: latest-ow
[2026-08-26 15:03:41.568] [info]           * URL: https://launcherupdates.lunarclientcdn.com
[2026-08-26 15:03:41.570] [info]           * User Initiated: false
[2026-08-26 15:03:41.688] [info]  [Library] Update for version 3.7.16-ow is not available (latest version: 3.7.16-ow, downgrade is allowed).
[2026-08-26 15:03:41.689] [info]  [Updater] No updates available.
[2026-08-26 15:03:41.691] [info]  [Updater] Update check returned a result... skipping: {"isUpdateAvailable":false,"versionInfo":{"version":"3.7.16-ow","files":[{"url":"Lunar Client v3.7.16-ow.exe","sha512":"K25vDcT8UO0xbMd4MX5URU+l33+vEILLkpsRkxPMYVfB+yP5gqHGuNWOOGgUOE0gH2g4j+1Mjo9AFnQDC35tng=="}],"path":"Lunar Client v3.7.16-ow.exe","sha512":"K25vDcT8UO0xbMd4MX5URU+l33+vEILLkpsRkxPMYVfB+yP5gqHGuNWOOGgUOE0gH2g4j+1Mjo9AFnQDC35tng==","packages":{"x64":{"size":112473965,"sha512":"f2R8yaxYfUc7t48Bk04LzCImKB27jTxQcAe6RAFE/2lMaHmhsNJCJ47S0XSDCCvUNJp5imIeKLPifHT4z+jt5g==","blockMapSize":116960,"path":"lunarclient-3.7.16-ow-x64.nsis.7z","file":"lunarclient-3.7.16-ow-x64.nsis.7z"}},"releaseDate":"2026-08-24T23:38:30.176Z"},"updateInfo":{"version":"3.7.16-ow","files":[{"url":"Lunar Client v3.7.16-ow.exe","sha512":"K25vDcT8UO0xbMd4MX5URU+l33+vEILLkpsRkxPMYVfB+yP5gqHGuNWOOGgUOE0gH2g4j+1Mjo9AFnQDC35tng=="}],"path":"Lunar Client v3.7.16-ow.exe","sha512":"K25vDcT8UO0xbMd4MX5URU+l33+vEILLkpsRkxPMYVfB+yP5gqHGuNWOOGgUOE0gH2g4j+1Mjo9AFnQDC35tng==","packages":{"x64":{"size":112473965,"sha512":"f2R8yaxYfUc7t48Bk04LzCImKB27jTxQcAe6RAFE/2lMaHmhsNJCJ47S0XSDCCvUNJp5imIeKLPifHT4z+jt5g==","blockMapSize":116960,"path":"lunarclient-3.7.16-ow-x64.nsis.7z","file":"lunarclient-3.7.16-ow-x64.nsis.7z"}},"releaseDate":"2026-08-24T23:38:30.176Z"}}
[2026-08-26 15:18:41.568] [info]  [Library] Checking for update
[2026-08-26 15:18:41.570] [info]  [Updater] Checking for updates...
[2026-08-26 15:18:41.573] [info]           * Current Version: 3.7.16.12965
[2026-08-26 15:18:41.575] [info]           * Channel: latest-ow
[2026-08-26 15:18:41.576] [info]           * URL: https://launcherupdates.lunarclientcdn.com
[2026-08-26 15:18:41.579] [info]           * User Initiated: false
[2026-08-26 15:18:41.719] [info]  [Library] Update for version 3.7.16-ow is not available (latest version: 3.7.16-ow, downgrade is allowed).
[2026-08-26 15:18:41.720] [info]  [Updater] No updates available.
[2026-08-26 15:18:41.723] [info]  [Updater] Update check returned a result... skipping: {"isUpdateAvailable":false,"versionInfo":{"version":"3.7.16-ow","files":[{"url":"Lunar Client v3.7.16-ow.exe","sha512":"K25vDcT8UO0xbMd4MX5URU+l33+vEILLkpsRkxPMYVfB+yP5gqHGuNWOOGgUOE0gH2g4j+1Mjo9AFnQDC35tng=="}],"path":"Lunar Client v3.7.16-ow.exe","sha512":"K25vDcT8UO0xbMd4MX5URU+l33+vEILLkpsRkxPMYVfB+yP5gqHGuNWOOGgUOE0gH2g4j+1Mjo9AFnQDC35tng==","packages":{"x64":{"size":112473965,"sha512":"f2R8yaxYfUc7t48Bk04LzCImKB27jTxQcAe6RAFE/2lMaHmhsNJCJ47S0XSDCCvUNJp5imIeKLPifHT4z+jt5g==","blockMapSize":116960,"path":"lunarclient-3.7.16-ow-x64.nsis.7z","file":"lunarclient-3.7.16-ow-x64.nsis.7z"}},"releaseDate":"2026-08-24T23:38:30.176Z"},"updateInfo":{"version":"3.7.16-ow","files":[{"url":"Lunar Client v3.7.16-ow.exe","sha512":"K25vDcT8UO0xbMd4MX5URU+l33+vEILLkpsRkxPMYVfB+yP5gqHGuNWOOGgUOE0gH2g4j+1Mjo9AFnQDC35tng=="}],"path":"Lunar Client v3.7.16-ow.exe","sha512":"K25vDcT8UO0xbMd4MX5URU+l33+vEILLkpsRkxPMYVfB+yP5gqHGuNWOOGgUOE0gH2g4j+1Mjo9AFnQDC35tng==","packages":{"x64":{"size":112473965,"sha512":"f2R8yaxYfUc7t48Bk04LzCImKB27jTxQcAe6RAFE/2lMaHmhsNJCJ47S0XSDCCvUNJp5imIeKLPifHT4z+jt5g==","blockMapSize":116960,"path":"lunarclient-3.7.16-ow-x64.nsis.7z","file":"lunarclient-3.7.16-ow-x64.nsis.7z"}},"releaseDate":"2026-08-24T23:38:30.176Z"}}
[2026-08-26 15:33:41.581] [info]  [Library] Checking for update
[2026-08-26 15:33:41.582] [info]  [Updater] Checking for updates...
[2026-08-26 15:33:41.584] [info]           * Current Version: 3.7.16.12965
[2026-08-26 15:33:41.586] [info]           * Channel: latest-ow
[2026-08-26 15:33:41.588] [info]           * URL: https://launcherupdates.lunarclientcdn.com
[2026-08-26 15:33:41.589] [info]           * User Initiated: false
[2026-08-26 15:33:41.681] [info]  [Library] Update for version 3.7.16-ow is not available (latest version: 3.7.16-ow, downgrade is allowed).
[2026-08-26 15:33:41.682] [info]  [Updater] No updates available.
[2026-08-26 15:33:41.684] [info]  [Updater] Update check returned a result... skipping: {"isUpdateAvailable":false,"versionInfo":{"version":"3.7.16-ow","files":[{"url":"Lunar Client v3.7.16-ow.exe","sha512":"K25vDcT8UO0xbMd4MX5URU+l33+vEILLkpsRkxPMYVfB+yP5gqHGuNWOOGgUOE0gH2g4j+1Mjo9AFnQDC35tng=="}],"path":"Lunar Client v3.7.16-ow.exe","sha512":"K25vDcT8UO0xbMd4MX5URU+l33+vEILLkpsRkxPMYVfB+yP5gqHGuNWOOGgUOE0gH2g4j+1Mjo9AFnQDC35tng==","packages":{"x64":{"size":112473965,"sha512":"f2R8yaxYfUc7t48Bk04LzCImKB27jTxQcAe6RAFE/2lMaHmhsNJCJ47S0XSDCCvUNJp5imIeKLPifHT4z+jt5g==","blockMapSize":116960,"path":"lunarclient-3.7.16-ow-x64.nsis.7z","file":"lunarclient-3.7.16-ow-x64.nsis.7z"}},"releaseDate":"2026-08-24T23:38:30.176Z"},"updateInfo":{"version":"3.7.16-ow","files":[{"url":"Lunar Client v3.7.16-ow.exe","sha512":"K25vDcT8UO0xbMd4MX5URU+l33+vEILLkpsRkxPMYVfB+yP5gqHGuNWOOGgUOE0gH2g4j+1Mjo9AFnQDC35tng=="}],"path":"Lunar Client v3.7.16-ow.exe","sha512":"K25vDcT8UO0xbMd4MX5URU+l33+vEILLkpsRkxPMYVfB+yP5gqHGuNWOOGgUOE0gH2g4j+1Mjo9AFnQDC35tng==","packages":{"x64":{"size":112473965,"sha512":"f2R8yaxYfUc7t48Bk04LzCImKB27jTxQcAe6RAFE/2lMaHmhsNJCJ47S0XSDCCvUNJp5imIeKLPifHT4z+jt5g==","blockMapSize":116960,"path":"lunarclient-3.7.16-ow-x64.nsis.7z","file":"lunarclient-3.7.16-ow-x64.nsis.7z"}},"releaseDate":"2026-08-24T23:38:30.176Z"}}
[2026-08-26 15:48:41.592] [info]  [Library] Checking for update
[2026-08-26 15:48:41.593] [info]  [Updater] Checking for updates...
[2026-08-26 15:48:41.594] [info]           * Current Version: 3.7.16.12965
[2026-08-26 15:48:41.596] [info]           * Channel: latest-ow
[2026-08-26 15:48:41.597] [info]           * URL: https://launcherupdates.lunarclientcdn.com
[2026-08-26 15:48:41.598] [info]           * User Initiated: false
[2026-08-26 15:48:41.689] [info]  [Library] Update for version 3.7.16-ow is not available (latest version: 3.7.16-ow, downgrade is allowed).
[2026-08-26 15:48:41.691] [info]  [Updater] No updates available.
[2026-08-26 15:48:41.693] [info]  [Updater] Update check returned a result... skipping: {"isUpdateAvailable":false,"versionInfo":{"version":"3.7.16-ow","files":[{"url":"Lunar Client v3.7.16-ow.exe","sha512":"K25vDcT8UO0xbMd4MX5URU+l33+vEILLkpsRkxPMYVfB+yP5gqHGuNWOOGgUOE0gH2g4j+1Mjo9AFnQDC35tng=="}],"path":"Lunar Client v3.7.16-ow.exe","sha512":"K25vDcT8UO0xbMd4MX5URU+l33+vEILLkpsRkxPMYVfB+yP5gqHGuNWOOGgUOE0gH2g4j+1Mjo9AFnQDC35tng==","packages":{"x64":{"size":112473965,"sha512":"f2R8yaxYfUc7t48Bk04LzCImKB27jTxQcAe6RAFE/2lMaHmhsNJCJ47S0XSDCCvUNJp5imIeKLPifHT4z+jt5g==","blockMapSize":116960,"path":"lunarclient-3.7.16-ow-x64.nsis.7z","file":"lunarclient-3.7.16-ow-x64.nsis.7z"}},"releaseDate":"2026-08-24T23:38:30.176Z"},"updateInfo":{"version":"3.7.16-ow","files":[{"url":"Lunar Client v3.7.16-ow.exe","sha512":"K25vDcT8UO0xbMd4MX5URU+l33+vEILLkpsRkxPMYVfB+yP5gqHGuNWOOGgUOE0gH2g4j+1Mjo9AFnQDC35tng=="}],"path":"Lunar Client v3.7.16-ow.exe","sha512":"K25vDcT8UO0xbMd4MX5URU+l33+vEILLkpsRkxPMYVfB+yP5gqHGuNWOOGgUOE0gH2g4j+1Mjo9AFnQDC35tng==","packages":{"x64":{"size":112473965,"sha512":"f2R8yaxYfUc7t48Bk04LzCImKB27jTxQcAe6RAFE/2lMaHmhsNJCJ47S0XSDCCvUNJp5imIeKLPifHT4z+jt5g==","blockMapSize":116960,"path":"lunarclient-3.7.16-ow-x64.nsis.7z","file":"lunarclient-3.7.16-ow-x64.nsis.7z"}},"releaseDate":"2026-08-24T23:38:30.176Z"}}
[2026-08-26 16:03:41.600] [info]  [Library] Checking for update
[2026-08-26 16:03:41.601] [info]  [Updater] Checking for updates...
[2026-08-26 16:03:41.603] [info]           * Current Version: 3.7.16.12965
[2026-08-26 16:03:41.606] [info]           * Channel: latest-ow
[2026-08-26 16:03:41.608] [info]           * URL: https://launcherupdates.lunarclientcdn.com
[2026-08-26 16:03:41.609] [info]           * User Initiated: false
[2026-08-26 16:03:41.706] [info]  [Library] Update for version 3.7.16-ow is not available (latest version: 3.7.16-ow, downgrade is allowed).
[2026-08-26 16:03:41.707] [info]  [Updater] No updates available.
[2026-08-26 16:03:41.708] [info]  [Updater] Update check returned a result... skipping: {"isUpdateAvailable":false,"versionInfo":{"version":"3.7.16-ow","files":[{"url":"Lunar Client v3.7.16-ow.exe","sha512":"K25vDcT8UO0xbMd4MX5URU+l33+vEILLkpsRkxPMYVfB+yP5gqHGuNWOOGgUOE0gH2g4j+1Mjo9AFnQDC35tng=="}],"path":"Lunar Client v3.7.16-ow.exe","sha512":"K25vDcT8UO0xbMd4MX5URU+l33+vEILLkpsRkxPMYVfB+yP5gqHGuNWOOGgUOE0gH2g4j+1Mjo9AFnQDC35tng==","packages":{"x64":{"size":112473965,"sha512":"f2R8yaxYfUc7t48Bk04LzCImKB27jTxQcAe6RAFE/2lMaHmhsNJCJ47S0XSDCCvUNJp5imIeKLPifHT4z+jt5g==","blockMapSize":116960,"path":"lunarclient-3.7.16-ow-x64.nsis.7z","file":"lunarclient-3.7.16-ow-x64.nsis.7z"}},"releaseDate":"2026-08-24T23:38:30.176Z"},"updateInfo":{"version":"3.7.16-ow","files":[{"url":"Lunar Client v3.7.16-ow.exe","sha512":"K25vDcT8UO0xbMd4MX5URU+l33+vEILLkpsRkxPMYVfB+yP5gqHGuNWOOGgUOE0gH2g4j+1Mjo9AFnQDC35tng=="}],"path":"Lunar Client v3.7.16-ow.exe","sha512":"K25vDcT8UO0xbMd4MX5URU+l33+vEILLkpsRkxPMYVfB+yP5gqHGuNWOOGgUOE0gH2g4j+1Mjo9AFnQDC35tng==","packages":{"x64":{"size":112473965,"sha512":"f2R8yaxYfUc7t48Bk04LzCImKB27jTxQcAe6RAFE/2lMaHmhsNJCJ47S0XSDCCvUNJp5imIeKLPifHT4z+jt5g==","blockMapSize":116960,"path":"lunarclient-3.7.16-ow-x64.nsis.7z","file":"lunarclient-3.7.16-ow-x64.nsis.7z"}},"releaseDate":"2026-08-24T23:38:30.176Z"}}
[2026-08-26 16:18:41.605] [info]  [Library] Checking for update
[2026-08-26 16:18:41.607] [info]  [Updater] Checking for updates...
[2026-08-26 16:18:41.610] [info]           * Current Version: 3.7.16.12965
[2026-08-26 16:18:41.611] [info]           * Channel: latest-ow
[2026-08-26 16:18:41.612] [info]           * URL: https://launcherupdates.lunarclientcdn.com
[2026-08-26 16:18:41.614] [info]           * User Initiated: false
[2026-08-26 16:18:41.712] [info]  [Library] Update for version 3.7.16-ow is not available (latest version: 3.7.16-ow, downgrade is allowed).
[2026-08-26 16:18:41.713] [info]  [Updater] No updates available.
[2026-08-26 16:18:41.714] [info]  [Updater] Update check returned a result... skipping: {"isUpdateAvailable":false,"versionInfo":{"version":"3.7.16-ow","files":[{"url":"Lunar Client v3.7.16-ow.exe","sha512":"K25vDcT8UO0xbMd4MX5URU+l33+vEILLkpsRkxPMYVfB+yP5gqHGuNWOOGgUOE0gH2g4j+1Mjo9AFnQDC35tng=="}],"path":"Lunar Client v3.7.16-ow.exe","sha512":"K25vDcT8UO0xbMd4MX5URU+l33+vEILLkpsRkxPMYVfB+yP5gqHGuNWOOGgUOE0gH2g4j+1Mjo9AFnQDC35tng==","packages":{"x64":{"size":112473965,"sha512":"f2R8yaxYfUc7t48Bk04LzCImKB27jTxQcAe6RAFE/2lMaHmhsNJCJ47S0XSDCCvUNJp5imIeKLPifHT4z+jt5g==","blockMapSize":116960,"path":"lunarclient-3.7.16-ow-x64.nsis.7z","file":"lunarclient-3.7.16-ow-x64.nsis.7z"}},"releaseDate":"2026-08-24T23:38:30.176Z"},"updateInfo":{"version":"3.7.16-ow","files":[{"url":"Lunar Client v3.7.16-ow.exe","sha512":"K25vDcT8UO0xbMd4MX5URU+l33+vEILLkpsRkxPMYVfB+yP5gqHGuNWOOGgUOE0gH2g4j+1Mjo9AFnQDC35tng=="}],"path":"Lunar Client v3.7.16-ow.exe","sha512":"K25vDcT8UO0xbMd4MX5URU+l33+vEILLkpsRkxPMYVfB+yP5gqHGuNWOOGgUOE0gH2g4j+1Mjo9AFnQDC35tng==","packages":{"x64":{"size":112473965,"sha512":"f2R8yaxYfUc7t48Bk04LzCImKB27jTxQcAe6RAFE/2lMaHmhsNJCJ47S0XSDCCvUNJp5imIeKLPifHT4z+jt5g==","blockMapSize":116960,"path":"lunarclient-3.7.16-ow-x64.nsis.7z","file":"lunarclient-3.7.16-ow-x64.nsis.7z"}},"releaseDate":"2026-08-24T23:38:30.176Z"}}
[2026-08-26 16:33:41.610] [info]  [Library] Checking for update
[2026-08-26 16:33:41.615] [info]  [Updater] Checking for updates...
[2026-08-26 16:33:41.619] [info]           * Current Version: 3.7.16.12965
[2026-08-26 16:33:41.621] [info]           * Channel: latest-ow
[2026-08-26 16:33:41.622] [info]           * URL: https://launcherupdates.lunarclientcdn.com
[2026-08-26 16:33:41.624] [info]           * User Initiated: false
[2026-08-26 16:33:41.721] [info]  [Library] Update for version 3.7.16-ow is not available (latest version: 3.7.16-ow, downgrade is allowed).
[2026-08-26 16:33:41.722] [info]  [Updater] No updates available.
[2026-08-26 16:33:41.723] [info]  [Updater] Update check returned a result... skipping: {"isUpdateAvailable":false,"versionInfo":{"version":"3.7.16-ow","files":[{"url":"Lunar Client v3.7.16-ow.exe","sha512":"K25vDcT8UO0xbMd4MX5URU+l33+vEILLkpsRkxPMYVfB+yP5gqHGuNWOOGgUOE0gH2g4j+1Mjo9AFnQDC35tng=="}],"path":"Lunar Client v3.7.16-ow.exe","sha512":"K25vDcT8UO0xbMd4MX5URU+l33+vEILLkpsRkxPMYVfB+yP5gqHGuNWOOGgUOE0gH2g4j+1Mjo9AFnQDC35tng==","packages":{"x64":{"size":112473965,"sha512":"f2R8yaxYfUc7t48Bk04LzCImKB27jTxQcAe6RAFE/2lMaHmhsNJCJ47S0XSDCCvUNJp5imIeKLPifHT4z+jt5g==","blockMapSize":116960,"path":"lunarclient-3.7.16-ow-x64.nsis.7z","file":"lunarclient-3.7.16-ow-x64.nsis.7z"}},"releaseDate":"2026-08-24T23:38:30.176Z"},"updateInfo":{"version":"3.7.16-ow","files":[{"url":"Lunar Client v3.7.16-ow.exe","sha512":"K25vDcT8UO0xbMd4MX5URU+l33+vEILLkpsRkxPMYVfB+yP5gqHGuNWOOGgUOE0gH2g4j+1Mjo9AFnQDC35tng=="}],"path":"Lunar Client v3.7.16-ow.exe","sha512":"K25vDcT8UO0xbMd4MX5URU+l33+vEILLkpsRkxPMYVfB+yP5gqHGuNWOOGgUOE0gH2g4j+1Mjo9AFnQDC35tng==","packages":{"x64":{"size":112473965,"sha512":"f2R8yaxYfUc7t48Bk04LzCImKB27jTxQcAe6RAFE/2lMaHmhsNJCJ47S0XSDCCvUNJp5imIeKLPifHT4z+jt5g==","blockMapSize":116960,"path":"lunarclient-3.7.16-ow-x64.nsis.7z","file":"lunarclient-3.7.16-ow-x64.nsis.7z"}},"releaseDate":"2026-08-24T23:38:30.176Z"}}
[2026-08-26 16:48:41.614] [info]  [Library] Checking for update
[2026-08-26 16:48:41.615] [info]  [Updater] Checking for updates...
[2026-08-26 16:48:41.617] [info]           * Current Version: 3.7.16.12965
[2026-08-26 16:48:41.620] [info]           * Channel: latest-ow
[2026-08-26 16:48:41.623] [info]           * URL: https://launcherupdates.lunarclientcdn.com
[2026-08-26 16:48:41.625] [info]           * User Initiated: false
[2026-08-26 16:48:41.781] [info]  [Library] Update for version 3.7.16-ow is not available (latest version: 3.7.16-ow, downgrade is allowed).
[2026-08-26 16:48:41.782] [info]  [Updater] No updates available.
[2026-08-26 16:48:41.784] [info]  [Updater] Update check returned a result... skipping: {"isUpdateAvailable":false,"versionInfo":{"version":"3.7.16-ow","files":[{"url":"Lunar Client v3.7.16-ow.exe","sha512":"K25vDcT8UO0xbMd4MX5URU+l33+vEILLkpsRkxPMYVfB+yP5gqHGuNWOOGgUOE0gH2g4j+1Mjo9AFnQDC35tng=="}],"path":"Lunar Client v3.7.16-ow.exe","sha512":"K25vDcT8UO0xbMd4MX5URU+l33+vEILLkpsRkxPMYVfB+yP5gqHGuNWOOGgUOE0gH2g4j+1Mjo9AFnQDC35tng==","packages":{"x64":{"size":112473965,"sha512":"f2R8yaxYfUc7t48Bk04LzCImKB27jTxQcAe6RAFE/2lMaHmhsNJCJ47S0XSDCCvUNJp5imIeKLPifHT4z+jt5g==","blockMapSize":116960,"path":"lunarclient-3.7.16-ow-x64.nsis.7z","file":"lunarclient-3.7.16-ow-x64.nsis.7z"}},"releaseDate":"2026-08-24T23:38:30.176Z"},"updateInfo":{"version":"3.7.16-ow","files":[{"url":"Lunar Client v3.7.16-ow.exe","sha512":"K25vDcT8UO0xbMd4MX5URU+l33+vEILLkpsRkxPMYVfB+yP5gqHGuNWOOGgUOE0gH2g4j+1Mjo9AFnQDC35tng=="}],"path":"Lunar Client v3.7.16-ow.exe","sha512":"K25vDcT8UO0xbMd4MX5URU+l33+vEILLkpsRkxPMYVfB+yP5gqHGuNWOOGgUOE0gH2g4j+1Mjo9AFnQDC35tng==","packages":{"x64":{"size":112473965,"sha512":"f2R8yaxYfUc7t48Bk04LzCImKB27jTxQcAe6RAFE/2lMaHmhsNJCJ47S0XSDCCvUNJp5imIeKLPifHT4z+jt5g==","blockMapSize":116960,"path":"lunarclient-3.7.16-ow-x64.nsis.7z","file":"lunarclient-3.7.16-ow-x64.nsis.7z"}},"releaseDate":"2026-08-24T23:38:30.176Z"}}
[2026-08-26 17:03:41.624] [info]  [Library] Checking for update
[2026-08-26 17:03:41.625] [info]  [Updater] Checking for updates...
[2026-08-26 17:03:41.628] [info]           * Current Version: 3.7.16.12965
[2026-08-26 17:03:41.630] [info]           * Channel: latest-ow
[2026-08-26 17:03:41.633] [info]           * URL: https://launcherupdates.lunarclientcdn.com
[2026-08-26 17:03:41.636] [info]           * User Initiated: false
[2026-08-26 17:03:41.730] [info]  [Library] Update for version 3.7.16-ow is not available (latest version: 3.7.16-ow, downgrade is allowed).
[2026-08-26 17:03:41.731] [info]  [Updater] No updates available.
[2026-08-26 17:03:41.732] [info]  [Updater] Update check returned a result... skipping: {"isUpdateAvailable":false,"versionInfo":{"version":"3.7.16-ow","files":[{"url":"Lunar Client v3.7.16-ow.exe","sha512":"K25vDcT8UO0xbMd4MX5URU+l33+vEILLkpsRkxPMYVfB+yP5gqHGuNWOOGgUOE0gH2g4j+1Mjo9AFnQDC35tng=="}],"path":"Lunar Client v3.7.16-ow.exe","sha512":"K25vDcT8UO0xbMd4MX5URU+l33+vEILLkpsRkxPMYVfB+yP5gqHGuNWOOGgUOE0gH2g4j+1Mjo9AFnQDC35tng==","packages":{"x64":{"size":112473965,"sha512":"f2R8yaxYfUc7t48Bk04LzCImKB27jTxQcAe6RAFE/2lMaHmhsNJCJ47S0XSDCCvUNJp5imIeKLPifHT4z+jt5g==","blockMapSize":116960,"path":"lunarclient-3.7.16-ow-x64.nsis.7z","file":"lunarclient-3.7.16-ow-x64.nsis.7z"}},"releaseDate":"2026-08-24T23:38:30.176Z"},"updateInfo":{"version":"3.7.16-ow","files":[{"url":"Lunar Client v3.7.16-ow.exe","sha512":"K25vDcT8UO0xbMd4MX5URU+l33+vEILLkpsRkxPMYVfB+yP5gqHGuNWOOGgUOE0gH2g4j+1Mjo9AFnQDC35tng=="}],"path":"Lunar Client v3.7.16-ow.exe","sha512":"K25vDcT8UO0xbMd4MX5URU+l33+vEILLkpsRkxPMYVfB+yP5gqHGuNWOOGgUOE0gH2g4j+1Mjo9AFnQDC35tng==","packages":{"x64":{"size":112473965,"sha512":"f2R8yaxYfUc7t48Bk04LzCImKB27jTxQcAe6RAFE/2lMaHmhsNJCJ47S0XSDCCvUNJp5imIeKLPifHT4z+jt5g==","blockMapSize":116960,"path":"lunarclient-3.7.16-ow-x64.nsis.7z","file":"lunarclient-3.7.16-ow-x64.nsis.7z"}},"releaseDate":"2026-08-24T23:38:30.176Z"}}
[2026-08-26 17:18:41.636] [info]  [Library] Checking for update
[2026-08-26 17:18:41.639] [info]  [Updater] Checking for updates...
[2026-08-26 17:18:41.647] [info]           * Current Version: 3.7.16.12965
[2026-08-26 17:18:41.649] [info]           * Channel: latest-ow
[2026-08-26 17:18:41.651] [info]           * URL: https://launcherupdates.lunarclientcdn.com
[2026-08-26 17:18:41.652] [info]           * User Initiated: false
[2026-08-26 17:18:41.760] [info]  [Library] Update for version 3.7.16-ow is not available (latest version: 3.7.16-ow, downgrade is allowed).
[2026-08-26 17:18:41.761] [info]  [Updater] No updates available.
[2026-08-26 17:18:41.762] [info]  [Updater] Update check returned a result... skipping: {"isUpdateAvailable":false,"versionInfo":{"version":"3.7.16-ow","files":[{"url":"Lunar Client v3.7.16-ow.exe","sha512":"K25vDcT8UO0xbMd4MX5URU+l33+vEILLkpsRkxPMYVfB+yP5gqHGuNWOOGgUOE0gH2g4j+1Mjo9AFnQDC35tng=="}],"path":"Lunar Client v3.7.16-ow.exe","sha512":"K25vDcT8UO0xbMd4MX5URU+l33+vEILLkpsRkxPMYVfB+yP5gqHGuNWOOGgUOE0gH2g4j+1Mjo9AFnQDC35tng==","packages":{"x64":{"size":112473965,"sha512":"f2R8yaxYfUc7t48Bk04LzCImKB27jTxQcAe6RAFE/2lMaHmhsNJCJ47S0XSDCCvUNJp5imIeKLPifHT4z+jt5g==","blockMapSize":116960,"path":"lunarclient-3.7.16-ow-x64.nsis.7z","file":"lunarclient-3.7.16-ow-x64.nsis.7z"}},"releaseDate":"2026-08-24T23:38:30.176Z"},"updateInfo":{"version":"3.7.16-ow","files":[{"url":"Lunar Client v3.7.16-ow.exe","sha512":"K25vDcT8UO0xbMd4MX5URU+l33+vEILLkpsRkxPMYVfB+yP5gqHGuNWOOGgUOE0gH2g4j+1Mjo9AFnQDC35tng=="}],"path":"Lunar Client v3.7.16-ow.exe","sha512":"K25vDcT8UO0xbMd4MX5URU+l33+vEILLkpsRkxPMYVfB+yP5gqHGuNWOOGgUOE0gH2g4j+1Mjo9AFnQDC35tng==","packages":{"x64":{"size":112473965,"sha512":"f2R8yaxYfUc7t48Bk04LzCImKB27jTxQcAe6RAFE/2lMaHmhsNJCJ47S0XSDCCvUNJp5imIeKLPifHT4z+jt5g==","blockMapSize":116960,"path":"lunarclient-3.7.16-ow-x64.nsis.7z","file":"lunarclient-3.7.16-ow-x64.nsis.7z"}},"releaseDate":"2026-08-24T23:38:30.176Z"}}
[2026-08-26 17:33:41.644] [info]  [Library] Checking for update
[2026-08-26 17:33:41.645] [info]  [Updater] Checking for updates...
[2026-08-26 17:33:41.647] [info]           * Current Version: 3.7.16.12965
[2026-08-26 17:33:41.648] [info]           * Channel: latest-ow
[2026-08-26 17:33:41.650] [info]           * URL: https://launcherupdates.lunarclientcdn.com
[2026-08-26 17:33:41.651] [info]           * User Initiated: false
[2026-08-26 17:33:41.754] [info]  [Library] Update for version 3.7.16-ow is not available (latest version: 3.7.16-ow, downgrade is allowed).
[2026-08-26 17:33:41.755] [info]  [Updater] No updates available.
[2026-08-26 17:33:41.757] [info]  [Updater] Update check returned a result... skipping: {"isUpdateAvailable":false,"versionInfo":{"version":"3.7.16-ow","files":[{"url":"Lunar Client v3.7.16-ow.exe","sha512":"K25vDcT8UO0xbMd4MX5URU+l33+vEILLkpsRkxPMYVfB+yP5gqHGuNWOOGgUOE0gH2g4j+1Mjo9AFnQDC35tng=="}],"path":"Lunar Client v3.7.16-ow.exe","sha512":"K25vDcT8UO0xbMd4MX5URU+l33+vEILLkpsRkxPMYVfB+yP5gqHGuNWOOGgUOE0gH2g4j+1Mjo9AFnQDC35tng==","packages":{"x64":{"size":112473965,"sha512":"f2R8yaxYfUc7t48Bk04LzCImKB27jTxQcAe6RAFE/2lMaHmhsNJCJ47S0XSDCCvUNJp5imIeKLPifHT4z+jt5g==","blockMapSize":116960,"path":"lunarclient-3.7.16-ow-x64.nsis.7z","file":"lunarclient-3.7.16-ow-x64.nsis.7z"}},"releaseDate":"2026-08-24T23:38:30.176Z"},"updateInfo":{"version":"3.7.16-ow","files":[{"url":"Lunar Client v3.7.16-ow.exe","sha512":"K25vDcT8UO0xbMd4MX5URU+l33+vEILLkpsRkxPMYVfB+yP5gqHGuNWOOGgUOE0gH2g4j+1Mjo9AFnQDC35tng=="}],"path":"Lunar Client v3.7.16-ow.exe","sha512":"K25vDcT8UO0xbMd4MX5URU+l33+vEILLkpsRkxPMYVfB+yP5gqHGuNWOOGgUOE0gH2g4j+1Mjo9AFnQDC35tng==","packages":{"x64":{"size":112473965,"sha512":"f2R8yaxYfUc7t48Bk04LzCImKB27jTxQcAe6RAFE/2lMaHmhsNJCJ47S0XSDCCvUNJp5imIeKLPifHT4z+jt5g==","blockMapSize":116960,"path":"lunarclient-3.7.16-ow-x64.nsis.7z","file":"lunarclient-3.7.16-ow-x64.nsis.7z"}},"releaseDate":"2026-08-24T23:38:30.176Z"}}
[2026-08-26 17:48:41.645] [info]  [Library] Checking for update
[2026-08-26 17:48:41.646] [info]  [Updater] Checking for updates...
[2026-08-26 17:48:41.647] [info]           * Current Version: 3.7.16.12965
[2026-08-26 17:48:41.650] [info]           * Channel: latest-ow
[2026-08-26 17:48:41.652] [info]           * URL: https://launcherupdates.lunarclientcdn.com
[2026-08-26 17:48:41.653] [info]           * User Initiated: false
[2026-08-26 17:48:41.754] [info]  [Library] Update for version 3.7.16-ow is not available (latest version: 3.7.16-ow, downgrade is allowed).
[2026-08-26 17:48:41.755] [info]  [Updater] No updates available.
[2026-08-26 17:48:41.756] [info]  [Updater] Update check returned a result... skipping: {"isUpdateAvailable":false,"versionInfo":{"version":"3.7.16-ow","files":[{"url":"Lunar Client v3.7.16-ow.exe","sha512":"K25vDcT8UO0xbMd4MX5URU+l33+vEILLkpsRkxPMYVfB+yP5gqHGuNWOOGgUOE0gH2g4j+1Mjo9AFnQDC35tng=="}],"path":"Lunar Client v3.7.16-ow.exe","sha512":"K25vDcT8UO0xbMd4MX5URU+l33+vEILLkpsRkxPMYVfB+yP5gqHGuNWOOGgUOE0gH2g4j+1Mjo9AFnQDC35tng==","packages":{"x64":{"size":112473965,"sha512":"f2R8yaxYfUc7t48Bk04LzCImKB27jTxQcAe6RAFE/2lMaHmhsNJCJ47S0XSDCCvUNJp5imIeKLPifHT4z+jt5g==","blockMapSize":116960,"path":"lunarclient-3.7.16-ow-x64.nsis.7z","file":"lunarclient-3.7.16-ow-x64.nsis.7z"}},"releaseDate":"2026-08-24T23:38:30.176Z"},"updateInfo":{"version":"3.7.16-ow","files":[{"url":"Lunar Client v3.7.16-ow.exe","sha512":"K25vDcT8UO0xbMd4MX5URU+l33+vEILLkpsRkxPMYVfB+yP5gqHGuNWOOGgUOE0gH2g4j+1Mjo9AFnQDC35tng=="}],"path":"Lunar Client v3.7.16-ow.exe","sha512":"K25vDcT8UO0xbMd4MX5URU+l33+vEILLkpsRkxPMYVfB+yP5gqHGuNWOOGgUOE0gH2g4j+1Mjo9AFnQDC35tng==","packages":{"x64":{"size":112473965,"sha512":"f2R8yaxYfUc7t48Bk04LzCImKB27jTxQcAe6RAFE/2lMaHmhsNJCJ47S0XSDCCvUNJp5imIeKLPifHT4z+jt5g==","blockMapSize":116960,"path":"lunarclient-3.7.16-ow-x64.nsis.7z","file":"lunarclient-3.7.16-ow-x64.nsis.7z"}},"releaseDate":"2026-08-24T23:38:30.176Z"}}
[2026-08-26 18:03:41.645] [info]  [Library] Checking for update
[2026-08-26 18:03:41.646] [info]  [Updater] Checking for updates...
[2026-08-26 18:03:41.647] [info]           * Current Version: 3.7.16.12965
[2026-08-26 18:03:41.649] [info]           * Channel: latest-ow
[2026-08-26 18:03:41.650] [info]           * URL: https://launcherupdates.lunarclientcdn.com
[2026-08-26 18:03:41.651] [info]           * User Initiated: false
[2026-08-26 18:03:41.746] [info]  [Library] Update for version 3.7.16-ow is not available (latest version: 3.7.16-ow, downgrade is allowed).
[2026-08-26 18:03:41.747] [info]  [Updater] No updates available.
[2026-08-26 18:03:41.748] [info]  [Updater] Update check returned a result... skipping: {"isUpdateAvailable":false,"versionInfo":{"version":"3.7.16-ow","files":[{"url":"Lunar Client v3.7.16-ow.exe","sha512":"K25vDcT8UO0xbMd4MX5URU+l33+vEILLkpsRkxPMYVfB+yP5gqHGuNWOOGgUOE0gH2g4j+1Mjo9AFnQDC35tng=="}],"path":"Lunar Client v3.7.16-ow.exe","sha512":"K25vDcT8UO0xbMd4MX5URU+l33+vEILLkpsRkxPMYVfB+yP5gqHGuNWOOGgUOE0gH2g4j+1Mjo9AFnQDC35tng==","packages":{"x64":{"size":112473965,"sha512":"f2R8yaxYfUc7t48Bk04LzCImKB27jTxQcAe6RAFE/2lMaHmhsNJCJ47S0XSDCCvUNJp5imIeKLPifHT4z+jt5g==","blockMapSize":116960,"path":"lunarclient-3.7.16-ow-x64.nsis.7z","file":"lunarclient-3.7.16-ow-x64.nsis.7z"}},"releaseDate":"2026-08-24T23:38:30.176Z"},"updateInfo":{"version":"3.7.16-ow","files":[{"url":"Lunar Client v3.7.16-ow.exe","sha512":"K25vDcT8UO0xbMd4MX5URU+l33+vEILLkpsRkxPMYVfB+yP5gqHGuNWOOGgUOE0gH2g4j+1Mjo9AFnQDC35tng=="}],"path":"Lunar Client v3.7.16-ow.exe","sha512":"K25vDcT8UO0xbMd4MX5URU+l33+vEILLkpsRkxPMYVfB+yP5gqHGuNWOOGgUOE0gH2g4j+1Mjo9AFnQDC35tng==","packages":{"x64":{"size":112473965,"sha512":"f2R8yaxYfUc7t48Bk04LzCImKB27jTxQcAe6RAFE/2lMaHmhsNJCJ47S0XSDCCvUNJp5imIeKLPifHT4z+jt5g==","blockMapSize":116960,"path":"lunarclient-3.7.16-ow-x64.nsis.7z","file":"lunarclient-3.7.16-ow-x64.nsis.7z"}},"releaseDate":"2026-08-24T23:38:30.176Z"}}
[2026-08-26 18:18:41.662] [info]  [Library] Checking for update
[2026-08-26 18:18:41.663] [info]  [Updater] Checking for updates...
[2026-08-26 18:18:41.665] [info]           * Current Version: 3.7.16.12965
[2026-08-26 18:18:41.667] [info]           * Channel: latest-ow
[2026-08-26 18:18:41.669] [info]           * URL: https://launcherupdates.lunarclientcdn.com
[2026-08-26 18:18:41.670] [info]           * User Initiated: false
[2026-08-26 18:18:41.768] [info]  [Library] Update for version 3.7.16-ow is not available (latest version: 3.7.16-ow, downgrade is allowed).
[2026-08-26 18:18:41.769] [info]  [Updater] No updates available.
[2026-08-26 18:18:41.770] [info]  [Updater] Update check returned a result... skipping: {"isUpdateAvailable":false,"versionInfo":{"version":"3.7.16-ow","files":[{"url":"Lunar Client v3.7.16-ow.exe","sha512":"K25vDcT8UO0xbMd4MX5URU+l33+vEILLkpsRkxPMYVfB+yP5gqHGuNWOOGgUOE0gH2g4j+1Mjo9AFnQDC35tng=="}],"path":"Lunar Client v3.7.16-ow.exe","sha512":"K25vDcT8UO0xbMd4MX5URU+l33+vEILLkpsRkxPMYVfB+yP5gqHGuNWOOGgUOE0gH2g4j+1Mjo9AFnQDC35tng==","packages":{"x64":{"size":112473965,"sha512":"f2R8yaxYfUc7t48Bk04LzCImKB27jTxQcAe6RAFE/2lMaHmhsNJCJ47S0XSDCCvUNJp5imIeKLPifHT4z+jt5g==","blockMapSize":116960,"path":"lunarclient-3.7.16-ow-x64.nsis.7z","file":"lunarclient-3.7.16-ow-x64.nsis.7z"}},"releaseDate":"2026-08-24T23:38:30.176Z"},"updateInfo":{"version":"3.7.16-ow","files":[{"url":"Lunar Client v3.7.16-ow.exe","sha512":"K25vDcT8UO0xbMd4MX5URU+l33+vEILLkpsRkxPMYVfB+yP5gqHGuNWOOGgUOE0gH2g4j+1Mjo9AFnQDC35tng=="}],"path":"Lunar Client v3.7.16-ow.exe","sha512":"K25vDcT8UO0xbMd4MX5URU+l33+vEILLkpsRkxPMYVfB+yP5gqHGuNWOOGgUOE0gH2g4j+1Mjo9AFnQDC35tng==","packages":{"x64":{"size":112473965,"sha512":"f2R8yaxYfUc7t48Bk04LzCImKB27jTxQcAe6RAFE/2lMaHmhsNJCJ47S0XSDCCvUNJp5imIeKLPifHT4z+jt5g==","blockMapSize":116960,"path":"lunarclient-3.7.16-ow-x64.nsis.7z","file":"lunarclient-3.7.16-ow-x64.nsis.7z"}},"releaseDate":"2026-08-24T23:38:30.176Z"}}
[2026-08-26 18:33:41.677] [info]  [Library] Checking for update
[2026-08-26 18:33:41.678] [info]  [Updater] Checking for updates...
[2026-08-26 18:33:41.679] [info]           * Current Version: 3.7.16.12965
[2026-08-26 18:33:41.682] [info]           * Channel: latest-ow
[2026-08-26 18:33:41.683] [info]           * URL: https://launcherupdates.lunarclientcdn.com
[2026-08-26 18:33:41.684] [info]           * User Initiated: false
[2026-08-26 18:33:41.768] [info]  [Library] Update for version 3.7.16-ow is not available (latest version: 3.7.16-ow, downgrade is allowed).
[2026-08-26 18:33:41.768] [info]  [Updater] No updates available.
[2026-08-26 18:33:41.770] [info]  [Updater] Update check returned a result... skipping: {"isUpdateAvailable":false,"versionInfo":{"version":"3.7.16-ow","files":[{"url":"Lunar Client v3.7.16-ow.exe","sha512":"K25vDcT8UO0xbMd4MX5URU+l33+vEILLkpsRkxPMYVfB+yP5gqHGuNWOOGgUOE0gH2g4j+1Mjo9AFnQDC35tng=="}],"path":"Lunar Client v3.7.16-ow.exe","sha512":"K25vDcT8UO0xbMd4MX5URU+l33+vEILLkpsRkxPMYVfB+yP5gqHGuNWOOGgUOE0gH2g4j+1Mjo9AFnQDC35tng==","packages":{"x64":{"size":112473965,"sha512":"f2R8yaxYfUc7t48Bk04LzCImKB27jTxQcAe6RAFE/2lMaHmhsNJCJ47S0XSDCCvUNJp5imIeKLPifHT4z+jt5g==","blockMapSize":116960,"path":"lunarclient-3.7.16-ow-x64.nsis.7z","file":"lunarclient-3.7.16-ow-x64.nsis.7z"}},"releaseDate":"2026-08-24T23:38:30.176Z"},"updateInfo":{"version":"3.7.16-ow","files":[{"url":"Lunar Client v3.7.16-ow.exe","sha512":"K25vDcT8UO0xbMd4MX5URU+l33+vEILLkpsRkxPMYVfB+yP5gqHGuNWOOGgUOE0gH2g4j+1Mjo9AFnQDC35tng=="}],"path":"Lunar Client v3.7.16-ow.exe","sha512":"K25vDcT8UO0xbMd4MX5URU+l33+vEILLkpsRkxPMYVfB+yP5gqHGuNWOOGgUOE0gH2g4j+1Mjo9AFnQDC35tng==","packages":{"x64":{"size":112473965,"sha512":"f2R8yaxYfUc7t48Bk04LzCImKB27jTxQcAe6RAFE/2lMaHmhsNJCJ47S0XSDCCvUNJp5imIeKLPifHT4z+jt5g==","blockMapSize":116960,"path":"lunarclient-3.7.16-ow-x64.nsis.7z","file":"lunarclient-3.7.16-ow-x64.nsis.7z"}},"releaseDate":"2026-08-24T23:38:30.176Z"}}
[2026-08-26 18:48:41.684] [info]  [Library] Checking for update
[2026-08-26 18:48:41.686] [info]  [Updater] Checking for updates...
[2026-08-26 18:48:41.687] [info]           * Current Version: 3.7.16.12965
[2026-08-26 18:48:41.691] [info]           * Channel: latest-ow
[2026-08-26 18:48:41.692] [info]           * URL: https://launcherupdates.lunarclientcdn.com
[2026-08-26 18:48:41.694] [info]           * User Initiated: false
[2026-08-26 18:48:41.782] [info]  [Library] Update for version 3.7.16-ow is not available (latest version: 3.7.16-ow, downgrade is allowed).
[2026-08-26 18:48:41.783] [info]  [Updater] No updates available.
[2026-08-26 18:48:41.784] [info]  [Updater] Update check returned a result... skipping: {"isUpdateAvailable":false,"versionInfo":{"version":"3.7.16-ow","files":[{"url":"Lunar Client v3.7.16-ow.exe","sha512":"K25vDcT8UO0xbMd4MX5URU+l33+vEILLkpsRkxPMYVfB+yP5gqHGuNWOOGgUOE0gH2g4j+1Mjo9AFnQDC35tng=="}],"path":"Lunar Client v3.7.16-ow.exe","sha512":"K25vDcT8UO0xbMd4MX5URU+l33+vEILLkpsRkxPMYVfB+yP5gqHGuNWOOGgUOE0gH2g4j+1Mjo9AFnQDC35tng==","packages":{"x64":{"size":112473965,"sha512":"f2R8yaxYfUc7t48Bk04LzCImKB27jTxQcAe6RAFE/2lMaHmhsNJCJ47S0XSDCCvUNJp5imIeKLPifHT4z+jt5g==","blockMapSize":116960,"path":"lunarclient-3.7.16-ow-x64.nsis.7z","file":"lunarclient-3.7.16-ow-x64.nsis.7z"}},"releaseDate":"2026-08-24T23:38:30.176Z"},"updateInfo":{"version":"3.7.16-ow","files":[{"url":"Lunar Client v3.7.16-ow.exe","sha512":"K25vDcT8UO0xbMd4MX5URU+l33+vEILLkpsRkxPMYVfB+yP5gqHGuNWOOGgUOE0gH2g4j+1Mjo9AFnQDC35tng=="}],"path":"Lunar Client v3.7.16-ow.exe","sha512":"K25vDcT8UO0xbMd4MX5URU+l33+vEILLkpsRkxPMYVfB+yP5gqHGuNWOOGgUOE0gH2g4j+1Mjo9AFnQDC35tng==","packages":{"x64":{"size":112473965,"sha512":"f2R8yaxYfUc7t48Bk04LzCImKB27jTxQcAe6RAFE/2lMaHmhsNJCJ47S0XSDCCvUNJp5imIeKLPifHT4z+jt5g==","blockMapSize":116960,"path":"lunarclient-3.7.16-ow-x64.nsis.7z","file":"lunarclient-3.7.16-ow-x64.nsis.7z"}},"releaseDate":"2026-08-24T23:38:30.176Z"}}
[2026-08-26 19:03:41.693] [info]  [Library] Checking for update
[2026-08-26 19:03:41.694] [info]  [Updater] Checking for updates...
[2026-08-26 19:03:41.696] [info]           * Current Version: 3.7.16.12965
[2026-08-26 19:03:41.698] [info]           * Channel: latest-ow
[2026-08-26 19:03:41.699] [info]           * URL: https://launcherupdates.lunarclientcdn.com
[2026-08-26 19:03:41.700] [info]           * User Initiated: false
[2026-08-26 19:03:41.795] [info]  [Library] Update for version 3.7.16-ow is not available (latest version: 3.7.16-ow, downgrade is allowed).
[2026-08-26 19:03:41.796] [info]  [Updater] No updates available.
[2026-08-26 19:03:41.800] [info]  [Updater] Update check returned a result... skipping: {"isUpdateAvailable":false,"versionInfo":{"version":"3.7.16-ow","files":[{"url":"Lunar Client v3.7.16-ow.exe","sha512":"K25vDcT8UO0xbMd4MX5URU+l33+vEILLkpsRkxPMYVfB+yP5gqHGuNWOOGgUOE0gH2g4j+1Mjo9AFnQDC35tng=="}],"path":"Lunar Client v3.7.16-ow.exe","sha512":"K25vDcT8UO0xbMd4MX5URU+l33+vEILLkpsRkxPMYVfB+yP5gqHGuNWOOGgUOE0gH2g4j+1Mjo9AFnQDC35tng==","packages":{"x64":{"size":112473965,"sha512":"f2R8yaxYfUc7t48Bk04LzCImKB27jTxQcAe6RAFE/2lMaHmhsNJCJ47S0XSDCCvUNJp5imIeKLPifHT4z+jt5g==","blockMapSize":116960,"path":"lunarclient-3.7.16-ow-x64.nsis.7z","file":"lunarclient-3.7.16-ow-x64.nsis.7z"}},"releaseDate":"2026-08-24T23:38:30.176Z"},"updateInfo":{"version":"3.7.16-ow","files":[{"url":"Lunar Client v3.7.16-ow.exe","sha512":"K25vDcT8UO0xbMd4MX5URU+l33+vEILLkpsRkxPMYVfB+yP5gqHGuNWOOGgUOE0gH2g4j+1Mjo9AFnQDC35tng=="}],"path":"Lunar Client v3.7.16-ow.exe","sha512":"K25vDcT8UO0xbMd4MX5URU+l33+vEILLkpsRkxPMYVfB+yP5gqHGuNWOOGgUOE0gH2g4j+1Mjo9AFnQDC35tng==","packages":{"x64":{"size":112473965,"sha512":"f2R8yaxYfUc7t48Bk04LzCImKB27jTxQcAe6RAFE/2lMaHmhsNJCJ47S0XSDCCvUNJp5imIeKLPifHT4z+jt5g==","blockMapSize":116960,"path":"lunarclient-3.7.16-ow-x64.nsis.7z","file":"lunarclient-3.7.16-ow-x64.nsis.7z"}},"releaseDate":"2026-08-24T23:38:30.176Z"}}
[2026-08-26 19:18:41.699] [info]  [Library] Checking for update
[2026-08-26 19:18:41.700] [info]  [Updater] Checking for updates...
[2026-08-26 19:18:41.701] [info]           * Current Version: 3.7.16.12965
[2026-08-26 19:18:41.703] [info]           * Channel: latest-ow
[2026-08-26 19:18:41.704] [info]           * URL: https://launcherupdates.lunarclientcdn.com
[2026-08-26 19:18:41.705] [info]           * User Initiated: false
[2026-08-26 19:18:41.796] [info]  [Library] Update for version 3.7.16-ow is not available (latest version: 3.7.16-ow, downgrade is allowed).
[2026-08-26 19:18:41.797] [info]  [Updater] No updates available.
[2026-08-26 19:18:41.798] [info]  [Updater] Update check returned a result... skipping: {"isUpdateAvailable":false,"versionInfo":{"version":"3.7.16-ow","files":[{"url":"Lunar Client v3.7.16-ow.exe","sha512":"K25vDcT8UO0xbMd4MX5URU+l33+vEILLkpsRkxPMYVfB+yP5gqHGuNWOOGgUOE0gH2g4j+1Mjo9AFnQDC35tng=="}],"path":"Lunar Client v3.7.16-ow.exe","sha512":"K25vDcT8UO0xbMd4MX5URU+l33+vEILLkpsRkxPMYVfB+yP5gqHGuNWOOGgUOE0gH2g4j+1Mjo9AFnQDC35tng==","packages":{"x64":{"size":112473965,"sha512":"f2R8yaxYfUc7t48Bk04LzCImKB27jTxQcAe6RAFE/2lMaHmhsNJCJ47S0XSDCCvUNJp5imIeKLPifHT4z+jt5g==","blockMapSize":116960,"path":"lunarclient-3.7.16-ow-x64.nsis.7z","file":"lunarclient-3.7.16-ow-x64.nsis.7z"}},"releaseDate":"2026-08-24T23:38:30.176Z"},"updateInfo":{"version":"3.7.16-ow","files":[{"url":"Lunar Client v3.7.16-ow.exe","sha512":"K25vDcT8UO0xbMd4MX5URU+l33+vEILLkpsRkxPMYVfB+yP5gqHGuNWOOGgUOE0gH2g4j+1Mjo9AFnQDC35tng=="}],"path":"Lunar Client v3.7.16-ow.exe","sha512":"K25vDcT8UO0xbMd4MX5URU+l33+vEILLkpsRkxPMYVfB+yP5gqHGuNWOOGgUOE0gH2g4j+1Mjo9AFnQDC35tng==","packages":{"x64":{"size":112473965,"sha512":"f2R8yaxYfUc7t48Bk04LzCImKB27jTxQcAe6RAFE/2lMaHmhsNJCJ47S0XSDCCvUNJp5imIeKLPifHT4z+jt5g==","blockMapSize":116960,"path":"lunarclient-3.7.16-ow-x64.nsis.7z","file":"lunarclient-3.7.16-ow-x64.nsis.7z"}},"releaseDate":"2026-08-24T23:38:30.176Z"}}
[2026-08-26 19:33:41.709] [info]  [Library] Checking for update
[2026-08-26 19:33:41.710] [info]  [Updater] Checking for updates...
[2026-08-26 19:33:41.712] [info]           * Current Version: 3.7.16.12965
[2026-08-26 19:33:41.713] [info]           * Channel: latest-ow
[2026-08-26 19:33:41.715] [info]           * URL: https://launcherupdates.lunarclientcdn.com
[2026-08-26 19:33:41.716] [info]           * User Initiated: false
[2026-08-26 19:33:41.811] [info]  [Library] Update for version 3.7.16-ow is not available (latest version: 3.7.16-ow, downgrade is allowed).
[2026-08-26 19:33:41.812] [info]  [Updater] No updates available.
[2026-08-26 19:33:41.813] [info]  [Updater] Update check returned a result... skipping: {"isUpdateAvailable":false,"versionInfo":{"version":"3.7.16-ow","files":[{"url":"Lunar Client v3.7.16-ow.exe","sha512":"K25vDcT8UO0xbMd4MX5URU+l33+vEILLkpsRkxPMYVfB+yP5gqHGuNWOOGgUOE0gH2g4j+1Mjo9AFnQDC35tng=="}],"path":"Lunar Client v3.7.16-ow.exe","sha512":"K25vDcT8UO0xbMd4MX5URU+l33+vEILLkpsRkxPMYVfB+yP5gqHGuNWOOGgUOE0gH2g4j+1Mjo9AFnQDC35tng==","packages":{"x64":{"size":112473965,"sha512":"f2R8yaxYfUc7t48Bk04LzCImKB27jTxQcAe6RAFE/2lMaHmhsNJCJ47S0XSDCCvUNJp5imIeKLPifHT4z+jt5g==","blockMapSize":116960,"path":"lunarclient-3.7.16-ow-x64.nsis.7z","file":"lunarclient-3.7.16-ow-x64.nsis.7z"}},"releaseDate":"2026-08-24T23:38:30.176Z"},"updateInfo":{"version":"3.7.16-ow","files":[{"url":"Lunar Client v3.7.16-ow.exe","sha512":"K25vDcT8UO0xbMd4MX5URU+l33+vEILLkpsRkxPMYVfB+yP5gqHGuNWOOGgUOE0gH2g4j+1Mjo9AFnQDC35tng=="}],"path":"Lunar Client v3.7.16-ow.exe","sha512":"K25vDcT8UO0xbMd4MX5URU+l33+vEILLkpsRkxPMYVfB+yP5gqHGuNWOOGgUOE0gH2g4j+1Mjo9AFnQDC35tng==","packages":{"x64":{"size":112473965,"sha512":"f2R8yaxYfUc7t48Bk04LzCImKB27jTxQcAe6RAFE/2lMaHmhsNJCJ47S0XSDCCvUNJp5imIeKLPifHT4z+jt5g==","blockMapSize":116960,"path":"lunarclient-3.7.16-ow-x64.nsis.7z","file":"lunarclient-3.7.16-ow-x64.nsis.7z"}},"releaseDate":"2026-08-24T23:38:30.176Z"}}
[2026-08-26 19:48:41.716] [info]  [Library] Checking for update
[2026-08-26 19:48:41.717] [info]  [Updater] Checking for updates...
[2026-08-26 19:48:41.719] [info]           * Current Version: 3.7.16.12965
[2026-08-26 19:48:41.722] [info]           * Channel: latest-ow
[2026-08-26 19:48:41.725] [info]           * URL: https://launcherupdates.lunarclientcdn.com
[2026-08-26 19:48:41.729] [info]           * User Initiated: false
[2026-08-26 19:48:41.829] [info]  [Library] Update for version 3.7.16-ow is not available (latest version: 3.7.16-ow, downgrade is allowed).
[2026-08-26 19:48:41.830] [info]  [Updater] No updates available.
[2026-08-26 19:48:41.832] [info]  [Updater] Update check returned a result... skipping: {"isUpdateAvailable":false,"versionInfo":{"version":"3.7.16-ow","files":[{"url":"Lunar Client v3.7.16-ow.exe","sha512":"K25vDcT8UO0xbMd4MX5URU+l33+vEILLkpsRkxPMYVfB+yP5gqHGuNWOOGgUOE0gH2g4j+1Mjo9AFnQDC35tng=="}],"path":"Lunar Client v3.7.16-ow.exe","sha512":"K25vDcT8UO0xbMd4MX5URU+l33+vEILLkpsRkxPMYVfB+yP5gqHGuNWOOGgUOE0gH2g4j+1Mjo9AFnQDC35tng==","packages":{"x64":{"size":112473965,"sha512":"f2R8yaxYfUc7t48Bk04LzCImKB27jTxQcAe6RAFE/2lMaHmhsNJCJ47S0XSDCCvUNJp5imIeKLPifHT4z+jt5g==","blockMapSize":116960,"path":"lunarclient-3.7.16-ow-x64.nsis.7z","file":"lunarclient-3.7.16-ow-x64.nsis.7z"}},"releaseDate":"2026-08-24T23:38:30.176Z"},"updateInfo":{"version":"3.7.16-ow","files":[{"url":"Lunar Client v3.7.16-ow.exe","sha512":"K25vDcT8UO0xbMd4MX5URU+l33+vEILLkpsRkxPMYVfB+yP5gqHGuNWOOGgUOE0gH2g4j+1Mjo9AFnQDC35tng=="}],"path":"Lunar Client v3.7.16-ow.exe","sha512":"K25vDcT8UO0xbMd4MX5URU+l33+vEILLkpsRkxPMYVfB+yP5gqHGuNWOOGgUOE0gH2g4j+1Mjo9AFnQDC35tng==","packages":{"x64":{"size":112473965,"sha512":"f2R8yaxYfUc7t48Bk04LzCImKB27jTxQcAe6RAFE/2lMaHmhsNJCJ47S0XSDCCvUNJp5imIeKLPifHT4z+jt5g==","blockMapSize":116960,"path":"lunarclient-3.7.16-ow-x64.nsis.7z","file":"lunarclient-3.7.16-ow-x64.nsis.7z"}},"releaseDate":"2026-08-24T23:38:30.176Z"}}
[2026-08-26 20:03:41.755] [info]  [Library] Checking for update
[2026-08-26 20:03:41.764] [info]  [Updater] Checking for updates...
[2026-08-26 20:03:41.768] [info]           * Current Version: 3.7.16.12965
[2026-08-26 20:03:41.772] [info]           * Channel: latest-ow
[2026-08-26 20:03:41.774] [info]           * URL: https://launcherupdates.lunarclientcdn.com
[2026-08-26 20:03:41.777] [info]           * User Initiated: false
[2026-08-26 20:03:41.914] [info]  [Library] Update for version 3.7.16-ow is not available (latest version: 3.7.16-ow, downgrade is allowed).
[2026-08-26 20:03:41.915] [info]  [Updater] No updates available.
[2026-08-26 20:03:41.916] [info]  [Updater] Update check returned a result... skipping: {"isUpdateAvailable":false,"versionInfo":{"version":"3.7.16-ow","files":[{"url":"Lunar Client v3.7.16-ow.exe","sha512":"K25vDcT8UO0xbMd4MX5URU+l33+vEILLkpsRkxPMYVfB+yP5gqHGuNWOOGgUOE0gH2g4j+1Mjo9AFnQDC35tng=="}],"path":"Lunar Client v3.7.16-ow.exe","sha512":"K25vDcT8UO0xbMd4MX5URU+l33+vEILLkpsRkxPMYVfB+yP5gqHGuNWOOGgUOE0gH2g4j+1Mjo9AFnQDC35tng==","packages":{"x64":{"size":112473965,"sha512":"f2R8yaxYfUc7t48Bk04LzCImKB27jTxQcAe6RAFE/2lMaHmhsNJCJ47S0XSDCCvUNJp5imIeKLPifHT4z+jt5g==","blockMapSize":116960,"path":"lunarclient-3.7.16-ow-x64.nsis.7z","file":"lunarclient-3.7.16-ow-x64.nsis.7z"}},"releaseDate":"2026-08-24T23:38:30.176Z"},"updateInfo":{"version":"3.7.16-ow","files":[{"url":"Lunar Client v3.7.16-ow.exe","sha512":"K25vDcT8UO0xbMd4MX5URU+l33+vEILLkpsRkxPMYVfB+yP5gqHGuNWOOGgUOE0gH2g4j+1Mjo9AFnQDC35tng=="}],"path":"Lunar Client v3.7.16-ow.exe","sha512":"K25vDcT8UO0xbMd4MX5URU+l33+vEILLkpsRkxPMYVfB+yP5gqHGuNWOOGgUOE0gH2g4j+1Mjo9AFnQDC35tng==","packages":{"x64":{"size":112473965,"sha512":"f2R8yaxYfUc7t48Bk04LzCImKB27jTxQcAe6RAFE/2lMaHmhsNJCJ47S0XSDCCvUNJp5imIeKLPifHT4z+jt5g==","blockMapSize":116960,"path":"lunarclient-3.7.16-ow-x64.nsis.7z","file":"lunarclient-3.7.16-ow-x64.nsis.7z"}},"releaseDate":"2026-08-24T23:38:30.176Z"}}
[2026-08-26 20:18:41.735] [info]  [Library] Checking for update
[2026-08-26 20:18:41.738] [info]  [Updater] Checking for updates...
[2026-08-26 20:18:41.741] [info]           * Current Version: 3.7.16.12965
[2026-08-26 20:18:41.745] [info]           * Channel: latest-ow
[2026-08-26 20:18:41.749] [info]           * URL: https://launcherupdates.lunarclientcdn.com
[2026-08-26 20:18:41.751] [info]           * User Initiated: false
[2026-08-26 20:18:41.850] [info]  [Library] Update for version 3.7.16-ow is not available (latest version: 3.7.16-ow, downgrade is allowed).
[2026-08-26 20:18:41.851] [info]  [Updater] No updates available.
[2026-08-26 20:18:41.854] [info]  [Updater] Update check returned a result... skipping: {"isUpdateAvailable":false,"versionInfo":{"version":"3.7.16-ow","files":[{"url":"Lunar Client v3.7.16-ow.exe","sha512":"K25vDcT8UO0xbMd4MX5URU+l33+vEILLkpsRkxPMYVfB+yP5gqHGuNWOOGgUOE0gH2g4j+1Mjo9AFnQDC35tng=="}],"path":"Lunar Client v3.7.16-ow.exe","sha512":"K25vDcT8UO0xbMd4MX5URU+l33+vEILLkpsRkxPMYVfB+yP5gqHGuNWOOGgUOE0gH2g4j+1Mjo9AFnQDC35tng==","packages":{"x64":{"size":112473965,"sha512":"f2R8yaxYfUc7t48Bk04LzCImKB27jTxQcAe6RAFE/2lMaHmhsNJCJ47S0XSDCCvUNJp5imIeKLPifHT4z+jt5g==","blockMapSize":116960,"path":"lunarclient-3.7.16-ow-x64.nsis.7z","file":"lunarclient-3.7.16-ow-x64.nsis.7z"}},"releaseDate":"2026-08-24T23:38:30.176Z"},"updateInfo":{"version":"3.7.16-ow","files":[{"url":"Lunar Client v3.7.16-ow.exe","sha512":"K25vDcT8UO0xbMd4MX5URU+l33+vEILLkpsRkxPMYVfB+yP5gqHGuNWOOGgUOE0gH2g4j+1Mjo9AFnQDC35tng=="}],"path":"Lunar Client v3.7.16-ow.exe","sha512":"K25vDcT8UO0xbMd4MX5URU+l33+vEILLkpsRkxPMYVfB+yP5gqHGuNWOOGgUOE0gH2g4j+1Mjo9AFnQDC35tng==","packages":{"x64":{"size":112473965,"sha512":"f2R8yaxYfUc7t48Bk04LzCImKB27jTxQcAe6RAFE/2lMaHmhsNJCJ47S0XSDCCvUNJp5imIeKLPifHT4z+jt5g==","blockMapSize":116960,"path":"lunarclient-3.7.16-ow-x64.nsis.7z","file":"lunarclient-3.7.16-ow-x64.nsis.7z"}},"releaseDate":"2026-08-24T23:38:30.176Z"}}
[2026-08-26 20:33:41.816] [info]  [Library] Checking for update
[2026-08-26 20:33:41.837] [info]  [Updater] Checking for updates...
[2026-08-26 20:33:41.843] [info]           * Current Version: 3.7.16.12965
[2026-08-26 20:33:41.847] [info]           * Channel: latest-ow
[2026-08-26 20:33:41.849] [info]           * URL: https://launcherupdates.lunarclientcdn.com
[2026-08-26 20:33:41.853] [info]           * User Initiated: false
[2026-08-26 20:33:42.243] [info]  [Library] Update for version 3.7.16-ow is not available (latest version: 3.7.16-ow, downgrade is allowed).
[2026-08-26 20:33:42.244] [info]  [Updater] No updates available.
[2026-08-26 20:33:42.247] [info]  [Updater] Update check returned a result... skipping: {"isUpdateAvailable":false,"versionInfo":{"version":"3.7.16-ow","files":[{"url":"Lunar Client v3.7.16-ow.exe","sha512":"K25vDcT8UO0xbMd4MX5URU+l33+vEILLkpsRkxPMYVfB+yP5gqHGuNWOOGgUOE0gH2g4j+1Mjo9AFnQDC35tng=="}],"path":"Lunar Client v3.7.16-ow.exe","sha512":"K25vDcT8UO0xbMd4MX5URU+l33+vEILLkpsRkxPMYVfB+yP5gqHGuNWOOGgUOE0gH2g4j+1Mjo9AFnQDC35tng==","packages":{"x64":{"size":112473965,"sha512":"f2R8yaxYfUc7t48Bk04LzCImKB27jTxQcAe6RAFE/2lMaHmhsNJCJ47S0XSDCCvUNJp5imIeKLPifHT4z+jt5g==","blockMapSize":116960,"path":"lunarclient-3.7.16-ow-x64.nsis.7z","file":"lunarclient-3.7.16-ow-x64.nsis.7z"}},"releaseDate":"2026-08-24T23:38:30.176Z"},"updateInfo":{"version":"3.7.16-ow","files":[{"url":"Lunar Client v3.7.16-ow.exe","sha512":"K25vDcT8UO0xbMd4MX5URU+l33+vEILLkpsRkxPMYVfB+yP5gqHGuNWOOGgUOE0gH2g4j+1Mjo9AFnQDC35tng=="}],"path":"Lunar Client v3.7.16-ow.exe","sha512":"K25vDcT8UO0xbMd4MX5URU+l33+vEILLkpsRkxPMYVfB+yP5gqHGuNWOOGgUOE0gH2g4j+1Mjo9AFnQDC35tng==","packages":{"x64":{"size":112473965,"sha512":"f2R8yaxYfUc7t48Bk04LzCImKB27jTxQcAe6RAFE/2lMaHmhsNJCJ47S0XSDCCvUNJp5imIeKLPifHT4z+jt5g==","blockMapSize":116960,"path":"lunarclient-3.7.16-ow-x64.nsis.7z","file":"lunarclient-3.7.16-ow-x64.nsis.7z"}},"releaseDate":"2026-08-24T23:38:30.176Z"}}
[2026-08-26 20:48:41.783] [info]  [Library] Checking for update
[2026-08-26 20:48:41.801] [info]  [Updater] Checking for updates...
[2026-08-26 20:48:41.805] [info]           * Current Version: 3.7.16.12965
[2026-08-26 20:48:41.807] [info]           * Channel: latest-ow
[2026-08-26 20:48:41.811] [info]           * URL: https://launcherupdates.lunarclientcdn.com
[2026-08-26 20:48:41.814] [info]           * User Initiated: false
[2026-08-26 20:48:42.160] [info]  [Library] Update for version 3.7.16-ow is not available (latest version: 3.7.16-ow, downgrade is allowed).
[2026-08-26 20:48:42.161] [info]  [Updater] No updates available.
[2026-08-26 20:48:42.164] [info]  [Updater] Update check returned a result... skipping: {"isUpdateAvailable":false,"versionInfo":{"version":"3.7.16-ow","files":[{"url":"Lunar Client v3.7.16-ow.exe","sha512":"K25vDcT8UO0xbMd4MX5URU+l33+vEILLkpsRkxPMYVfB+yP5gqHGuNWOOGgUOE0gH2g4j+1Mjo9AFnQDC35tng=="}],"path":"Lunar Client v3.7.16-ow.exe","sha512":"K25vDcT8UO0xbMd4MX5URU+l33+vEILLkpsRkxPMYVfB+yP5gqHGuNWOOGgUOE0gH2g4j+1Mjo9AFnQDC35tng==","packages":{"x64":{"size":112473965,"sha512":"f2R8yaxYfUc7t48Bk04LzCImKB27jTxQcAe6RAFE/2lMaHmhsNJCJ47S0XSDCCvUNJp5imIeKLPifHT4z+jt5g==","blockMapSize":116960,"path":"lunarclient-3.7.16-ow-x64.nsis.7z","file":"lunarclient-3.7.16-ow-x64.nsis.7z"}},"releaseDate":"2026-08-24T23:38:30.176Z"},"updateInfo":{"version":"3.7.16-ow","files":[{"url":"Lunar Client v3.7.16-ow.exe","sha512":"K25vDcT8UO0xbMd4MX5URU+l33+vEILLkpsRkxPMYVfB+yP5gqHGuNWOOGgUOE0gH2g4j+1Mjo9AFnQDC35tng=="}],"path":"Lunar Client v3.7.16-ow.exe","sha512":"K25vDcT8UO0xbMd4MX5URU+l33+vEILLkpsRkxPMYVfB+yP5gqHGuNWOOGgUOE0gH2g4j+1Mjo9AFnQDC35tng==","packages":{"x64":{"size":112473965,"sha512":"f2R8yaxYfUc7t48Bk04LzCImKB27jTxQcAe6RAFE/2lMaHmhsNJCJ47S0XSDCCvUNJp5imIeKLPifHT4z+jt5g==","blockMapSize":116960,"path":"lunarclient-3.7.16-ow-x64.nsis.7z","file":"lunarclient-3.7.16-ow-x64.nsis.7z"}},"releaseDate":"2026-08-24T23:38:30.176Z"}}
[2026-08-26 21:03:41.873] [info]  [Library] Checking for update
[2026-08-26 21:03:41.890] [info]  [Updater] Checking for updates...
[2026-08-26 21:03:41.894] [info]           * Current Version: 3.7.16.12965
[2026-08-26 21:03:41.897] [info]           * Channel: latest-ow
[2026-08-26 21:03:41.900] [info]           * URL: https://launcherupdates.lunarclientcdn.com
[2026-08-26 21:03:41.902] [info]           * User Initiated: false
[2026-08-26 21:03:42.118] [info]  [Library] Update for version 3.7.16-ow is not available (latest version: 3.7.16-ow, downgrade is allowed).
[2026-08-26 21:03:42.120] [info]  [Updater] No updates available.
[2026-08-26 21:03:42.123] [info]  [Updater] Update check returned a result... skipping: {"isUpdateAvailable":false,"versionInfo":{"version":"3.7.16-ow","files":[{"url":"Lunar Client v3.7.16-ow.exe","sha512":"K25vDcT8UO0xbMd4MX5URU+l33+vEILLkpsRkxPMYVfB+yP5gqHGuNWOOGgUOE0gH2g4j+1Mjo9AFnQDC35tng=="}],"path":"Lunar Client v3.7.16-ow.exe","sha512":"K25vDcT8UO0xbMd4MX5URU+l33+vEILLkpsRkxPMYVfB+yP5gqHGuNWOOGgUOE0gH2g4j+1Mjo9AFnQDC35tng==","packages":{"x64":{"size":112473965,"sha512":"f2R8yaxYfUc7t48Bk04LzCImKB27jTxQcAe6RAFE/2lMaHmhsNJCJ47S0XSDCCvUNJp5imIeKLPifHT4z+jt5g==","blockMapSize":116960,"path":"lunarclient-3.7.16-ow-x64.nsis.7z","file":"lunarclient-3.7.16-ow-x64.nsis.7z"}},"releaseDate":"2026-08-24T23:38:30.176Z"},"updateInfo":{"version":"3.7.16-ow","files":[{"url":"Lunar Client v3.7.16-ow.exe","sha512":"K25vDcT8UO0xbMd4MX5URU+l33+vEILLkpsRkxPMYVfB+yP5gqHGuNWOOGgUOE0gH2g4j+1Mjo9AFnQDC35tng=="}],"path":"Lunar Client v3.7.16-ow.exe","sha512":"K25vDcT8UO0xbMd4MX5URU+l33+vEILLkpsRkxPMYVfB+yP5gqHGuNWOOGgUOE0gH2g4j+1Mjo9AFnQDC35tng==","packages":{"x64":{"size":112473965,"sha512":"f2R8yaxYfUc7t48Bk04LzCImKB27jTxQcAe6RAFE/2lMaHmhsNJCJ47S0XSDCCvUNJp5imIeKLPifHT4z+jt5g==","blockMapSize":116960,"path":"lunarclient-3.7.16-ow-x64.nsis.7z","file":"lunarclient-3.7.16-ow-x64.nsis.7z"}},"releaseDate":"2026-08-24T23:38:30.176Z"}}
[2026-08-26 21:18:41.755] [info]  [Library] Checking for update
[2026-08-26 21:18:41.757] [info]  [Updater] Checking for updates...
[2026-08-26 21:18:41.761] [info]           * Current Version: 3.7.16.12965
[2026-08-26 21:18:41.765] [info]           * Channel: latest-ow
[2026-08-26 21:18:41.776] [info]           * URL: https://launcherupdates.lunarclientcdn.com
[2026-08-26 21:18:41.783] [info]           * User Initiated: false
[2026-08-26 21:18:41.916] [info]  [Library] Update for version 3.7.16-ow is not available (latest version: 3.7.16-ow, downgrade is allowed).
[2026-08-26 21:18:41.917] [info]  [Updater] No updates available.
[2026-08-26 21:18:41.920] [info]  [Updater] Update check returned a result... skipping: {"isUpdateAvailable":false,"versionInfo":{"version":"3.7.16-ow","files":[{"url":"Lunar Client v3.7.16-ow.exe","sha512":"K25vDcT8UO0xbMd4MX5URU+l33+vEILLkpsRkxPMYVfB+yP5gqHGuNWOOGgUOE0gH2g4j+1Mjo9AFnQDC35tng=="}],"path":"Lunar Client v3.7.16-ow.exe","sha512":"K25vDcT8UO0xbMd4MX5URU+l33+vEILLkpsRkxPMYVfB+yP5gqHGuNWOOGgUOE0gH2g4j+1Mjo9AFnQDC35tng==","packages":{"x64":{"size":112473965,"sha512":"f2R8yaxYfUc7t48Bk04LzCImKB27jTxQcAe6RAFE/2lMaHmhsNJCJ47S0XSDCCvUNJp5imIeKLPifHT4z+jt5g==","blockMapSize":116960,"path":"lunarclient-3.7.16-ow-x64.nsis.7z","file":"lunarclient-3.7.16-ow-x64.nsis.7z"}},"releaseDate":"2026-08-24T23:38:30.176Z"},"updateInfo":{"version":"3.7.16-ow","files":[{"url":"Lunar Client v3.7.16-ow.exe","sha512":"K25vDcT8UO0xbMd4MX5URU+l33+vEILLkpsRkxPMYVfB+yP5gqHGuNWOOGgUOE0gH2g4j+1Mjo9AFnQDC35tng=="}],"path":"Lunar Client v3.7.16-ow.exe","sha512":"K25vDcT8UO0xbMd4MX5URU+l33+vEILLkpsRkxPMYVfB+yP5gqHGuNWOOGgUOE0gH2g4j+1Mjo9AFnQDC35tng==","packages":{"x64":{"size":112473965,"sha512":"f2R8yaxYfUc7t48Bk04LzCImKB27jTxQcAe6RAFE/2lMaHmhsNJCJ47S0XSDCCvUNJp5imIeKLPifHT4z+jt5g==","blockMapSize":116960,"path":"lunarclient-3.7.16-ow-x64.nsis.7z","file":"lunarclient-3.7.16-ow-x64.nsis.7z"}},"releaseDate":"2026-08-24T23:38:30.176Z"}}
[2026-08-26 21:33:41.768] [info]  [Library] Checking for update
[2026-08-26 21:33:41.772] [info]  [Updater] Checking for updates...
[2026-08-26 21:33:41.775] [info]           * Current Version: 3.7.16.12965
[2026-08-26 21:33:41.778] [info]           * Channel: latest-ow
[2026-08-26 21:33:41.780] [info]           * URL: https://launcherupdates.lunarclientcdn.com
[2026-08-26 21:33:41.783] [info]           * User Initiated: false
[2026-08-26 21:33:41.892] [info]  [Library] Update for version 3.7.16-ow is not available (latest version: 3.7.16-ow, downgrade is allowed).
[2026-08-26 21:33:41.893] [info]  [Updater] No updates available.
[2026-08-26 21:33:41.896] [info]  [Updater] Update check returned a result... skipping: {"isUpdateAvailable":false,"versionInfo":{"version":"3.7.16-ow","files":[{"url":"Lunar Client v3.7.16-ow.exe","sha512":"K25vDcT8UO0xbMd4MX5URU+l33+vEILLkpsRkxPMYVfB+yP5gqHGuNWOOGgUOE0gH2g4j+1Mjo9AFnQDC35tng=="}],"path":"Lunar Client v3.7.16-ow.exe","sha512":"K25vDcT8UO0xbMd4MX5URU+l33+vEILLkpsRkxPMYVfB+yP5gqHGuNWOOGgUOE0gH2g4j+1Mjo9AFnQDC35tng==","packages":{"x64":{"size":112473965,"sha512":"f2R8yaxYfUc7t48Bk04LzCImKB27jTxQcAe6RAFE/2lMaHmhsNJCJ47S0XSDCCvUNJp5imIeKLPifHT4z+jt5g==","blockMapSize":116960,"path":"lunarclient-3.7.16-ow-x64.nsis.7z","file":"lunarclient-3.7.16-ow-x64.nsis.7z"}},"releaseDate":"2026-08-24T23:38:30.176Z"},"updateInfo":{"version":"3.7.16-ow","files":[{"url":"Lunar Client v3.7.16-ow.exe","sha512":"K25vDcT8UO0xbMd4MX5URU+l33+vEILLkpsRkxPMYVfB+yP5gqHGuNWOOGgUOE0gH2g4j+1Mjo9AFnQDC35tng=="}],"path":"Lunar Client v3.7.16-ow.exe","sha512":"K25vDcT8UO0xbMd4MX5URU+l33+vEILLkpsRkxPMYVfB+yP5gqHGuNWOOGgUOE0gH2g4j+1Mjo9AFnQDC35tng==","packages":{"x64":{"size":112473965,"sha512":"f2R8yaxYfUc7t48Bk04LzCImKB27jTxQcAe6RAFE/2lMaHmhsNJCJ47S0XSDCCvUNJp5imIeKLPifHT4z+jt5g==","blockMapSize":116960,"path":"lunarclient-3.7.16-ow-x64.nsis.7z","file":"lunarclient-3.7.16-ow-x64.nsis.7z"}},"releaseDate":"2026-08-24T23:38:30.176Z"}}
[2026-08-26 22:45:38.099] [info]  [Electron] Logger initialized for updater at C:\Users\CARLOS_JR\.lunarclient\logs\launcher\updater.log (Prefix: Updater)
[2026-08-26 22:45:42.754] [info]  [Library] Checking for update
[2026-08-26 22:45:42.756] [info]  [Updater] Checking for updates...
[2026-08-26 22:45:42.759] [info]           * Current Version: 3.7.16.12965
[2026-08-26 22:45:42.761] [info]           * Channel: latest-ow
[2026-08-26 22:45:42.764] [info]           * URL: https://launcherupdates.lunarclientcdn.com
[2026-08-26 22:45:42.766] [info]           * User Initiated: false
[2026-08-26 22:45:44.150] [info]  [Library] Update for version 3.7.16-ow is not available (latest version: 3.7.16-ow, downgrade is allowed).
[2026-08-26 22:45:44.151] [info]  [Updater] No updates available.
[2026-08-26 22:45:44.154] [info]  [Updater] Update check returned a result... skipping: {"isUpdateAvailable":false,"versionInfo":{"version":"3.7.16-ow","files":[{"url":"Lunar Client v3.7.16-ow.exe","sha512":"K25vDcT8UO0xbMd4MX5URU+l33+vEILLkpsRkxPMYVfB+yP5gqHGuNWOOGgUOE0gH2g4j+1Mjo9AFnQDC35tng=="}],"path":"Lunar Client v3.7.16-ow.exe","sha512":"K25vDcT8UO0xbMd4MX5URU+l33+vEILLkpsRkxPMYVfB+yP5gqHGuNWOOGgUOE0gH2g4j+1Mjo9AFnQDC35tng==","packages":{"x64":{"size":112473965,"sha512":"f2R8yaxYfUc7t48Bk04LzCImKB27jTxQcAe6RAFE/2lMaHmhsNJCJ47S0XSDCCvUNJp5imIeKLPifHT4z+jt5g==","blockMapSize":116960,"path":"lunarclient-3.7.16-ow-x64.nsis.7z","file":"lunarclient-3.7.16-ow-x64.nsis.7z"}},"releaseDate":"2026-08-24T23:38:30.176Z"},"updateInfo":{"version":"3.7.16-ow","files":[{"url":"Lunar Client v3.7.16-ow.exe","sha512":"K25vDcT8UO0xbMd4MX5URU+l33+vEILLkpsRkxPMYVfB+yP5gqHGuNWOOGgUOE0gH2g4j+1Mjo9AFnQDC35tng=="}],"path":"Lunar Client v3.7.16-ow.exe","sha512":"K25vDcT8UO0xbMd4MX5URU+l33+vEILLkpsRkxPMYVfB+yP5gqHGuNWOOGgUOE0gH2g4j+1Mjo9AFnQDC35tng==","packages":{"x64":{"size":112473965,"sha512":"f2R8yaxYfUc7t48Bk04LzCImKB27jTxQcAe6RAFE/2lMaHmhsNJCJ47S0XSDCCvUNJp5imIeKLPifHT4z+jt5g==","blockMapSize":116960,"path":"lunarclient-3.7.16-ow-x64.nsis.7z","file":"lunarclient-3.7.16-ow-x64.nsis.7z"}},"releaseDate":"2026-08-24T23:38:30.176Z"}}
[2026-08-26 23:00:38.128] [info]  [Library] Checking for update
[2026-08-26 23:00:38.134] [info]  [Updater] Checking for updates...
[2026-08-26 23:00:38.137] [info]           * Current Version: 3.7.16.12965
[2026-08-26 23:00:38.139] [info]           * Channel: latest-ow
[2026-08-26 23:00:38.141] [info]           * URL: https://launcherupdates.lunarclientcdn.com
[2026-08-26 23:00:38.143] [info]           * User Initiated: false
[2026-08-26 23:00:38.399] [info]  [Library] Update for version 3.7.16-ow is not available (latest version: 3.7.16-ow, downgrade is allowed).
[2026-08-26 23:00:38.401] [info]  [Updater] No updates available.
[2026-08-26 23:00:38.411] [info]  [Updater] Update check returned a result... skipping: {"isUpdateAvailable":false,"versionInfo":{"version":"3.7.16-ow","files":[{"url":"Lunar Client v3.7.16-ow.exe","sha512":"K25vDcT8UO0xbMd4MX5URU+l33+vEILLkpsRkxPMYVfB+yP5gqHGuNWOOGgUOE0gH2g4j+1Mjo9AFnQDC35tng=="}],"path":"Lunar Client v3.7.16-ow.exe","sha512":"K25vDcT8UO0xbMd4MX5URU+l33+vEILLkpsRkxPMYVfB+yP5gqHGuNWOOGgUOE0gH2g4j+1Mjo9AFnQDC35tng==","packages":{"x64":{"size":112473965,"sha512":"f2R8yaxYfUc7t48Bk04LzCImKB27jTxQcAe6RAFE/2lMaHmhsNJCJ47S0XSDCCvUNJp5imIeKLPifHT4z+jt5g==","blockMapSize":116960,"path":"lunarclient-3.7.16-ow-x64.nsis.7z","file":"lunarclient-3.7.16-ow-x64.nsis.7z"}},"releaseDate":"2026-08-24T23:38:30.176Z"},"updateInfo":{"version":"3.7.16-ow","files":[{"url":"Lunar Client v3.7.16-ow.exe","sha512":"K25vDcT8UO0xbMd4MX5URU+l33+vEILLkpsRkxPMYVfB+yP5gqHGuNWOOGgUOE0gH2g4j+1Mjo9AFnQDC35tng=="}],"path":"Lunar Client v3.7.16-ow.exe","sha512":"K25vDcT8UO0xbMd4MX5URU+l33+vEILLkpsRkxPMYVfB+yP5gqHGuNWOOGgUOE0gH2g4j+1Mjo9AFnQDC35tng==","packages":{"x64":{"size":112473965,"sha512":"f2R8yaxYfUc7t48Bk04LzCImKB27jTxQcAe6RAFE/2lMaHmhsNJCJ47S0XSDCCvUNJp5imIeKLPifHT4z+jt5g==","blockMapSize":116960,"path":"lunarclient-3.7.16-ow-x64.nsis.7z","file":"lunarclient-3.7.16-ow-x64.nsis.7z"}},"releaseDate":"2026-08-24T23:38:30.176Z"}}
[2026-08-26 23:15:38.120] [info]  [Library] Checking for update
[2026-08-26 23:15:38.125] [info]  [Updater] Checking for updates...
[2026-08-26 23:15:38.126] [info]           * Current Version: 3.7.16.12965
[2026-08-26 23:15:38.128] [info]           * Channel: latest-ow
[2026-08-26 23:15:38.130] [info]           * URL: https://launcherupdates.lunarclientcdn.com
[2026-08-26 23:15:38.132] [info]           * User Initiated: false
[2026-08-26 23:15:39.322] [info]  [Library] Update for version 3.7.16-ow is not available (latest version: 3.7.16-ow, downgrade is allowed).
[2026-08-26 23:15:39.324] [info]  [Updater] No updates available.
[2026-08-26 23:15:39.326] [info]  [Updater] Update check returned a result... skipping: {"isUpdateAvailable":false,"versionInfo":{"version":"3.7.16-ow","files":[{"url":"Lunar Client v3.7.16-ow.exe","sha512":"K25vDcT8UO0xbMd4MX5URU+l33+vEILLkpsRkxPMYVfB+yP5gqHGuNWOOGgUOE0gH2g4j+1Mjo9AFnQDC35tng=="}],"path":"Lunar Client v3.7.16-ow.exe","sha512":"K25vDcT8UO0xbMd4MX5URU+l33+vEILLkpsRkxPMYVfB+yP5gqHGuNWOOGgUOE0gH2g4j+1Mjo9AFnQDC35tng==","packages":{"x64":{"size":112473965,"sha512":"f2R8yaxYfUc7t48Bk04LzCImKB27jTxQcAe6RAFE/2lMaHmhsNJCJ47S0XSDCCvUNJp5imIeKLPifHT4z+jt5g==","blockMapSize":116960,"path":"lunarclient-3.7.16-ow-x64.nsis.7z","file":"lunarclient-3.7.16-ow-x64.nsis.7z"}},"releaseDate":"2026-08-24T23:38:30.176Z"},"updateInfo":{"version":"3.7.16-ow","files":[{"url":"Lunar Client v3.7.16-ow.exe","sha512":"K25vDcT8UO0xbMd4MX5URU+l33+vEILLkpsRkxPMYVfB+yP5gqHGuNWOOGgUOE0gH2g4j+1Mjo9AFnQDC35tng=="}],"path":"Lunar Client v3.7.16-ow.exe","sha512":"K25vDcT8UO0xbMd4MX5URU+l33+vEILLkpsRkxPMYVfB+yP5gqHGuNWOOGgUOE0gH2g4j+1Mjo9AFnQDC35tng==","packages":{"x64":{"size":112473965,"sha512":"f2R8yaxYfUc7t48Bk04LzCImKB27jTxQcAe6RAFE/2lMaHmhsNJCJ47S0XSDCCvUNJp5imIeKLPifHT4z+jt5g==","blockMapSize":116960,"path":"lunarclient-3.7.16-ow-x64.nsis.7z","file":"lunarclient-3.7.16-ow-x64.nsis.7z"}},"releaseDate":"2026-08-24T23:38:30.176Z"}}
[2026-08-26 23:30:38.128] [info]  [Library] Checking for update
[2026-08-26 23:30:38.133] [info]  [Updater] Checking for updates...
[2026-08-26 23:30:38.137] [info]           * Current Version: 3.7.16.12965
[2026-08-26 23:30:38.139] [info]           * Channel: latest-ow
[2026-08-26 23:30:38.141] [info]           * URL: https://launcherupdates.lunarclientcdn.com
[2026-08-26 23:30:38.144] [info]           * User Initiated: false
[2026-08-26 23:30:38.320] [info]  [Library] Update for version 3.7.16-ow is not available (latest version: 3.7.16-ow, downgrade is allowed).
[2026-08-26 23:30:38.321] [info]  [Updater] No updates available.
[2026-08-26 23:30:38.323] [info]  [Updater] Update check returned a result... skipping: {"isUpdateAvailable":false,"versionInfo":{"version":"3.7.16-ow","files":[{"url":"Lunar Client v3.7.16-ow.exe","sha512":"K25vDcT8UO0xbMd4MX5URU+l33+vEILLkpsRkxPMYVfB+yP5gqHGuNWOOGgUOE0gH2g4j+1Mjo9AFnQDC35tng=="}],"path":"Lunar Client v3.7.16-ow.exe","sha512":"K25vDcT8UO0xbMd4MX5URU+l33+vEILLkpsRkxPMYVfB+yP5gqHGuNWOOGgUOE0gH2g4j+1Mjo9AFnQDC35tng==","packages":{"x64":{"size":112473965,"sha512":"f2R8yaxYfUc7t48Bk04LzCImKB27jTxQcAe6RAFE/2lMaHmhsNJCJ47S0XSDCCvUNJp5imIeKLPifHT4z+jt5g==","blockMapSize":116960,"path":"lunarclient-3.7.16-ow-x64.nsis.7z","file":"lunarclient-3.7.16-ow-x64.nsis.7z"}},"releaseDate":"2026-08-24T23:38:30.176Z"},"updateInfo":{"version":"3.7.16-ow","files":[{"url":"Lunar Client v3.7.16-ow.exe","sha512":"K25vDcT8UO0xbMd4MX5URU+l33+vEILLkpsRkxPMYVfB+yP5gqHGuNWOOGgUOE0gH2g4j+1Mjo9AFnQDC35tng=="}],"path":"Lunar Client v3.7.16-ow.exe","sha512":"K25vDcT8UO0xbMd4MX5URU+l33+vEILLkpsRkxPMYVfB+yP5gqHGuNWOOGgUOE0gH2g4j+1Mjo9AFnQDC35tng==","packages":{"x64":{"size":112473965,"sha512":"f2R8yaxYfUc7t48Bk04LzCImKB27jTxQcAe6RAFE/2lMaHmhsNJCJ47S0XSDCCvUNJp5imIeKLPifHT4z+jt5g==","blockMapSize":116960,"path":"lunarclient-3.7.16-ow-x64.nsis.7z","file":"lunarclient-3.7.16-ow-x64.nsis.7z"}},"releaseDate":"2026-08-24T23:38:30.176Z"}}
[2026-08-26 23:45:38.130] [info]  [Library] Checking for update
[2026-08-26 23:45:38.136] [info]  [Updater] Checking for updates...
[2026-08-26 23:45:38.139] [info]           * Current Version: 3.7.16.12965
[2026-08-26 23:45:38.142] [info]           * Channel: latest-ow
[2026-08-26 23:45:38.149] [info]           * URL: https://launcherupdates.lunarclientcdn.com
[2026-08-26 23:45:38.151] [info]           * User Initiated: false
[2026-08-26 23:45:38.415] [info]  [Library] Update for version 3.7.16-ow is not available (latest version: 3.7.16-ow, downgrade is allowed).
[2026-08-26 23:45:38.417] [info]  [Updater] No updates available.
[2026-08-26 23:45:38.421] [info]  [Updater] Update check returned a result... skipping: {"isUpdateAvailable":false,"versionInfo":{"version":"3.7.16-ow","files":[{"url":"Lunar Client v3.7.16-ow.exe","sha512":"K25vDcT8UO0xbMd4MX5URU+l33+vEILLkpsRkxPMYVfB+yP5gqHGuNWOOGgUOE0gH2g4j+1Mjo9AFnQDC35tng=="}],"path":"Lunar Client v3.7.16-ow.exe","sha512":"K25vDcT8UO0xbMd4MX5URU+l33+vEILLkpsRkxPMYVfB+yP5gqHGuNWOOGgUOE0gH2g4j+1Mjo9AFnQDC35tng==","packages":{"x64":{"size":112473965,"sha512":"f2R8yaxYfUc7t48Bk04LzCImKB27jTxQcAe6RAFE/2lMaHmhsNJCJ47S0XSDCCvUNJp5imIeKLPifHT4z+jt5g==","blockMapSize":116960,"path":"lunarclient-3.7.16-ow-x64.nsis.7z","file":"lunarclient-3.7.16-ow-x64.nsis.7z"}},"releaseDate":"2026-08-24T23:38:30.176Z"},"updateInfo":{"version":"3.7.16-ow","files":[{"url":"Lunar Client v3.7.16-ow.exe","sha512":"K25vDcT8UO0xbMd4MX5URU+l33+vEILLkpsRkxPMYVfB+yP5gqHGuNWOOGgUOE0gH2g4j+1Mjo9AFnQDC35tng=="}],"path":"Lunar Client v3.7.16-ow.exe","sha512":"K25vDcT8UO0xbMd4MX5URU+l33+vEILLkpsRkxPMYVfB+yP5gqHGuNWOOGgUOE0gH2g4j+1Mjo9AFnQDC35tng==","packages":{"x64":{"size":112473965,"sha512":"f2R8yaxYfUc7t48Bk04LzCImKB27jTxQcAe6RAFE/2lMaHmhsNJCJ47S0XSDCCvUNJp5imIeKLPifHT4z+jt5g==","blockMapSize":116960,"path":"lunarclient-3.7.16-ow-x64.nsis.7z","file":"lunarclient-3.7.16-ow-x64.nsis.7z"}},"releaseDate":"2026-08-24T23:38:30.176Z"}}
[2026-08-27 00:00:38.143] [info]  [Library] Checking for update
[2026-08-27 00:00:38.152] [info]  [Updater] Checking for updates...
[2026-08-27 00:00:38.158] [info]           * Current Version: 3.7.16.12965
[2026-08-27 00:00:38.160] [info]           * Channel: latest-ow
[2026-08-27 00:00:38.163] [info]           * URL: https://launcherupdates.lunarclientcdn.com
[2026-08-27 00:00:38.166] [info]           * User Initiated: false
[2026-08-27 00:00:38.441] [info]  [Library] Update for version 3.7.16-ow is not available (latest version: 3.7.16-ow, downgrade is allowed).
[2026-08-27 00:00:38.443] [info]  [Updater] No updates available.
[2026-08-27 00:00:38.448] [info]  [Updater] Update check returned a result... skipping: {"isUpdateAvailable":false,"versionInfo":{"version":"3.7.16-ow","files":[{"url":"Lunar Client v3.7.16-ow.exe","sha512":"K25vDcT8UO0xbMd4MX5URU+l33+vEILLkpsRkxPMYVfB+yP5gqHGuNWOOGgUOE0gH2g4j+1Mjo9AFnQDC35tng=="}],"path":"Lunar Client v3.7.16-ow.exe","sha512":"K25vDcT8UO0xbMd4MX5URU+l33+vEILLkpsRkxPMYVfB+yP5gqHGuNWOOGgUOE0gH2g4j+1Mjo9AFnQDC35tng==","packages":{"x64":{"size":112473965,"sha512":"f2R8yaxYfUc7t48Bk04LzCImKB27jTxQcAe6RAFE/2lMaHmhsNJCJ47S0XSDCCvUNJp5imIeKLPifHT4z+jt5g==","blockMapSize":116960,"path":"lunarclient-3.7.16-ow-x64.nsis.7z","file":"lunarclient-3.7.16-ow-x64.nsis.7z"}},"releaseDate":"2026-08-24T23:38:30.176Z"},"updateInfo":{"version":"3.7.16-ow","files":[{"url":"Lunar Client v3.7.16-ow.exe","sha512":"K25vDcT8UO0xbMd4MX5URU+l33+vEILLkpsRkxPMYVfB+yP5gqHGuNWOOGgUOE0gH2g4j+1Mjo9AFnQDC35tng=="}],"path":"Lunar Client v3.7.16-ow.exe","sha512":"K25vDcT8UO0xbMd4MX5URU+l33+vEILLkpsRkxPMYVfB+yP5gqHGuNWOOGgUOE0gH2g4j+1Mjo9AFnQDC35tng==","packages":{"x64":{"size":112473965,"sha512":"f2R8yaxYfUc7t48Bk04LzCImKB27jTxQcAe6RAFE/2lMaHmhsNJCJ47S0XSDCCvUNJp5imIeKLPifHT4z+jt5g==","blockMapSize":116960,"path":"lunarclient-3.7.16-ow-x64.nsis.7z","file":"lunarclient-3.7.16-ow-x64.nsis.7z"}},"releaseDate":"2026-08-24T23:38:30.176Z"}}
[2026-08-27 00:15:38.171] [info]  [Library] Checking for update
[2026-08-27 00:15:38.194] [info]  [Updater] Checking for updates...
[2026-08-27 00:15:38.207] [info]           * Current Version: 3.7.16.12965
[2026-08-27 00:15:38.227] [info]           * Channel: latest-ow
[2026-08-27 00:15:38.241] [info]           * URL: https://launcherupdates.lunarclientcdn.com
[2026-08-27 00:15:38.255] [info]           * User Initiated: false
[2026-08-27 00:15:38.605] [info]  [Library] Update for version 3.7.16-ow is not available (latest version: 3.7.16-ow, downgrade is allowed).
[2026-08-27 00:15:38.612] [info]  [Updater] No updates available.
[2026-08-27 00:15:38.627] [info]  [Updater] Update check returned a result... skipping: {"isUpdateAvailable":false,"versionInfo":{"version":"3.7.16-ow","files":[{"url":"Lunar Client v3.7.16-ow.exe","sha512":"K25vDcT8UO0xbMd4MX5URU+l33+vEILLkpsRkxPMYVfB+yP5gqHGuNWOOGgUOE0gH2g4j+1Mjo9AFnQDC35tng=="}],"path":"Lunar Client v3.7.16-ow.exe","sha512":"K25vDcT8UO0xbMd4MX5URU+l33+vEILLkpsRkxPMYVfB+yP5gqHGuNWOOGgUOE0gH2g4j+1Mjo9AFnQDC35tng==","packages":{"x64":{"size":112473965,"sha512":"f2R8yaxYfUc7t48Bk04LzCImKB27jTxQcAe6RAFE/2lMaHmhsNJCJ47S0XSDCCvUNJp5imIeKLPifHT4z+jt5g==","blockMapSize":116960,"path":"lunarclient-3.7.16-ow-x64.nsis.7z","file":"lunarclient-3.7.16-ow-x64.nsis.7z"}},"releaseDate":"2026-08-24T23:38:30.176Z"},"updateInfo":{"version":"3.7.16-ow","files":[{"url":"Lunar Client v3.7.16-ow.exe","sha512":"K25vDcT8UO0xbMd4MX5URU+l33+vEILLkpsRkxPMYVfB+yP5gqHGuNWOOGgUOE0gH2g4j+1Mjo9AFnQDC35tng=="}],"path":"Lunar Client v3.7.16-ow.exe","sha512":"K25vDcT8UO0xbMd4MX5URU+l33+vEILLkpsRkxPMYVfB+yP5gqHGuNWOOGgUOE0gH2g4j+1Mjo9AFnQDC35tng==","packages":{"x64":{"size":112473965,"sha512":"f2R8yaxYfUc7t48Bk04LzCImKB27jTxQcAe6RAFE/2lMaHmhsNJCJ47S0XSDCCvUNJp5imIeKLPifHT4z+jt5g==","blockMapSize":116960,"path":"lunarclient-3.7.16-ow-x64.nsis.7z","file":"lunarclient-3.7.16-ow-x64.nsis.7z"}},"releaseDate":"2026-08-24T23:38:30.176Z"}}
[2026-08-27 00:30:38.273] [info]  [Library] Checking for update
[2026-08-27 00:30:38.286] [info]  [Updater] Checking for updates...
[2026-08-27 00:30:38.290] [info]           * Current Version: 3.7.16.12965
[2026-08-27 00:30:38.292] [info]           * Channel: latest-ow
[2026-08-27 00:30:38.294] [info]           * URL: https://launcherupdates.lunarclientcdn.com
[2026-08-27 00:30:38.296] [info]           * User Initiated: false
[2026-08-27 00:30:39.777] [info]  [Library] Update for version 3.7.16-ow is not available (latest version: 3.7.16-ow, downgrade is allowed).
[2026-08-27 00:30:39.778] [info]  [Updater] No updates available.
[2026-08-27 00:30:39.780] [info]  [Updater] Update check returned a result... skipping: {"isUpdateAvailable":false,"versionInfo":{"version":"3.7.16-ow","files":[{"url":"Lunar Client v3.7.16-ow.exe","sha512":"K25vDcT8UO0xbMd4MX5URU+l33+vEILLkpsRkxPMYVfB+yP5gqHGuNWOOGgUOE0gH2g4j+1Mjo9AFnQDC35tng=="}],"path":"Lunar Client v3.7.16-ow.exe","sha512":"K25vDcT8UO0xbMd4MX5URU+l33+vEILLkpsRkxPMYVfB+yP5gqHGuNWOOGgUOE0gH2g4j+1Mjo9AFnQDC35tng==","packages":{"x64":{"size":112473965,"sha512":"f2R8yaxYfUc7t48Bk04LzCImKB27jTxQcAe6RAFE/2lMaHmhsNJCJ47S0XSDCCvUNJp5imIeKLPifHT4z+jt5g==","blockMapSize":116960,"path":"lunarclient-3.7.16-ow-x64.nsis.7z","file":"lunarclient-3.7.16-ow-x64.nsis.7z"}},"releaseDate":"2026-08-24T23:38:30.176Z"},"updateInfo":{"version":"3.7.16-ow","files":[{"url":"Lunar Client v3.7.16-ow.exe","sha512":"K25vDcT8UO0xbMd4MX5URU+l33+vEILLkpsRkxPMYVfB+yP5gqHGuNWOOGgUOE0gH2g4j+1Mjo9AFnQDC35tng=="}],"path":"Lunar Client v3.7.16-ow.exe","sha512":"K25vDcT8UO0xbMd4MX5URU+l33+vEILLkpsRkxPMYVfB+yP5gqHGuNWOOGgUOE0gH2g4j+1Mjo9AFnQDC35tng==","packages":{"x64":{"size":112473965,"sha512":"f2R8yaxYfUc7t48Bk04LzCImKB27jTxQcAe6RAFE/2lMaHmhsNJCJ47S0XSDCCvUNJp5imIeKLPifHT4z+jt5g==","blockMapSize":116960,"path":"lunarclient-3.7.16-ow-x64.nsis.7z","file":"lunarclient-3.7.16-ow-x64.nsis.7z"}},"releaseDate":"2026-08-24T23:38:30.176Z"}}
[2026-08-27 00:45:38.157] [info]  [Library] Checking for update
[2026-08-27 00:45:38.159] [info]  [Updater] Checking for updates...
[2026-08-27 00:45:38.161] [info]           * Current Version: 3.7.16.12965
[2026-08-27 00:45:38.163] [info]           * Channel: latest-ow
[2026-08-27 00:45:38.165] [info]           * URL: https://launcherupdates.lunarclientcdn.com
[2026-08-27 00:45:38.166] [info]           * User Initiated: false
[2026-08-27 00:45:38.304] [info]  [Library] Update for version 3.7.16-ow is not available (latest version: 3.7.16-ow, downgrade is allowed).
[2026-08-27 00:45:38.305] [info]  [Updater] No updates available.
[2026-08-27 00:45:38.306] [info]  [Updater] Update check returned a result... skipping: {"isUpdateAvailable":false,"versionInfo":{"version":"3.7.16-ow","files":[{"url":"Lunar Client v3.7.16-ow.exe","sha512":"K25vDcT8UO0xbMd4MX5URU+l33+vEILLkpsRkxPMYVfB+yP5gqHGuNWOOGgUOE0gH2g4j+1Mjo9AFnQDC35tng=="}],"path":"Lunar Client v3.7.16-ow.exe","sha512":"K25vDcT8UO0xbMd4MX5URU+l33+vEILLkpsRkxPMYVfB+yP5gqHGuNWOOGgUOE0gH2g4j+1Mjo9AFnQDC35tng==","packages":{"x64":{"size":112473965,"sha512":"f2R8yaxYfUc7t48Bk04LzCImKB27jTxQcAe6RAFE/2lMaHmhsNJCJ47S0XSDCCvUNJp5imIeKLPifHT4z+jt5g==","blockMapSize":116960,"path":"lunarclient-3.7.16-ow-x64.nsis.7z","file":"lunarclient-3.7.16-ow-x64.nsis.7z"}},"releaseDate":"2026-08-24T23:38:30.176Z"},"updateInfo":{"version":"3.7.16-ow","files":[{"url":"Lunar Client v3.7.16-ow.exe","sha512":"K25vDcT8UO0xbMd4MX5URU+l33+vEILLkpsRkxPMYVfB+yP5gqHGuNWOOGgUOE0gH2g4j+1Mjo9AFnQDC35tng=="}],"path":"Lunar Client v3.7.16-ow.exe","sha512":"K25vDcT8UO0xbMd4MX5URU+l33+vEILLkpsRkxPMYVfB+yP5gqHGuNWOOGgUOE0gH2g4j+1Mjo9AFnQDC35tng==","packages":{"x64":{"size":112473965,"sha512":"f2R8yaxYfUc7t48Bk04LzCImKB27jTxQcAe6RAFE/2lMaHmhsNJCJ47S0XSDCCvUNJp5imIeKLPifHT4z+jt5g==","blockMapSize":116960,"path":"lunarclient-3.7.16-ow-x64.nsis.7z","file":"lunarclient-3.7.16-ow-x64.nsis.7z"}},"releaseDate":"2026-08-24T23:38:30.176Z"}}
[2026-08-27 01:00:38.161] [info]  [Library] Checking for update
[2026-08-27 01:00:38.163] [info]  [Updater] Checking for updates...
[2026-08-27 01:00:38.165] [info]           * Current Version: 3.7.16.12965
[2026-08-27 01:00:38.167] [info]           * Channel: latest-ow
[2026-08-27 01:00:38.169] [info]           * URL: https://launcherupdates.lunarclientcdn.com
[2026-08-27 01:00:38.171] [info]           * User Initiated: false
[2026-08-27 01:00:38.339] [info]  [Library] Update for version 3.7.16-ow is not available (latest version: 3.7.16-ow, downgrade is allowed).
[2026-08-27 01:00:38.340] [info]  [Updater] No updates available.
[2026-08-27 01:00:38.342] [info]  [Updater] Update check returned a result... skipping: {"isUpdateAvailable":false,"versionInfo":{"version":"3.7.16-ow","files":[{"url":"Lunar Client v3.7.16-ow.exe","sha512":"K25vDcT8UO0xbMd4MX5URU+l33+vEILLkpsRkxPMYVfB+yP5gqHGuNWOOGgUOE0gH2g4j+1Mjo9AFnQDC35tng=="}],"path":"Lunar Client v3.7.16-ow.exe","sha512":"K25vDcT8UO0xbMd4MX5URU+l33+vEILLkpsRkxPMYVfB+yP5gqHGuNWOOGgUOE0gH2g4j+1Mjo9AFnQDC35tng==","packages":{"x64":{"size":112473965,"sha512":"f2R8yaxYfUc7t48Bk04LzCImKB27jTxQcAe6RAFE/2lMaHmhsNJCJ47S0XSDCCvUNJp5imIeKLPifHT4z+jt5g==","blockMapSize":116960,"path":"lunarclient-3.7.16-ow-x64.nsis.7z","file":"lunarclient-3.7.16-ow-x64.nsis.7z"}},"releaseDate":"2026-08-24T23:38:30.176Z"},"updateInfo":{"version":"3.7.16-ow","files":[{"url":"Lunar Client v3.7.16-ow.exe","sha512":"K25vDcT8UO0xbMd4MX5URU+l33+vEILLkpsRkxPMYVfB+yP5gqHGuNWOOGgUOE0gH2g4j+1Mjo9AFnQDC35tng=="}],"path":"Lunar Client v3.7.16-ow.exe","sha512":"K25vDcT8UO0xbMd4MX5URU+l33+vEILLkpsRkxPMYVfB+yP5gqHGuNWOOGgUOE0gH2g4j+1Mjo9AFnQDC35tng==","packages":{"x64":{"size":112473965,"sha512":"f2R8yaxYfUc7t48Bk04LzCImKB27jTxQcAe6RAFE/2lMaHmhsNJCJ47S0XSDCCvUNJp5imIeKLPifHT4z+jt5g==","blockMapSize":116960,"path":"lunarclient-3.7.16-ow-x64.nsis.7z","file":"lunarclient-3.7.16-ow-x64.nsis.7z"}},"releaseDate":"2026-08-24T23:38:30.176Z"}}
[2026-08-27 01:15:38.165] [info]  [Library] Checking for update
[2026-08-27 01:15:38.167] [info]  [Updater] Checking for updates...
[2026-08-27 01:15:38.169] [info]           * Current Version: 3.7.16.12965
[2026-08-27 01:15:38.170] [info]           * Channel: latest-ow
[2026-08-27 01:15:38.172] [info]           * URL: https://launcherupdates.lunarclientcdn.com
[2026-08-27 01:15:38.173] [info]           * User Initiated: false
[2026-08-27 01:15:38.306] [info]  [Library] Update for version 3.7.16-ow is not available (latest version: 3.7.16-ow, downgrade is allowed).
[2026-08-27 01:15:38.307] [info]  [Updater] No updates available.
[2026-08-27 01:15:38.309] [info]  [Updater] Update check returned a result... skipping: {"isUpdateAvailable":false,"versionInfo":{"version":"3.7.16-ow","files":[{"url":"Lunar Client v3.7.16-ow.exe","sha512":"K25vDcT8UO0xbMd4MX5URU+l33+vEILLkpsRkxPMYVfB+yP5gqHGuNWOOGgUOE0gH2g4j+1Mjo9AFnQDC35tng=="}],"path":"Lunar Client v3.7.16-ow.exe","sha512":"K25vDcT8UO0xbMd4MX5URU+l33+vEILLkpsRkxPMYVfB+yP5gqHGuNWOOGgUOE0gH2g4j+1Mjo9AFnQDC35tng==","packages":{"x64":{"size":112473965,"sha512":"f2R8yaxYfUc7t48Bk04LzCImKB27jTxQcAe6RAFE/2lMaHmhsNJCJ47S0XSDCCvUNJp5imIeKLPifHT4z+jt5g==","blockMapSize":116960,"path":"lunarclient-3.7.16-ow-x64.nsis.7z","file":"lunarclient-3.7.16-ow-x64.nsis.7z"}},"releaseDate":"2026-08-24T23:38:30.176Z"},"updateInfo":{"version":"3.7.16-ow","files":[{"url":"Lunar Client v3.7.16-ow.exe","sha512":"K25vDcT8UO0xbMd4MX5URU+l33+vEILLkpsRkxPMYVfB+yP5gqHGuNWOOGgUOE0gH2g4j+1Mjo9AFnQDC35tng=="}],"path":"Lunar Client v3.7.16-ow.exe","sha512":"K25vDcT8UO0xbMd4MX5URU+l33+vEILLkpsRkxPMYVfB+yP5gqHGuNWOOGgUOE0gH2g4j+1Mjo9AFnQDC35tng==","packages":{"x64":{"size":112473965,"sha512":"f2R8yaxYfUc7t48Bk04LzCImKB27jTxQcAe6RAFE/2lMaHmhsNJCJ47S0XSDCCvUNJp5imIeKLPifHT4z+jt5g==","blockMapSize":116960,"path":"lunarclient-3.7.16-ow-x64.nsis.7z","file":"lunarclient-3.7.16-ow-x64.nsis.7z"}},"releaseDate":"2026-08-24T23:38:30.176Z"}}
[2026-08-27 01:30:38.169] [info]  [Library] Checking for update
[2026-08-27 01:30:38.172] [info]  [Updater] Checking for updates...
[2026-08-27 01:30:38.173] [info]           * Current Version: 3.7.16.12965
[2026-08-27 01:30:38.175] [info]           * Channel: latest-ow
[2026-08-27 01:30:38.176] [info]           * URL: https://launcherupdates.lunarclientcdn.com
[2026-08-27 01:30:38.177] [info]           * User Initiated: false
[2026-08-27 01:30:38.308] [info]  [Library] Update for version 3.7.16-ow is not available (latest version: 3.7.16-ow, downgrade is allowed).
[2026-08-27 01:30:38.309] [info]  [Updater] No updates available.
[2026-08-27 01:30:38.311] [info]  [Updater] Update check returned a result... skipping: {"isUpdateAvailable":false,"versionInfo":{"version":"3.7.16-ow","files":[{"url":"Lunar Client v3.7.16-ow.exe","sha512":"K25vDcT8UO0xbMd4MX5URU+l33+vEILLkpsRkxPMYVfB+yP5gqHGuNWOOGgUOE0gH2g4j+1Mjo9AFnQDC35tng=="}],"path":"Lunar Client v3.7.16-ow.exe","sha512":"K25vDcT8UO0xbMd4MX5URU+l33+vEILLkpsRkxPMYVfB+yP5gqHGuNWOOGgUOE0gH2g4j+1Mjo9AFnQDC35tng==","packages":{"x64":{"size":112473965,"sha512":"f2R8yaxYfUc7t48Bk04LzCImKB27jTxQcAe6RAFE/2lMaHmhsNJCJ47S0XSDCCvUNJp5imIeKLPifHT4z+jt5g==","blockMapSize":116960,"path":"lunarclient-3.7.16-ow-x64.nsis.7z","file":"lunarclient-3.7.16-ow-x64.nsis.7z"}},"releaseDate":"2026-08-24T23:38:30.176Z"},"updateInfo":{"version":"3.7.16-ow","files":[{"url":"Lunar Client v3.7.16-ow.exe","sha512":"K25vDcT8UO0xbMd4MX5URU+l33+vEILLkpsRkxPMYVfB+yP5gqHGuNWOOGgUOE0gH2g4j+1Mjo9AFnQDC35tng=="}],"path":"Lunar Client v3.7.16-ow.exe","sha512":"K25vDcT8UO0xbMd4MX5URU+l33+vEILLkpsRkxPMYVfB+yP5gqHGuNWOOGgUOE0gH2g4j+1Mjo9AFnQDC35tng==","packages":{"x64":{"size":112473965,"sha512":"f2R8yaxYfUc7t48Bk04LzCImKB27jTxQcAe6RAFE/2lMaHmhsNJCJ47S0XSDCCvUNJp5imIeKLPifHT4z+jt5g==","blockMapSize":116960,"path":"lunarclient-3.7.16-ow-x64.nsis.7z","file":"lunarclient-3.7.16-ow-x64.nsis.7z"}},"releaseDate":"2026-08-24T23:38:30.176Z"}}
[2026-08-27 01:45:38.173] [info]  [Library] Checking for update
[2026-08-27 01:45:38.246] [info]  [Updater] Checking for updates...
[2026-08-27 01:45:38.248] [info]           * Current Version: 3.7.16.12965
[2026-08-27 01:45:38.251] [info]           * Channel: latest-ow
[2026-08-27 01:45:38.263] [info]           * URL: https://launcherupdates.lunarclientcdn.com
[2026-08-27 01:45:38.267] [info]           * User Initiated: false
[2026-08-27 01:45:38.499] [info]  [Library] Update for version 3.7.16-ow is not available (latest version: 3.7.16-ow, downgrade is allowed).
[2026-08-27 01:45:38.500] [info]  [Updater] No updates available.
[2026-08-27 01:45:38.501] [info]  [Updater] Update check returned a result... skipping: {"isUpdateAvailable":false,"versionInfo":{"version":"3.7.16-ow","files":[{"url":"Lunar Client v3.7.16-ow.exe","sha512":"K25vDcT8UO0xbMd4MX5URU+l33+vEILLkpsRkxPMYVfB+yP5gqHGuNWOOGgUOE0gH2g4j+1Mjo9AFnQDC35tng=="}],"path":"Lunar Client v3.7.16-ow.exe","sha512":"K25vDcT8UO0xbMd4MX5URU+l33+vEILLkpsRkxPMYVfB+yP5gqHGuNWOOGgUOE0gH2g4j+1Mjo9AFnQDC35tng==","packages":{"x64":{"size":112473965,"sha512":"f2R8yaxYfUc7t48Bk04LzCImKB27jTxQcAe6RAFE/2lMaHmhsNJCJ47S0XSDCCvUNJp5imIeKLPifHT4z+jt5g==","blockMapSize":116960,"path":"lunarclient-3.7.16-ow-x64.nsis.7z","file":"lunarclient-3.7.16-ow-x64.nsis.7z"}},"releaseDate":"2026-08-24T23:38:30.176Z"},"updateInfo":{"version":"3.7.16-ow","files":[{"url":"Lunar Client v3.7.16-ow.exe","sha512":"K25vDcT8UO0xbMd4MX5URU+l33+vEILLkpsRkxPMYVfB+yP5gqHGuNWOOGgUOE0gH2g4j+1Mjo9AFnQDC35tng=="}],"path":"Lunar Client v3.7.16-ow.exe","sha512":"K25vDcT8UO0xbMd4MX5URU+l33+vEILLkpsRkxPMYVfB+yP5gqHGuNWOOGgUOE0gH2g4j+1Mjo9AFnQDC35tng==","packages":{"x64":{"size":112473965,"sha512":"f2R8yaxYfUc7t48Bk04LzCImKB27jTxQcAe6RAFE/2lMaHmhsNJCJ47S0XSDCCvUNJp5imIeKLPifHT4z+jt5g==","blockMapSize":116960,"path":"lunarclient-3.7.16-ow-x64.nsis.7z","file":"lunarclient-3.7.16-ow-x64.nsis.7z"}},"releaseDate":"2026-08-24T23:38:30.176Z"}}
[2026-08-27 02:00:38.178] [info]  [Library] Checking for update
[2026-08-27 02:00:38.249] [info]  [Updater] Checking for updates...
[2026-08-27 02:00:38.251] [info]           * Current Version: 3.7.16.12965
[2026-08-27 02:00:38.252] [info]           * Channel: latest-ow
[2026-08-27 02:00:38.254] [info]           * URL: https://launcherupdates.lunarclientcdn.com
[2026-08-27 02:00:38.255] [info]           * User Initiated: false
[2026-08-27 02:00:38.710] [info]  [Library] Update for version 3.7.16-ow is not available (latest version: 3.7.16-ow, downgrade is allowed).
[2026-08-27 02:00:38.711] [info]  [Updater] No updates available.
[2026-08-27 02:00:38.712] [info]  [Updater] Update check returned a result... skipping: {"isUpdateAvailable":false,"versionInfo":{"version":"3.7.16-ow","files":[{"url":"Lunar Client v3.7.16-ow.exe","sha512":"K25vDcT8UO0xbMd4MX5URU+l33+vEILLkpsRkxPMYVfB+yP5gqHGuNWOOGgUOE0gH2g4j+1Mjo9AFnQDC35tng=="}],"path":"Lunar Client v3.7.16-ow.exe","sha512":"K25vDcT8UO0xbMd4MX5URU+l33+vEILLkpsRkxPMYVfB+yP5gqHGuNWOOGgUOE0gH2g4j+1Mjo9AFnQDC35tng==","packages":{"x64":{"size":112473965,"sha512":"f2R8yaxYfUc7t48Bk04LzCImKB27jTxQcAe6RAFE/2lMaHmhsNJCJ47S0XSDCCvUNJp5imIeKLPifHT4z+jt5g==","blockMapSize":116960,"path":"lunarclient-3.7.16-ow-x64.nsis.7z","file":"lunarclient-3.7.16-ow-x64.nsis.7z"}},"releaseDate":"2026-08-24T23:38:30.176Z"},"updateInfo":{"version":"3.7.16-ow","files":[{"url":"Lunar Client v3.7.16-ow.exe","sha512":"K25vDcT8UO0xbMd4MX5URU+l33+vEILLkpsRkxPMYVfB+yP5gqHGuNWOOGgUOE0gH2g4j+1Mjo9AFnQDC35tng=="}],"path":"Lunar Client v3.7.16-ow.exe","sha512":"K25vDcT8UO0xbMd4MX5URU+l33+vEILLkpsRkxPMYVfB+yP5gqHGuNWOOGgUOE0gH2g4j+1Mjo9AFnQDC35tng==","packages":{"x64":{"size":112473965,"sha512":"f2R8yaxYfUc7t48Bk04LzCImKB27jTxQcAe6RAFE/2lMaHmhsNJCJ47S0XSDCCvUNJp5imIeKLPifHT4z+jt5g==","blockMapSize":116960,"path":"lunarclient-3.7.16-ow-x64.nsis.7z","file":"lunarclient-3.7.16-ow-x64.nsis.7z"}},"releaseDate":"2026-08-24T23:38:30.176Z"}}
[2026-08-27 02:22:12.369] [info]  [Electron] Logger initialized for updater at C:\Users\CARLOS_JR\.lunarclient\logs\launcher\updater.log (Prefix: Updater)
[2026-08-27 02:22:14.591] [info]  [Library] Checking for update
[2026-08-27 02:22:14.592] [info]  [Updater] Checking for updates...
[2026-08-27 02:22:14.594] [info]           * Current Version: 3.7.16.12965
[2026-08-27 02:22:14.596] [info]           * Channel: latest-ow
[2026-08-27 02:22:14.598] [info]           * URL: https://launcherupdates.lunarclientcdn.com
[2026-08-27 02:22:14.599] [info]           * User Initiated: false
[2026-08-27 02:22:15.805] [info]  [Library] Update for version 3.7.16-ow is not available (latest version: 3.7.16-ow, downgrade is allowed).
[2026-08-27 02:22:15.806] [info]  [Updater] No updates available.
[2026-08-27 02:22:15.807] [info]  [Updater] Update check returned a result... skipping: {"isUpdateAvailable":false,"versionInfo":{"version":"3.7.16-ow","files":[{"url":"Lunar Client v3.7.16-ow.exe","sha512":"K25vDcT8UO0xbMd4MX5URU+l33+vEILLkpsRkxPMYVfB+yP5gqHGuNWOOGgUOE0gH2g4j+1Mjo9AFnQDC35tng=="}],"path":"Lunar Client v3.7.16-ow.exe","sha512":"K25vDcT8UO0xbMd4MX5URU+l33+vEILLkpsRkxPMYVfB+yP5gqHGuNWOOGgUOE0gH2g4j+1Mjo9AFnQDC35tng==","packages":{"x64":{"size":112473965,"sha512":"f2R8yaxYfUc7t48Bk04LzCImKB27jTxQcAe6RAFE/2lMaHmhsNJCJ47S0XSDCCvUNJp5imIeKLPifHT4z+jt5g==","blockMapSize":116960,"path":"lunarclient-3.7.16-ow-x64.nsis.7z","file":"lunarclient-3.7.16-ow-x64.nsis.7z"}},"releaseDate":"2026-08-24T23:38:30.176Z"},"updateInfo":{"version":"3.7.16-ow","files":[{"url":"Lunar Client v3.7.16-ow.exe","sha512":"K25vDcT8UO0xbMd4MX5URU+l33+vEILLkpsRkxPMYVfB+yP5gqHGuNWOOGgUOE0gH2g4j+1Mjo9AFnQDC35tng=="}],"path":"Lunar Client v3.7.16-ow.exe","sha512":"K25vDcT8UO0xbMd4MX5URU+l33+vEILLkpsRkxPMYVfB+yP5gqHGuNWOOGgUOE0gH2g4j+1Mjo9AFnQDC35tng==","packages":{"x64":{"size":112473965,"sha512":"f2R8yaxYfUc7t48Bk04LzCImKB27jTxQcAe6RAFE/2lMaHmhsNJCJ47S0XSDCCvUNJp5imIeKLPifHT4z+jt5g==","blockMapSize":116960,"path":"lunarclient-3.7.16-ow-x64.nsis.7z","file":"lunarclient-3.7.16-ow-x64.nsis.7z"}},"releaseDate":"2026-08-24T23:38:30.176Z"}}
[2026-08-27 02:37:12.429] [info]  [Library] Checking for update
[2026-08-27 02:37:12.452] [info]  [Updater] Checking for updates...
[2026-08-27 02:37:12.462] [info]           * Current Version: 3.7.16.12965
[2026-08-27 02:37:12.469] [info]           * Channel: latest-ow
[2026-08-27 02:37:12.472] [info]           * URL: https://launcherupdates.lunarclientcdn.com
[2026-08-27 02:37:12.475] [info]           * User Initiated: false
[2026-08-27 02:37:13.097] [info]  [Library] Update for version 3.7.16-ow is not available (latest version: 3.7.16-ow, downgrade is allowed).
[2026-08-27 02:37:13.101] [info]  [Updater] No updates available.
[2026-08-27 02:37:13.104] [info]  [Updater] Update check returned a result... skipping: {"isUpdateAvailable":false,"versionInfo":{"version":"3.7.16-ow","files":[{"url":"Lunar Client v3.7.16-ow.exe","sha512":"K25vDcT8UO0xbMd4MX5URU+l33+vEILLkpsRkxPMYVfB+yP5gqHGuNWOOGgUOE0gH2g4j+1Mjo9AFnQDC35tng=="}],"path":"Lunar Client v3.7.16-ow.exe","sha512":"K25vDcT8UO0xbMd4MX5URU+l33+vEILLkpsRkxPMYVfB+yP5gqHGuNWOOGgUOE0gH2g4j+1Mjo9AFnQDC35tng==","packages":{"x64":{"size":112473965,"sha512":"f2R8yaxYfUc7t48Bk04LzCImKB27jTxQcAe6RAFE/2lMaHmhsNJCJ47S0XSDCCvUNJp5imIeKLPifHT4z+jt5g==","blockMapSize":116960,"path":"lunarclient-3.7.16-ow-x64.nsis.7z","file":"lunarclient-3.7.16-ow-x64.nsis.7z"}},"releaseDate":"2026-08-24T23:38:30.176Z"},"updateInfo":{"version":"3.7.16-ow","files":[{"url":"Lunar Client v3.7.16-ow.exe","sha512":"K25vDcT8UO0xbMd4MX5URU+l33+vEILLkpsRkxPMYVfB+yP5gqHGuNWOOGgUOE0gH2g4j+1Mjo9AFnQDC35tng=="}],"path":"Lunar Client v3.7.16-ow.exe","sha512":"K25vDcT8UO0xbMd4MX5URU+l33+vEILLkpsRkxPMYVfB+yP5gqHGuNWOOGgUOE0gH2g4j+1Mjo9AFnQDC35tng==","packages":{"x64":{"size":112473965,"sha512":"f2R8yaxYfUc7t48Bk04LzCImKB27jTxQcAe6RAFE/2lMaHmhsNJCJ47S0XSDCCvUNJp5imIeKLPifHT4z+jt5g==","blockMapSize":116960,"path":"lunarclient-3.7.16-ow-x64.nsis.7z","file":"lunarclient-3.7.16-ow-x64.nsis.7z"}},"releaseDate":"2026-08-24T23:38:30.176Z"}}
[2026-08-27 12:20:33.802] [info]  [Electron] Logger initialized for updater at C:\Users\CARLOS_JR\.lunarclient\logs\launcher\updater.log (Prefix: Updater)
[2026-08-27 12:20:35.389] [info]  [Library] Checking for update
[2026-08-27 12:20:35.390] [info]  [Updater] Checking for updates...
[2026-08-27 12:20:35.392] [info]           * Current Version: 3.7.16.12965
[2026-08-27 12:20:35.394] [info]           * Channel: latest-ow
[2026-08-27 12:20:35.396] [info]           * URL: https://launcherupdates.lunarclientcdn.com
[2026-08-27 12:20:35.397] [info]           * User Initiated: false
[2026-08-27 12:20:35.762] [info]  [Library] Update for version 3.7.16-ow is not available (latest version: 3.7.16-ow, downgrade is allowed).
[2026-08-27 12:20:35.763] [info]  [Updater] No updates available.
[2026-08-27 12:20:35.765] [info]  [Updater] Update check returned a result... skipping: {"isUpdateAvailable":false,"versionInfo":{"version":"3.7.16-ow","files":[{"url":"Lunar Client v3.7.16-ow.exe","sha512":"K25vDcT8UO0xbMd4MX5URU+l33+vEILLkpsRkxPMYVfB+yP5gqHGuNWOOGgUOE0gH2g4j+1Mjo9AFnQDC35tng=="}],"path":"Lunar Client v3.7.16-ow.exe","sha512":"K25vDcT8UO0xbMd4MX5URU+l33+vEILLkpsRkxPMYVfB+yP5gqHGuNWOOGgUOE0gH2g4j+1Mjo9AFnQDC35tng==","packages":{"x64":{"size":112473965,"sha512":"f2R8yaxYfUc7t48Bk04LzCImKB27jTxQcAe6RAFE/2lMaHmhsNJCJ47S0XSDCCvUNJp5imIeKLPifHT4z+jt5g==","blockMapSize":116960,"path":"lunarclient-3.7.16-ow-x64.nsis.7z","file":"lunarclient-3.7.16-ow-x64.nsis.7z"}},"releaseDate":"2026-08-24T23:38:30.176Z"},"updateInfo":{"version":"3.7.16-ow","files":[{"url":"Lunar Client v3.7.16-ow.exe","sha512":"K25vDcT8UO0xbMd4MX5URU+l33+vEILLkpsRkxPMYVfB+yP5gqHGuNWOOGgUOE0gH2g4j+1Mjo9AFnQDC35tng=="}],"path":"Lunar Client v3.7.16-ow.exe","sha512":"K25vDcT8UO0xbMd4MX5URU+l33+vEILLkpsRkxPMYVfB+yP5gqHGuNWOOGgUOE0gH2g4j+1Mjo9AFnQDC35tng==","packages":{"x64":{"size":112473965,"sha512":"f2R8yaxYfUc7t48Bk04LzCImKB27jTxQcAe6RAFE/2lMaHmhsNJCJ47S0XSDCCvUNJp5imIeKLPifHT4z+jt5g==","blockMapSize":116960,"path":"lunarclient-3.7.16-ow-x64.nsis.7z","file":"lunarclient-3.7.16-ow-x64.nsis.7z"}},"releaseDate":"2026-08-24T23:38:30.176Z"}}
[2026-08-27 12:35:33.828] [info]  [Library] Checking for update
[2026-08-27 12:35:33.835] [info]  [Updater] Checking for updates...
[2026-08-27 12:35:33.838] [info]           * Current Version: 3.7.16.12965
[2026-08-27 12:35:33.842] [info]           * Channel: latest-ow
[2026-08-27 12:35:33.845] [info]           * URL: https://launcherupdates.lunarclientcdn.com
[2026-08-27 12:35:33.846] [info]           * User Initiated: false
[2026-08-27 12:35:34.034] [info]  [Library] Update for version 3.7.16-ow is not available (latest version: 3.7.16-ow, downgrade is allowed).
[2026-08-27 12:35:34.035] [info]  [Updater] No updates available.
[2026-08-27 12:35:34.036] [info]  [Updater] Update check returned a result... skipping: {"isUpdateAvailable":false,"versionInfo":{"version":"3.7.16-ow","files":[{"url":"Lunar Client v3.7.16-ow.exe","sha512":"K25vDcT8UO0xbMd4MX5URU+l33+vEILLkpsRkxPMYVfB+yP5gqHGuNWOOGgUOE0gH2g4j+1Mjo9AFnQDC35tng=="}],"path":"Lunar Client v3.7.16-ow.exe","sha512":"K25vDcT8UO0xbMd4MX5URU+l33+vEILLkpsRkxPMYVfB+yP5gqHGuNWOOGgUOE0gH2g4j+1Mjo9AFnQDC35tng==","packages":{"x64":{"size":112473965,"sha512":"f2R8yaxYfUc7t48Bk04LzCImKB27jTxQcAe6RAFE/2lMaHmhsNJCJ47S0XSDCCvUNJp5imIeKLPifHT4z+jt5g==","blockMapSize":116960,"path":"lunarclient-3.7.16-ow-x64.nsis.7z","file":"lunarclient-3.7.16-ow-x64.nsis.7z"}},"releaseDate":"2026-08-24T23:38:30.176Z"},"updateInfo":{"version":"3.7.16-ow","files":[{"url":"Lunar Client v3.7.16-ow.exe","sha512":"K25vDcT8UO0xbMd4MX5URU+l33+vEILLkpsRkxPMYVfB+yP5gqHGuNWOOGgUOE0gH2g4j+1Mjo9AFnQDC35tng=="}],"path":"Lunar Client v3.7.16-ow.exe","sha512":"K25vDcT8UO0xbMd4MX5URU+l33+vEILLkpsRkxPMYVfB+yP5gqHGuNWOOGgUOE0gH2g4j+1Mjo9AFnQDC35tng==","packages":{"x64":{"size":112473965,"sha512":"f2R8yaxYfUc7t48Bk04LzCImKB27jTxQcAe6RAFE/2lMaHmhsNJCJ47S0XSDCCvUNJp5imIeKLPifHT4z+jt5g==","blockMapSize":116960,"path":"lunarclient-3.7.16-ow-x64.nsis.7z","file":"lunarclient-3.7.16-ow-x64.nsis.7z"}},"releaseDate":"2026-08-24T23:38:30.176Z"}}
[2026-08-27 12:50:33.826] [info]  [Library] Checking for update
[2026-08-27 12:50:33.839] [info]  [Updater] Checking for updates...
[2026-08-27 12:50:33.845] [info]           * Current Version: 3.7.16.12965
[2026-08-27 12:50:33.852] [info]           * Channel: latest-ow
[2026-08-27 12:50:33.855] [info]           * URL: https://launcherupdates.lunarclientcdn.com
[2026-08-27 12:50:33.858] [info]           * User Initiated: false
[2026-08-27 12:50:34.054] [info]  [Library] Update for version 3.7.16-ow is not available (latest version: 3.7.16-ow, downgrade is allowed).
[2026-08-27 12:50:34.056] [info]  [Updater] No updates available.
[2026-08-27 12:50:34.060] [info]  [Updater] Update check returned a result... skipping: {"isUpdateAvailable":false,"versionInfo":{"version":"3.7.16-ow","files":[{"url":"Lunar Client v3.7.16-ow.exe","sha512":"K25vDcT8UO0xbMd4MX5URU+l33+vEILLkpsRkxPMYVfB+yP5gqHGuNWOOGgUOE0gH2g4j+1Mjo9AFnQDC35tng=="}],"path":"Lunar Client v3.7.16-ow.exe","sha512":"K25vDcT8UO0xbMd4MX5URU+l33+vEILLkpsRkxPMYVfB+yP5gqHGuNWOOGgUOE0gH2g4j+1Mjo9AFnQDC35tng==","packages":{"x64":{"size":112473965,"sha512":"f2R8yaxYfUc7t48Bk04LzCImKB27jTxQcAe6RAFE/2lMaHmhsNJCJ47S0XSDCCvUNJp5imIeKLPifHT4z+jt5g==","blockMapSize":116960,"path":"lunarclient-3.7.16-ow-x64.nsis.7z","file":"lunarclient-3.7.16-ow-x64.nsis.7z"}},"releaseDate":"2026-08-24T23:38:30.176Z"},"updateInfo":{"version":"3.7.16-ow","files":[{"url":"Lunar Client v3.7.16-ow.exe","sha512":"K25vDcT8UO0xbMd4MX5URU+l33+vEILLkpsRkxPMYVfB+yP5gqHGuNWOOGgUOE0gH2g4j+1Mjo9AFnQDC35tng=="}],"path":"Lunar Client v3.7.16-ow.exe","sha512":"K25vDcT8UO0xbMd4MX5URU+l33+vEILLkpsRkxPMYVfB+yP5gqHGuNWOOGgUOE0gH2g4j+1Mjo9AFnQDC35tng==","packages":{"x64":{"size":112473965,"sha512":"f2R8yaxYfUc7t48Bk04LzCImKB27jTxQcAe6RAFE/2lMaHmhsNJCJ47S0XSDCCvUNJp5imIeKLPifHT4z+jt5g==","blockMapSize":116960,"path":"lunarclient-3.7.16-ow-x64.nsis.7z","file":"lunarclient-3.7.16-ow-x64.nsis.7z"}},"releaseDate":"2026-08-24T23:38:30.176Z"}}
[2026-08-27 13:05:33.848] [info]  [Library] Checking for update
[2026-08-27 13:05:33.888] [info]  [Updater] Checking for updates...
[2026-08-27 13:05:33.899] [info]           * Current Version: 3.7.16.12965
[2026-08-27 13:05:33.907] [info]           * Channel: latest-ow
[2026-08-27 13:05:33.913] [info]           * URL: https://launcherupdates.lunarclientcdn.com
[2026-08-27 13:05:33.920] [info]           * User Initiated: false
[2026-08-27 13:05:34.428] [info]  [Library] Update for version 3.7.16-ow is not available (latest version: 3.7.16-ow, downgrade is allowed).
[2026-08-27 13:05:34.431] [info]  [Updater] No updates available.
[2026-08-27 13:05:34.437] [info]  [Updater] Update check returned a result... skipping: {"isUpdateAvailable":false,"versionInfo":{"version":"3.7.16-ow","files":[{"url":"Lunar Client v3.7.16-ow.exe","sha512":"K25vDcT8UO0xbMd4MX5URU+l33+vEILLkpsRkxPMYVfB+yP5gqHGuNWOOGgUOE0gH2g4j+1Mjo9AFnQDC35tng=="}],"path":"Lunar Client v3.7.16-ow.exe","sha512":"K25vDcT8UO0xbMd4MX5URU+l33+vEILLkpsRkxPMYVfB+yP5gqHGuNWOOGgUOE0gH2g4j+1Mjo9AFnQDC35tng==","packages":{"x64":{"size":112473965,"sha512":"f2R8yaxYfUc7t48Bk04LzCImKB27jTxQcAe6RAFE/2lMaHmhsNJCJ47S0XSDCCvUNJp5imIeKLPifHT4z+jt5g==","blockMapSize":116960,"path":"lunarclient-3.7.16-ow-x64.nsis.7z","file":"lunarclient-3.7.16-ow-x64.nsis.7z"}},"releaseDate":"2026-08-24T23:38:30.176Z"},"updateInfo":{"version":"3.7.16-ow","files":[{"url":"Lunar Client v3.7.16-ow.exe","sha512":"K25vDcT8UO0xbMd4MX5URU+l33+vEILLkpsRkxPMYVfB+yP5gqHGuNWOOGgUOE0gH2g4j+1Mjo9AFnQDC35tng=="}],"path":"Lunar Client v3.7.16-ow.exe","sha512":"K25vDcT8UO0xbMd4MX5URU+l33+vEILLkpsRkxPMYVfB+yP5gqHGuNWOOGgUOE0gH2g4j+1Mjo9AFnQDC35tng==","packages":{"x64":{"size":112473965,"sha512":"f2R8yaxYfUc7t48Bk04LzCImKB27jTxQcAe6RAFE/2lMaHmhsNJCJ47S0XSDCCvUNJp5imIeKLPifHT4z+jt5g==","blockMapSize":116960,"path":"lunarclient-3.7.16-ow-x64.nsis.7z","file":"lunarclient-3.7.16-ow-x64.nsis.7z"}},"releaseDate":"2026-08-24T23:38:30.176Z"}}
[2026-08-27 13:20:33.838] [info]  [Library] Checking for update
[2026-08-27 13:20:33.840] [info]  [Updater] Checking for updates...
[2026-08-27 13:20:33.842] [info]           * Current Version: 3.7.16.12965
[2026-08-27 13:20:33.845] [info]           * Channel: latest-ow
[2026-08-27 13:20:33.847] [info]           * URL: https://launcherupdates.lunarclientcdn.com
[2026-08-27 13:20:33.849] [info]           * User Initiated: false
[2026-08-27 13:20:35.042] [info]  [Library] Update for version 3.7.16-ow is not available (latest version: 3.7.16-ow, downgrade is allowed).
[2026-08-27 13:20:35.043] [info]  [Updater] No updates available.
[2026-08-27 13:20:35.044] [info]  [Updater] Update check returned a result... skipping: {"isUpdateAvailable":false,"versionInfo":{"version":"3.7.16-ow","files":[{"url":"Lunar Client v3.7.16-ow.exe","sha512":"K25vDcT8UO0xbMd4MX5URU+l33+vEILLkpsRkxPMYVfB+yP5gqHGuNWOOGgUOE0gH2g4j+1Mjo9AFnQDC35tng=="}],"path":"Lunar Client v3.7.16-ow.exe","sha512":"K25vDcT8UO0xbMd4MX5URU+l33+vEILLkpsRkxPMYVfB+yP5gqHGuNWOOGgUOE0gH2g4j+1Mjo9AFnQDC35tng==","packages":{"x64":{"size":112473965,"sha512":"f2R8yaxYfUc7t48Bk04LzCImKB27jTxQcAe6RAFE/2lMaHmhsNJCJ47S0XSDCCvUNJp5imIeKLPifHT4z+jt5g==","blockMapSize":116960,"path":"lunarclient-3.7.16-ow-x64.nsis.7z","file":"lunarclient-3.7.16-ow-x64.nsis.7z"}},"releaseDate":"2026-08-24T23:38:30.176Z"},"updateInfo":{"version":"3.7.16-ow","files":[{"url":"Lunar Client v3.7.16-ow.exe","sha512":"K25vDcT8UO0xbMd4MX5URU+l33+vEILLkpsRkxPMYVfB+yP5gqHGuNWOOGgUOE0gH2g4j+1Mjo9AFnQDC35tng=="}],"path":"Lunar Client v3.7.16-ow.exe","sha512":"K25vDcT8UO0xbMd4MX5URU+l33+vEILLkpsRkxPMYVfB+yP5gqHGuNWOOGgUOE0gH2g4j+1Mjo9AFnQDC35tng==","packages":{"x64":{"size":112473965,"sha512":"f2R8yaxYfUc7t48Bk04LzCImKB27jTxQcAe6RAFE/2lMaHmhsNJCJ47S0XSDCCvUNJp5imIeKLPifHT4z+jt5g==","blockMapSize":116960,"path":"lunarclient-3.7.16-ow-x64.nsis.7z","file":"lunarclient-3.7.16-ow-x64.nsis.7z"}},"releaseDate":"2026-08-24T23:38:30.176Z"}}
[2026-08-27 13:35:33.853] [info]  [Library] Checking for update
[2026-08-27 13:35:33.855] [info]  [Updater] Checking for updates...
[2026-08-27 13:35:33.856] [info]           * Current Version: 3.7.16.12965
[2026-08-27 13:35:33.858] [info]           * Channel: latest-ow
[2026-08-27 13:35:33.859] [info]           * URL: https://launcherupdates.lunarclientcdn.com
[2026-08-27 13:35:33.860] [info]           * User Initiated: false
[2026-08-27 13:35:35.019] [info]  [Library] Update for version 3.7.16-ow is not available (latest version: 3.7.16-ow, downgrade is allowed).
[2026-08-27 13:35:35.020] [info]  [Updater] No updates available.
[2026-08-27 13:35:35.021] [info]  [Updater] Update check returned a result... skipping: {"isUpdateAvailable":false,"versionInfo":{"version":"3.7.16-ow","files":[{"url":"Lunar Client v3.7.16-ow.exe","sha512":"K25vDcT8UO0xbMd4MX5URU+l33+vEILLkpsRkxPMYVfB+yP5gqHGuNWOOGgUOE0gH2g4j+1Mjo9AFnQDC35tng=="}],"path":"Lunar Client v3.7.16-ow.exe","sha512":"K25vDcT8UO0xbMd4MX5URU+l33+vEILLkpsRkxPMYVfB+yP5gqHGuNWOOGgUOE0gH2g4j+1Mjo9AFnQDC35tng==","packages":{"x64":{"size":112473965,"sha512":"f2R8yaxYfUc7t48Bk04LzCImKB27jTxQcAe6RAFE/2lMaHmhsNJCJ47S0XSDCCvUNJp5imIeKLPifHT4z+jt5g==","blockMapSize":116960,"path":"lunarclient-3.7.16-ow-x64.nsis.7z","file":"lunarclient-3.7.16-ow-x64.nsis.7z"}},"releaseDate":"2026-08-24T23:38:30.176Z"},"updateInfo":{"version":"3.7.16-ow","files":[{"url":"Lunar Client v3.7.16-ow.exe","sha512":"K25vDcT8UO0xbMd4MX5URU+l33+vEILLkpsRkxPMYVfB+yP5gqHGuNWOOGgUOE0gH2g4j+1Mjo9AFnQDC35tng=="}],"path":"Lunar Client v3.7.16-ow.exe","sha512":"K25vDcT8UO0xbMd4MX5URU+l33+vEILLkpsRkxPMYVfB+yP5gqHGuNWOOGgUOE0gH2g4j+1Mjo9AFnQDC35tng==","packages":{"x64":{"size":112473965,"sha512":"f2R8yaxYfUc7t48Bk04LzCImKB27jTxQcAe6RAFE/2lMaHmhsNJCJ47S0XSDCCvUNJp5imIeKLPifHT4z+jt5g==","blockMapSize":116960,"path":"lunarclient-3.7.16-ow-x64.nsis.7z","file":"lunarclient-3.7.16-ow-x64.nsis.7z"}},"releaseDate":"2026-08-24T23:38:30.176Z"}}
[2026-08-27 13:50:33.885] [info]  [Library] Checking for update
[2026-08-27 13:50:33.894] [info]  [Updater] Checking for updates...
[2026-08-27 13:50:33.897] [info]           * Current Version: 3.7.16.12965
[2026-08-27 13:50:33.900] [info]           * Channel: latest-ow
[2026-08-27 13:50:33.901] [info]           * URL: https://launcherupdates.lunarclientcdn.com
[2026-08-27 13:50:33.903] [info]           * User Initiated: false
[2026-08-27 13:50:34.078] [info]  [Library] Update for version 3.7.16-ow is not available (latest version: 3.7.16-ow, downgrade is allowed).
[2026-08-27 13:50:34.079] [info]  [Updater] No updates available.
[2026-08-27 13:50:34.081] [info]  [Updater] Update check returned a result... skipping: {"isUpdateAvailable":false,"versionInfo":{"version":"3.7.16-ow","files":[{"url":"Lunar Client v3.7.16-ow.exe","sha512":"K25vDcT8UO0xbMd4MX5URU+l33+vEILLkpsRkxPMYVfB+yP5gqHGuNWOOGgUOE0gH2g4j+1Mjo9AFnQDC35tng=="}],"path":"Lunar Client v3.7.16-ow.exe","sha512":"K25vDcT8UO0xbMd4MX5URU+l33+vEILLkpsRkxPMYVfB+yP5gqHGuNWOOGgUOE0gH2g4j+1Mjo9AFnQDC35tng==","packages":{"x64":{"size":112473965,"sha512":"f2R8yaxYfUc7t48Bk04LzCImKB27jTxQcAe6RAFE/2lMaHmhsNJCJ47S0XSDCCvUNJp5imIeKLPifHT4z+jt5g==","blockMapSize":116960,"path":"lunarclient-3.7.16-ow-x64.nsis.7z","file":"lunarclient-3.7.16-ow-x64.nsis.7z"}},"releaseDate":"2026-08-24T23:38:30.176Z"},"updateInfo":{"version":"3.7.16-ow","files":[{"url":"Lunar Client v3.7.16-ow.exe","sha512":"K25vDcT8UO0xbMd4MX5URU+l33+vEILLkpsRkxPMYVfB+yP5gqHGuNWOOGgUOE0gH2g4j+1Mjo9AFnQDC35tng=="}],"path":"Lunar Client v3.7.16-ow.exe","sha512":"K25vDcT8UO0xbMd4MX5URU+l33+vEILLkpsRkxPMYVfB+yP5gqHGuNWOOGgUOE0gH2g4j+1Mjo9AFnQDC35tng==","packages":{"x64":{"size":112473965,"sha512":"f2R8yaxYfUc7t48Bk04LzCImKB27jTxQcAe6RAFE/2lMaHmhsNJCJ47S0XSDCCvUNJp5imIeKLPifHT4z+jt5g==","blockMapSize":116960,"path":"lunarclient-3.7.16-ow-x64.nsis.7z","file":"lunarclient-3.7.16-ow-x64.nsis.7z"}},"releaseDate":"2026-08-24T23:38:30.176Z"}}
[2026-08-27 14:05:33.891] [info]  [Library] Checking for update
[2026-08-27 14:05:33.894] [info]  [Updater] Checking for updates...
[2026-08-27 14:05:33.895] [info]           * Current Version: 3.7.16.12965
[2026-08-27 14:05:33.897] [info]           * Channel: latest-ow
[2026-08-27 14:05:33.898] [info]           * URL: https://launcherupdates.lunarclientcdn.com
[2026-08-27 14:05:33.900] [info]           * User Initiated: false
[2026-08-27 14:05:34.087] [info]  [Library] Update for version 3.7.16-ow is not available (latest version: 3.7.16-ow, downgrade is allowed).
[2026-08-27 14:05:34.087] [info]  [Updater] No updates available.
[2026-08-27 14:05:34.089] [info]  [Updater] Update check returned a result... skipping: {"isUpdateAvailable":false,"versionInfo":{"version":"3.7.16-ow","files":[{"url":"Lunar Client v3.7.16-ow.exe","sha512":"K25vDcT8UO0xbMd4MX5URU+l33+vEILLkpsRkxPMYVfB+yP5gqHGuNWOOGgUOE0gH2g4j+1Mjo9AFnQDC35tng=="}],"path":"Lunar Client v3.7.16-ow.exe","sha512":"K25vDcT8UO0xbMd4MX5URU+l33+vEILLkpsRkxPMYVfB+yP5gqHGuNWOOGgUOE0gH2g4j+1Mjo9AFnQDC35tng==","packages":{"x64":{"size":112473965,"sha512":"f2R8yaxYfUc7t48Bk04LzCImKB27jTxQcAe6RAFE/2lMaHmhsNJCJ47S0XSDCCvUNJp5imIeKLPifHT4z+jt5g==","blockMapSize":116960,"path":"lunarclient-3.7.16-ow-x64.nsis.7z","file":"lunarclient-3.7.16-ow-x64.nsis.7z"}},"releaseDate":"2026-08-24T23:38:30.176Z"},"updateInfo":{"version":"3.7.16-ow","files":[{"url":"Lunar Client v3.7.16-ow.exe","sha512":"K25vDcT8UO0xbMd4MX5URU+l33+vEILLkpsRkxPMYVfB+yP5gqHGuNWOOGgUOE0gH2g4j+1Mjo9AFnQDC35tng=="}],"path":"Lunar Client v3.7.16-ow.exe","sha512":"K25vDcT8UO0xbMd4MX5URU+l33+vEILLkpsRkxPMYVfB+yP5gqHGuNWOOGgUOE0gH2g4j+1Mjo9AFnQDC35tng==","packages":{"x64":{"size":112473965,"sha512":"f2R8yaxYfUc7t48Bk04LzCImKB27jTxQcAe6RAFE/2lMaHmhsNJCJ47S0XSDCCvUNJp5imIeKLPifHT4z+jt5g==","blockMapSize":116960,"path":"lunarclient-3.7.16-ow-x64.nsis.7z","file":"lunarclient-3.7.16-ow-x64.nsis.7z"}},"releaseDate":"2026-08-24T23:38:30.176Z"}}
[2026-08-27 14:20:33.882] [info]  [Library] Checking for update
[2026-08-27 14:20:33.883] [info]  [Updater] Checking for updates...
[2026-08-27 14:20:33.885] [info]           * Current Version: 3.7.16.12965
[2026-08-27 14:20:33.886] [info]           * Channel: latest-ow
[2026-08-27 14:20:33.887] [info]           * URL: https://launcherupdates.lunarclientcdn.com
[2026-08-27 14:20:33.889] [info]           * User Initiated: false
[2026-08-27 14:20:34.011] [info]  [Library] Update for version 3.7.16-ow is not available (latest version: 3.7.16-ow, downgrade is allowed).
[2026-08-27 14:20:34.012] [info]  [Updater] No updates available.
[2026-08-27 14:20:34.013] [info]  [Updater] Update check returned a result... skipping: {"isUpdateAvailable":false,"versionInfo":{"version":"3.7.16-ow","files":[{"url":"Lunar Client v3.7.16-ow.exe","sha512":"K25vDcT8UO0xbMd4MX5URU+l33+vEILLkpsRkxPMYVfB+yP5gqHGuNWOOGgUOE0gH2g4j+1Mjo9AFnQDC35tng=="}],"path":"Lunar Client v3.7.16-ow.exe","sha512":"K25vDcT8UO0xbMd4MX5URU+l33+vEILLkpsRkxPMYVfB+yP5gqHGuNWOOGgUOE0gH2g4j+1Mjo9AFnQDC35tng==","packages":{"x64":{"size":112473965,"sha512":"f2R8yaxYfUc7t48Bk04LzCImKB27jTxQcAe6RAFE/2lMaHmhsNJCJ47S0XSDCCvUNJp5imIeKLPifHT4z+jt5g==","blockMapSize":116960,"path":"lunarclient-3.7.16-ow-x64.nsis.7z","file":"lunarclient-3.7.16-ow-x64.nsis.7z"}},"releaseDate":"2026-08-24T23:38:30.176Z"},"updateInfo":{"version":"3.7.16-ow","files":[{"url":"Lunar Client v3.7.16-ow.exe","sha512":"K25vDcT8UO0xbMd4MX5URU+l33+vEILLkpsRkxPMYVfB+yP5gqHGuNWOOGgUOE0gH2g4j+1Mjo9AFnQDC35tng=="}],"path":"Lunar Client v3.7.16-ow.exe","sha512":"K25vDcT8UO0xbMd4MX5URU+l33+vEILLkpsRkxPMYVfB+yP5gqHGuNWOOGgUOE0gH2g4j+1Mjo9AFnQDC35tng==","packages":{"x64":{"size":112473965,"sha512":"f2R8yaxYfUc7t48Bk04LzCImKB27jTxQcAe6RAFE/2lMaHmhsNJCJ47S0XSDCCvUNJp5imIeKLPifHT4z+jt5g==","blockMapSize":116960,"path":"lunarclient-3.7.16-ow-x64.nsis.7z","file":"lunarclient-3.7.16-ow-x64.nsis.7z"}},"releaseDate":"2026-08-24T23:38:30.176Z"}}
[2026-08-27 14:35:33.908] [info]  [Library] Checking for update
[2026-08-27 14:35:33.913] [info]  [Updater] Checking for updates...
[2026-08-27 14:35:33.917] [info]           * Current Version: 3.7.16.12965
[2026-08-27 14:35:33.920] [info]           * Channel: latest-ow
[2026-08-27 14:35:33.924] [info]           * URL: https://launcherupdates.lunarclientcdn.com
[2026-08-27 14:35:33.926] [info]           * User Initiated: false
[2026-08-27 14:35:34.148] [info]  [Library] Update for version 3.7.16-ow is not available (latest version: 3.7.16-ow, downgrade is allowed).
[2026-08-27 14:35:34.150] [info]  [Updater] No updates available.
[2026-08-27 14:35:34.152] [info]  [Updater] Update check returned a result... skipping: {"isUpdateAvailable":false,"versionInfo":{"version":"3.7.16-ow","files":[{"url":"Lunar Client v3.7.16-ow.exe","sha512":"K25vDcT8UO0xbMd4MX5URU+l33+vEILLkpsRkxPMYVfB+yP5gqHGuNWOOGgUOE0gH2g4j+1Mjo9AFnQDC35tng=="}],"path":"Lunar Client v3.7.16-ow.exe","sha512":"K25vDcT8UO0xbMd4MX5URU+l33+vEILLkpsRkxPMYVfB+yP5gqHGuNWOOGgUOE0gH2g4j+1Mjo9AFnQDC35tng==","packages":{"x64":{"size":112473965,"sha512":"f2R8yaxYfUc7t48Bk04LzCImKB27jTxQcAe6RAFE/2lMaHmhsNJCJ47S0XSDCCvUNJp5imIeKLPifHT4z+jt5g==","blockMapSize":116960,"path":"lunarclient-3.7.16-ow-x64.nsis.7z","file":"lunarclient-3.7.16-ow-x64.nsis.7z"}},"releaseDate":"2026-08-24T23:38:30.176Z"},"updateInfo":{"version":"3.7.16-ow","files":[{"url":"Lunar Client v3.7.16-ow.exe","sha512":"K25vDcT8UO0xbMd4MX5URU+l33+vEILLkpsRkxPMYVfB+yP5gqHGuNWOOGgUOE0gH2g4j+1Mjo9AFnQDC35tng=="}],"path":"Lunar Client v3.7.16-ow.exe","sha512":"K25vDcT8UO0xbMd4MX5URU+l33+vEILLkpsRkxPMYVfB+yP5gqHGuNWOOGgUOE0gH2g4j+1Mjo9AFnQDC35tng==","packages":{"x64":{"size":112473965,"sha512":"f2R8yaxYfUc7t48Bk04LzCImKB27jTxQcAe6RAFE/2lMaHmhsNJCJ47S0XSDCCvUNJp5imIeKLPifHT4z+jt5g==","blockMapSize":116960,"path":"lunarclient-3.7.16-ow-x64.nsis.7z","file":"lunarclient-3.7.16-ow-x64.nsis.7z"}},"releaseDate":"2026-08-24T23:38:30.176Z"}}
[2026-08-27 14:50:33.914] [info]  [Library] Checking for update
[2026-08-27 14:50:33.919] [info]  [Updater] Checking for updates...
[2026-08-27 14:50:33.921] [info]           * Current Version: 3.7.16.12965
[2026-08-27 14:50:33.924] [info]           * Channel: latest-ow
[2026-08-27 14:50:33.926] [info]           * URL: https://launcherupdates.lunarclientcdn.com
[2026-08-27 14:50:33.928] [info]           * User Initiated: false
[2026-08-27 14:50:34.175] [info]  [Library] Update for version 3.7.16-ow is not available (latest version: 3.7.16-ow, downgrade is allowed).
[2026-08-27 14:50:34.176] [info]  [Updater] No updates available.
[2026-08-27 14:50:34.179] [info]  [Updater] Update check returned a result... skipping: {"isUpdateAvailable":false,"versionInfo":{"version":"3.7.16-ow","files":[{"url":"Lunar Client v3.7.16-ow.exe","sha512":"K25vDcT8UO0xbMd4MX5URU+l33+vEILLkpsRkxPMYVfB+yP5gqHGuNWOOGgUOE0gH2g4j+1Mjo9AFnQDC35tng=="}],"path":"Lunar Client v3.7.16-ow.exe","sha512":"K25vDcT8UO0xbMd4MX5URU+l33+vEILLkpsRkxPMYVfB+yP5gqHGuNWOOGgUOE0gH2g4j+1Mjo9AFnQDC35tng==","packages":{"x64":{"size":112473965,"sha512":"f2R8yaxYfUc7t48Bk04LzCImKB27jTxQcAe6RAFE/2lMaHmhsNJCJ47S0XSDCCvUNJp5imIeKLPifHT4z+jt5g==","blockMapSize":116960,"path":"lunarclient-3.7.16-ow-x64.nsis.7z","file":"lunarclient-3.7.16-ow-x64.nsis.7z"}},"releaseDate":"2026-08-24T23:38:30.176Z"},"updateInfo":{"version":"3.7.16-ow","files":[{"url":"Lunar Client v3.7.16-ow.exe","sha512":"K25vDcT8UO0xbMd4MX5URU+l33+vEILLkpsRkxPMYVfB+yP5gqHGuNWOOGgUOE0gH2g4j+1Mjo9AFnQDC35tng=="}],"path":"Lunar Client v3.7.16-ow.exe","sha512":"K25vDcT8UO0xbMd4MX5URU+l33+vEILLkpsRkxPMYVfB+yP5gqHGuNWOOGgUOE0gH2g4j+1Mjo9AFnQDC35tng==","packages":{"x64":{"size":112473965,"sha512":"f2R8yaxYfUc7t48Bk04LzCImKB27jTxQcAe6RAFE/2lMaHmhsNJCJ47S0XSDCCvUNJp5imIeKLPifHT4z+jt5g==","blockMapSize":116960,"path":"lunarclient-3.7.16-ow-x64.nsis.7z","file":"lunarclient-3.7.16-ow-x64.nsis.7z"}},"releaseDate":"2026-08-24T23:38:30.176Z"}}
[2026-08-27 15:05:33.922] [info]  [Library] Checking for update
[2026-08-27 15:05:33.938] [info]  [Updater] Checking for updates...
[2026-08-27 15:05:33.943] [info]           * Current Version: 3.7.16.12965
[2026-08-27 15:05:33.945] [info]           * Channel: latest-ow
[2026-08-27 15:05:33.947] [info]           * URL: https://launcherupdates.lunarclientcdn.com
[2026-08-27 15:05:33.950] [info]           * User Initiated: false
[2026-08-27 15:05:34.271] [info]  [Library] Update for version 3.7.16-ow is not available (latest version: 3.7.16-ow, downgrade is allowed).
[2026-08-27 15:05:34.272] [info]  [Updater] No updates available.
[2026-08-27 15:05:34.275] [info]  [Updater] Update check returned a result... skipping: {"isUpdateAvailable":false,"versionInfo":{"version":"3.7.16-ow","files":[{"url":"Lunar Client v3.7.16-ow.exe","sha512":"K25vDcT8UO0xbMd4MX5URU+l33+vEILLkpsRkxPMYVfB+yP5gqHGuNWOOGgUOE0gH2g4j+1Mjo9AFnQDC35tng=="}],"path":"Lunar Client v3.7.16-ow.exe","sha512":"K25vDcT8UO0xbMd4MX5URU+l33+vEILLkpsRkxPMYVfB+yP5gqHGuNWOOGgUOE0gH2g4j+1Mjo9AFnQDC35tng==","packages":{"x64":{"size":112473965,"sha512":"f2R8yaxYfUc7t48Bk04LzCImKB27jTxQcAe6RAFE/2lMaHmhsNJCJ47S0XSDCCvUNJp5imIeKLPifHT4z+jt5g==","blockMapSize":116960,"path":"lunarclient-3.7.16-ow-x64.nsis.7z","file":"lunarclient-3.7.16-ow-x64.nsis.7z"}},"releaseDate":"2026-08-24T23:38:30.176Z"},"updateInfo":{"version":"3.7.16-ow","files":[{"url":"Lunar Client v3.7.16-ow.exe","sha512":"K25vDcT8UO0xbMd4MX5URU+l33+vEILLkpsRkxPMYVfB+yP5gqHGuNWOOGgUOE0gH2g4j+1Mjo9AFnQDC35tng=="}],"path":"Lunar Client v3.7.16-ow.exe","sha512":"K25vDcT8UO0xbMd4MX5URU+l33+vEILLkpsRkxPMYVfB+yP5gqHGuNWOOGgUOE0gH2g4j+1Mjo9AFnQDC35tng==","packages":{"x64":{"size":112473965,"sha512":"f2R8yaxYfUc7t48Bk04LzCImKB27jTxQcAe6RAFE/2lMaHmhsNJCJ47S0XSDCCvUNJp5imIeKLPifHT4z+jt5g==","blockMapSize":116960,"path":"lunarclient-3.7.16-ow-x64.nsis.7z","file":"lunarclient-3.7.16-ow-x64.nsis.7z"}},"releaseDate":"2026-08-24T23:38:30.176Z"}}
[2026-08-27 15:20:33.923] [info]  [Library] Checking for update
[2026-08-27 15:20:33.927] [info]  [Updater] Checking for updates...
[2026-08-27 15:20:33.930] [info]           * Current Version: 3.7.16.12965
[2026-08-27 15:20:33.933] [info]           * Channel: latest-ow
[2026-08-27 15:20:33.935] [info]           * URL: https://launcherupdates.lunarclientcdn.com
[2026-08-27 15:20:33.936] [info]           * User Initiated: false
[2026-08-27 15:20:34.094] [info]  [Library] Update for version 3.7.16-ow is not available (latest version: 3.7.16-ow, downgrade is allowed).
[2026-08-27 15:20:34.095] [info]  [Updater] No updates available.
[2026-08-27 15:20:34.097] [info]  [Updater] Update check returned a result... skipping: {"isUpdateAvailable":false,"versionInfo":{"version":"3.7.16-ow","files":[{"url":"Lunar Client v3.7.16-ow.exe","sha512":"K25vDcT8UO0xbMd4MX5URU+l33+vEILLkpsRkxPMYVfB+yP5gqHGuNWOOGgUOE0gH2g4j+1Mjo9AFnQDC35tng=="}],"path":"Lunar Client v3.7.16-ow.exe","sha512":"K25vDcT8UO0xbMd4MX5URU+l33+vEILLkpsRkxPMYVfB+yP5gqHGuNWOOGgUOE0gH2g4j+1Mjo9AFnQDC35tng==","packages":{"x64":{"size":112473965,"sha512":"f2R8yaxYfUc7t48Bk04LzCImKB27jTxQcAe6RAFE/2lMaHmhsNJCJ47S0XSDCCvUNJp5imIeKLPifHT4z+jt5g==","blockMapSize":116960,"path":"lunarclient-3.7.16-ow-x64.nsis.7z","file":"lunarclient-3.7.16-ow-x64.nsis.7z"}},"releaseDate":"2026-08-24T23:38:30.176Z"},"updateInfo":{"version":"3.7.16-ow","files":[{"url":"Lunar Client v3.7.16-ow.exe","sha512":"K25vDcT8UO0xbMd4MX5URU+l33+vEILLkpsRkxPMYVfB+yP5gqHGuNWOOGgUOE0gH2g4j+1Mjo9AFnQDC35tng=="}],"path":"Lunar Client v3.7.16-ow.exe","sha512":"K25vDcT8UO0xbMd4MX5URU+l33+vEILLkpsRkxPMYVfB+yP5gqHGuNWOOGgUOE0gH2g4j+1Mjo9AFnQDC35tng==","packages":{"x64":{"size":112473965,"sha512":"f2R8yaxYfUc7t48Bk04LzCImKB27jTxQcAe6RAFE/2lMaHmhsNJCJ47S0XSDCCvUNJp5imIeKLPifHT4z+jt5g==","blockMapSize":116960,"path":"lunarclient-3.7.16-ow-x64.nsis.7z","file":"lunarclient-3.7.16-ow-x64.nsis.7z"}},"releaseDate":"2026-08-24T23:38:30.176Z"}}
[2026-08-27 15:35:33.939] [info]  [Library] Checking for update
[2026-08-27 15:35:33.954] [info]  [Updater] Checking for updates...
[2026-08-27 15:35:33.959] [info]           * Current Version: 3.7.16.12965
[2026-08-27 15:35:33.961] [info]           * Channel: latest-ow
[2026-08-27 15:35:33.966] [info]           * URL: https://launcherupdates.lunarclientcdn.com
[2026-08-27 15:35:33.968] [info]           * User Initiated: false
[2026-08-27 15:35:34.430] [info]  [Library] Update for version 3.7.16-ow is not available (latest version: 3.7.16-ow, downgrade is allowed).
[2026-08-27 15:35:34.432] [info]  [Updater] No updates available.
[2026-08-27 15:35:34.434] [info]  [Updater] Update check returned a result... skipping: {"isUpdateAvailable":false,"versionInfo":{"version":"3.7.16-ow","files":[{"url":"Lunar Client v3.7.16-ow.exe","sha512":"K25vDcT8UO0xbMd4MX5URU+l33+vEILLkpsRkxPMYVfB+yP5gqHGuNWOOGgUOE0gH2g4j+1Mjo9AFnQDC35tng=="}],"path":"Lunar Client v3.7.16-ow.exe","sha512":"K25vDcT8UO0xbMd4MX5URU+l33+vEILLkpsRkxPMYVfB+yP5gqHGuNWOOGgUOE0gH2g4j+1Mjo9AFnQDC35tng==","packages":{"x64":{"size":112473965,"sha512":"f2R8yaxYfUc7t48Bk04LzCImKB27jTxQcAe6RAFE/2lMaHmhsNJCJ47S0XSDCCvUNJp5imIeKLPifHT4z+jt5g==","blockMapSize":116960,"path":"lunarclient-3.7.16-ow-x64.nsis.7z","file":"lunarclient-3.7.16-ow-x64.nsis.7z"}},"releaseDate":"2026-08-24T23:38:30.176Z"},"updateInfo":{"version":"3.7.16-ow","files":[{"url":"Lunar Client v3.7.16-ow.exe","sha512":"K25vDcT8UO0xbMd4MX5URU+l33+vEILLkpsRkxPMYVfB+yP5gqHGuNWOOGgUOE0gH2g4j+1Mjo9AFnQDC35tng=="}],"path":"Lunar Client v3.7.16-ow.exe","sha512":"K25vDcT8UO0xbMd4MX5URU+l33+vEILLkpsRkxPMYVfB+yP5gqHGuNWOOGgUOE0gH2g4j+1Mjo9AFnQDC35tng==","packages":{"x64":{"size":112473965,"sha512":"f2R8yaxYfUc7t48Bk04LzCImKB27jTxQcAe6RAFE/2lMaHmhsNJCJ47S0XSDCCvUNJp5imIeKLPifHT4z+jt5g==","blockMapSize":116960,"path":"lunarclient-3.7.16-ow-x64.nsis.7z","file":"lunarclient-3.7.16-ow-x64.nsis.7z"}},"releaseDate":"2026-08-24T23:38:30.176Z"}}
[2026-08-27 15:50:33.940] [info]  [Library] Checking for update
[2026-08-27 15:50:33.948] [info]  [Updater] Checking for updates...
[2026-08-27 15:50:33.951] [info]           * Current Version: 3.7.16.12965
[2026-08-27 15:50:33.953] [info]           * Channel: latest-ow
[2026-08-27 15:50:33.955] [info]           * URL: https://launcherupdates.lunarclientcdn.com
[2026-08-27 15:50:33.958] [info]           * User Initiated: false
[2026-08-27 15:50:34.160] [info]  [Library] Update for version 3.7.16-ow is not available (latest version: 3.7.16-ow, downgrade is allowed).
[2026-08-27 15:50:34.161] [info]  [Updater] No updates available.
[2026-08-27 15:50:34.164] [info]  [Updater] Update check returned a result... skipping: {"isUpdateAvailable":false,"versionInfo":{"version":"3.7.16-ow","files":[{"url":"Lunar Client v3.7.16-ow.exe","sha512":"K25vDcT8UO0xbMd4MX5URU+l33+vEILLkpsRkxPMYVfB+yP5gqHGuNWOOGgUOE0gH2g4j+1Mjo9AFnQDC35tng=="}],"path":"Lunar Client v3.7.16-ow.exe","sha512":"K25vDcT8UO0xbMd4MX5URU+l33+vEILLkpsRkxPMYVfB+yP5gqHGuNWOOGgUOE0gH2g4j+1Mjo9AFnQDC35tng==","packages":{"x64":{"size":112473965,"sha512":"f2R8yaxYfUc7t48Bk04LzCImKB27jTxQcAe6RAFE/2lMaHmhsNJCJ47S0XSDCCvUNJp5imIeKLPifHT4z+jt5g==","blockMapSize":116960,"path":"lunarclient-3.7.16-ow-x64.nsis.7z","file":"lunarclient-3.7.16-ow-x64.nsis.7z"}},"releaseDate":"2026-08-24T23:38:30.176Z"},"updateInfo":{"version":"3.7.16-ow","files":[{"url":"Lunar Client v3.7.16-ow.exe","sha512":"K25vDcT8UO0xbMd4MX5URU+l33+vEILLkpsRkxPMYVfB+yP5gqHGuNWOOGgUOE0gH2g4j+1Mjo9AFnQDC35tng=="}],"path":"Lunar Client v3.7.16-ow.exe","sha512":"K25vDcT8UO0xbMd4MX5URU+l33+vEILLkpsRkxPMYVfB+yP5gqHGuNWOOGgUOE0gH2g4j+1Mjo9AFnQDC35tng==","packages":{"x64":{"size":112473965,"sha512":"f2R8yaxYfUc7t48Bk04LzCImKB27jTxQcAe6RAFE/2lMaHmhsNJCJ47S0XSDCCvUNJp5imIeKLPifHT4z+jt5g==","blockMapSize":116960,"path":"lunarclient-3.7.16-ow-x64.nsis.7z","file":"lunarclient-3.7.16-ow-x64.nsis.7z"}},"releaseDate":"2026-08-24T23:38:30.176Z"}}
[2026-08-27 16:05:33.943] [info]  [Library] Checking for update
[2026-08-27 16:05:33.957] [info]  [Updater] Checking for updates...
[2026-08-27 16:05:33.961] [info]           * Current Version: 3.7.16.12965
[2026-08-27 16:05:33.963] [info]           * Channel: latest-ow
[2026-08-27 16:05:33.965] [info]           * URL: https://launcherupdates.lunarclientcdn.com
[2026-08-27 16:05:33.966] [info]           * User Initiated: false
[2026-08-27 16:05:34.129] [info]  [Library] Update for version 3.7.16-ow is not available (latest version: 3.7.16-ow, downgrade is allowed).
[2026-08-27 16:05:34.130] [info]  [Updater] No updates available.
[2026-08-27 16:05:34.131] [info]  [Updater] Update check returned a result... skipping: {"isUpdateAvailable":false,"versionInfo":{"version":"3.7.16-ow","files":[{"url":"Lunar Client v3.7.16-ow.exe","sha512":"K25vDcT8UO0xbMd4MX5URU+l33+vEILLkpsRkxPMYVfB+yP5gqHGuNWOOGgUOE0gH2g4j+1Mjo9AFnQDC35tng=="}],"path":"Lunar Client v3.7.16-ow.exe","sha512":"K25vDcT8UO0xbMd4MX5URU+l33+vEILLkpsRkxPMYVfB+yP5gqHGuNWOOGgUOE0gH2g4j+1Mjo9AFnQDC35tng==","packages":{"x64":{"size":112473965,"sha512":"f2R8yaxYfUc7t48Bk04LzCImKB27jTxQcAe6RAFE/2lMaHmhsNJCJ47S0XSDCCvUNJp5imIeKLPifHT4z+jt5g==","blockMapSize":116960,"path":"lunarclient-3.7.16-ow-x64.nsis.7z","file":"lunarclient-3.7.16-ow-x64.nsis.7z"}},"releaseDate":"2026-08-24T23:38:30.176Z"},"updateInfo":{"version":"3.7.16-ow","files":[{"url":"Lunar Client v3.7.16-ow.exe","sha512":"K25vDcT8UO0xbMd4MX5URU+l33+vEILLkpsRkxPMYVfB+yP5gqHGuNWOOGgUOE0gH2g4j+1Mjo9AFnQDC35tng=="}],"path":"Lunar Client v3.7.16-ow.exe","sha512":"K25vDcT8UO0xbMd4MX5URU+l33+vEILLkpsRkxPMYVfB+yP5gqHGuNWOOGgUOE0gH2g4j+1Mjo9AFnQDC35tng==","packages":{"x64":{"size":112473965,"sha512":"f2R8yaxYfUc7t48Bk04LzCImKB27jTxQcAe6RAFE/2lMaHmhsNJCJ47S0XSDCCvUNJp5imIeKLPifHT4z+jt5g==","blockMapSize":116960,"path":"lunarclient-3.7.16-ow-x64.nsis.7z","file":"lunarclient-3.7.16-ow-x64.nsis.7z"}},"releaseDate":"2026-08-24T23:38:30.176Z"}}
[2026-08-27 16:20:33.945] [info]  [Library] Checking for update
[2026-08-27 16:20:33.949] [info]  [Updater] Checking for updates...
[2026-08-27 16:20:33.952] [info]           * Current Version: 3.7.16.12965
[2026-08-27 16:20:33.953] [info]           * Channel: latest-ow
[2026-08-27 16:20:33.955] [info]           * URL: https://launcherupdates.lunarclientcdn.com
[2026-08-27 16:20:33.957] [info]           * User Initiated: false
[2026-08-27 16:20:34.135] [info]  [Library] Update for version 3.7.16-ow is not available (latest version: 3.7.16-ow, downgrade is allowed).
[2026-08-27 16:20:34.135] [info]  [Updater] No updates available.
[2026-08-27 16:20:34.137] [info]  [Updater] Update check returned a result... skipping: {"isUpdateAvailable":false,"versionInfo":{"version":"3.7.16-ow","files":[{"url":"Lunar Client v3.7.16-ow.exe","sha512":"K25vDcT8UO0xbMd4MX5URU+l33+vEILLkpsRkxPMYVfB+yP5gqHGuNWOOGgUOE0gH2g4j+1Mjo9AFnQDC35tng=="}],"path":"Lunar Client v3.7.16-ow.exe","sha512":"K25vDcT8UO0xbMd4MX5URU+l33+vEILLkpsRkxPMYVfB+yP5gqHGuNWOOGgUOE0gH2g4j+1Mjo9AFnQDC35tng==","packages":{"x64":{"size":112473965,"sha512":"f2R8yaxYfUc7t48Bk04LzCImKB27jTxQcAe6RAFE/2lMaHmhsNJCJ47S0XSDCCvUNJp5imIeKLPifHT4z+jt5g==","blockMapSize":116960,"path":"lunarclient-3.7.16-ow-x64.nsis.7z","file":"lunarclient-3.7.16-ow-x64.nsis.7z"}},"releaseDate":"2026-08-24T23:38:30.176Z"},"updateInfo":{"version":"3.7.16-ow","files":[{"url":"Lunar Client v3.7.16-ow.exe","sha512":"K25vDcT8UO0xbMd4MX5URU+l33+vEILLkpsRkxPMYVfB+yP5gqHGuNWOOGgUOE0gH2g4j+1Mjo9AFnQDC35tng=="}],"path":"Lunar Client v3.7.16-ow.exe","sha512":"K25vDcT8UO0xbMd4MX5URU+l33+vEILLkpsRkxPMYVfB+yP5gqHGuNWOOGgUOE0gH2g4j+1Mjo9AFnQDC35tng==","packages":{"x64":{"size":112473965,"sha512":"f2R8yaxYfUc7t48Bk04LzCImKB27jTxQcAe6RAFE/2lMaHmhsNJCJ47S0XSDCCvUNJp5imIeKLPifHT4z+jt5g==","blockMapSize":116960,"path":"lunarclient-3.7.16-ow-x64.nsis.7z","file":"lunarclient-3.7.16-ow-x64.nsis.7z"}},"releaseDate":"2026-08-24T23:38:30.176Z"}}
[2026-08-27 16:35:33.958] [info]  [Library] Checking for update
[2026-08-27 16:35:33.962] [info]  [Updater] Checking for updates...
[2026-08-27 16:35:33.964] [info]           * Current Version: 3.7.16.12965
[2026-08-27 16:35:33.965] [info]           * Channel: latest-ow
[2026-08-27 16:35:33.966] [info]           * URL: https://launcherupdates.lunarclientcdn.com
[2026-08-27 16:35:33.968] [info]           * User Initiated: false
[2026-08-27 16:35:34.173] [info]  [Library] Update for version 3.7.16-ow is not available (latest version: 3.7.16-ow, downgrade is allowed).
[2026-08-27 16:35:34.174] [info]  [Updater] No updates available.
[2026-08-27 16:35:34.176] [info]  [Updater] Update check returned a result... skipping: {"isUpdateAvailable":false,"versionInfo":{"version":"3.7.16-ow","files":[{"url":"Lunar Client v3.7.16-ow.exe","sha512":"K25vDcT8UO0xbMd4MX5URU+l33+vEILLkpsRkxPMYVfB+yP5gqHGuNWOOGgUOE0gH2g4j+1Mjo9AFnQDC35tng=="}],"path":"Lunar Client v3.7.16-ow.exe","sha512":"K25vDcT8UO0xbMd4MX5URU+l33+vEILLkpsRkxPMYVfB+yP5gqHGuNWOOGgUOE0gH2g4j+1Mjo9AFnQDC35tng==","packages":{"x64":{"size":112473965,"sha512":"f2R8yaxYfUc7t48Bk04LzCImKB27jTxQcAe6RAFE/2lMaHmhsNJCJ47S0XSDCCvUNJp5imIeKLPifHT4z+jt5g==","blockMapSize":116960,"path":"lunarclient-3.7.16-ow-x64.nsis.7z","file":"lunarclient-3.7.16-ow-x64.nsis.7z"}},"releaseDate":"2026-08-24T23:38:30.176Z"},"updateInfo":{"version":"3.7.16-ow","files":[{"url":"Lunar Client v3.7.16-ow.exe","sha512":"K25vDcT8UO0xbMd4MX5URU+l33+vEILLkpsRkxPMYVfB+yP5gqHGuNWOOGgUOE0gH2g4j+1Mjo9AFnQDC35tng=="}],"path":"Lunar Client v3.7.16-ow.exe","sha512":"K25vDcT8UO0xbMd4MX5URU+l33+vEILLkpsRkxPMYVfB+yP5gqHGuNWOOGgUOE0gH2g4j+1Mjo9AFnQDC35tng==","packages":{"x64":{"size":112473965,"sha512":"f2R8yaxYfUc7t48Bk04LzCImKB27jTxQcAe6RAFE/2lMaHmhsNJCJ47S0XSDCCvUNJp5imIeKLPifHT4z+jt5g==","blockMapSize":116960,"path":"lunarclient-3.7.16-ow-x64.nsis.7z","file":"lunarclient-3.7.16-ow-x64.nsis.7z"}},"releaseDate":"2026-08-24T23:38:30.176Z"}}
[2026-08-27 16:50:33.966] [info]  [Library] Checking for update
[2026-08-27 16:50:33.971] [info]  [Updater] Checking for updates...
[2026-08-27 16:50:33.974] [info]           * Current Version: 3.7.16.12965
[2026-08-27 16:50:33.976] [info]           * Channel: latest-ow
[2026-08-27 16:50:33.981] [info]           * URL: https://launcherupdates.lunarclientcdn.com
[2026-08-27 16:50:33.983] [info]           * User Initiated: false
[2026-08-27 16:50:34.174] [info]  [Library] Update for version 3.7.16-ow is not available (latest version: 3.7.16-ow, downgrade is allowed).
[2026-08-27 16:50:34.175] [info]  [Updater] No updates available.
[2026-08-27 16:50:34.179] [info]  [Updater] Update check returned a result... skipping: {"isUpdateAvailable":false,"versionInfo":{"version":"3.7.16-ow","files":[{"url":"Lunar Client v3.7.16-ow.exe","sha512":"K25vDcT8UO0xbMd4MX5URU+l33+vEILLkpsRkxPMYVfB+yP5gqHGuNWOOGgUOE0gH2g4j+1Mjo9AFnQDC35tng=="}],"path":"Lunar Client v3.7.16-ow.exe","sha512":"K25vDcT8UO0xbMd4MX5URU+l33+vEILLkpsRkxPMYVfB+yP5gqHGuNWOOGgUOE0gH2g4j+1Mjo9AFnQDC35tng==","packages":{"x64":{"size":112473965,"sha512":"f2R8yaxYfUc7t48Bk04LzCImKB27jTxQcAe6RAFE/2lMaHmhsNJCJ47S0XSDCCvUNJp5imIeKLPifHT4z+jt5g==","blockMapSize":116960,"path":"lunarclient-3.7.16-ow-x64.nsis.7z","file":"lunarclient-3.7.16-ow-x64.nsis.7z"}},"releaseDate":"2026-08-24T23:38:30.176Z"},"updateInfo":{"version":"3.7.16-ow","files":[{"url":"Lunar Client v3.7.16-ow.exe","sha512":"K25vDcT8UO0xbMd4MX5URU+l33+vEILLkpsRkxPMYVfB+yP5gqHGuNWOOGgUOE0gH2g4j+1Mjo9AFnQDC35tng=="}],"path":"Lunar Client v3.7.16-ow.exe","sha512":"K25vDcT8UO0xbMd4MX5URU+l33+vEILLkpsRkxPMYVfB+yP5gqHGuNWOOGgUOE0gH2g4j+1Mjo9AFnQDC35tng==","packages":{"x64":{"size":112473965,"sha512":"f2R8yaxYfUc7t48Bk04LzCImKB27jTxQcAe6RAFE/2lMaHmhsNJCJ47S0XSDCCvUNJp5imIeKLPifHT4z+jt5g==","blockMapSize":116960,"path":"lunarclient-3.7.16-ow-x64.nsis.7z","file":"lunarclient-3.7.16-ow-x64.nsis.7z"}},"releaseDate":"2026-08-24T23:38:30.176Z"}}
[2026-08-27 17:05:33.972] [info]  [Library] Checking for update
[2026-08-27 17:05:33.979] [info]  [Updater] Checking for updates...
[2026-08-27 17:05:33.986] [info]           * Current Version: 3.7.16.12965
[2026-08-27 17:05:33.988] [info]           * Channel: latest-ow
[2026-08-27 17:05:33.993] [info]           * URL: https://launcherupdates.lunarclientcdn.com
[2026-08-27 17:05:34.003] [info]           * User Initiated: false
[2026-08-27 17:05:34.442] [info]  [Library] Update for version 3.7.16-ow is not available (latest version: 3.7.16-ow, downgrade is allowed).
[2026-08-27 17:05:34.443] [info]  [Updater] No updates available.
[2026-08-27 17:05:34.445] [info]  [Updater] Update check returned a result... skipping: {"isUpdateAvailable":false,"versionInfo":{"version":"3.7.16-ow","files":[{"url":"Lunar Client v3.7.16-ow.exe","sha512":"K25vDcT8UO0xbMd4MX5URU+l33+vEILLkpsRkxPMYVfB+yP5gqHGuNWOOGgUOE0gH2g4j+1Mjo9AFnQDC35tng=="}],"path":"Lunar Client v3.7.16-ow.exe","sha512":"K25vDcT8UO0xbMd4MX5URU+l33+vEILLkpsRkxPMYVfB+yP5gqHGuNWOOGgUOE0gH2g4j+1Mjo9AFnQDC35tng==","packages":{"x64":{"size":112473965,"sha512":"f2R8yaxYfUc7t48Bk04LzCImKB27jTxQcAe6RAFE/2lMaHmhsNJCJ47S0XSDCCvUNJp5imIeKLPifHT4z+jt5g==","blockMapSize":116960,"path":"lunarclient-3.7.16-ow-x64.nsis.7z","file":"lunarclient-3.7.16-ow-x64.nsis.7z"}},"releaseDate":"2026-08-24T23:38:30.176Z"},"updateInfo":{"version":"3.7.16-ow","files":[{"url":"Lunar Client v3.7.16-ow.exe","sha512":"K25vDcT8UO0xbMd4MX5URU+l33+vEILLkpsRkxPMYVfB+yP5gqHGuNWOOGgUOE0gH2g4j+1Mjo9AFnQDC35tng=="}],"path":"Lunar Client v3.7.16-ow.exe","sha512":"K25vDcT8UO0xbMd4MX5URU+l33+vEILLkpsRkxPMYVfB+yP5gqHGuNWOOGgUOE0gH2g4j+1Mjo9AFnQDC35tng==","packages":{"x64":{"size":112473965,"sha512":"f2R8yaxYfUc7t48Bk04LzCImKB27jTxQcAe6RAFE/2lMaHmhsNJCJ47S0XSDCCvUNJp5imIeKLPifHT4z+jt5g==","blockMapSize":116960,"path":"lunarclient-3.7.16-ow-x64.nsis.7z","file":"lunarclient-3.7.16-ow-x64.nsis.7z"}},"releaseDate":"2026-08-24T23:38:30.176Z"}}
[2026-08-27 17:20:33.975] [info]  [Library] Checking for update
[2026-08-27 17:20:33.980] [info]  [Updater] Checking for updates...
[2026-08-27 17:20:33.982] [info]           * Current Version: 3.7.16.12965
[2026-08-27 17:20:33.985] [info]           * Channel: latest-ow
[2026-08-27 17:20:33.987] [info]           * URL: https://launcherupdates.lunarclientcdn.com
[2026-08-27 17:20:33.989] [info]           * User Initiated: false
[2026-08-27 17:20:34.136] [info]  [Library] Update for version 3.7.16-ow is not available (latest version: 3.7.16-ow, downgrade is allowed).
[2026-08-27 17:20:34.137] [info]  [Updater] No updates available.
[2026-08-27 17:20:34.140] [info]  [Updater] Update check returned a result... skipping: {"isUpdateAvailable":false,"versionInfo":{"version":"3.7.16-ow","files":[{"url":"Lunar Client v3.7.16-ow.exe","sha512":"K25vDcT8UO0xbMd4MX5URU+l33+vEILLkpsRkxPMYVfB+yP5gqHGuNWOOGgUOE0gH2g4j+1Mjo9AFnQDC35tng=="}],"path":"Lunar Client v3.7.16-ow.exe","sha512":"K25vDcT8UO0xbMd4MX5URU+l33+vEILLkpsRkxPMYVfB+yP5gqHGuNWOOGgUOE0gH2g4j+1Mjo9AFnQDC35tng==","packages":{"x64":{"size":112473965,"sha512":"f2R8yaxYfUc7t48Bk04LzCImKB27jTxQcAe6RAFE/2lMaHmhsNJCJ47S0XSDCCvUNJp5imIeKLPifHT4z+jt5g==","blockMapSize":116960,"path":"lunarclient-3.7.16-ow-x64.nsis.7z","file":"lunarclient-3.7.16-ow-x64.nsis.7z"}},"releaseDate":"2026-08-24T23:38:30.176Z"},"updateInfo":{"version":"3.7.16-ow","files":[{"url":"Lunar Client v3.7.16-ow.exe","sha512":"K25vDcT8UO0xbMd4MX5URU+l33+vEILLkpsRkxPMYVfB+yP5gqHGuNWOOGgUOE0gH2g4j+1Mjo9AFnQDC35tng=="}],"path":"Lunar Client v3.7.16-ow.exe","sha512":"K25vDcT8UO0xbMd4MX5URU+l33+vEILLkpsRkxPMYVfB+yP5gqHGuNWOOGgUOE0gH2g4j+1Mjo9AFnQDC35tng==","packages":{"x64":{"size":112473965,"sha512":"f2R8yaxYfUc7t48Bk04LzCImKB27jTxQcAe6RAFE/2lMaHmhsNJCJ47S0XSDCCvUNJp5imIeKLPifHT4z+jt5g==","blockMapSize":116960,"path":"lunarclient-3.7.16-ow-x64.nsis.7z","file":"lunarclient-3.7.16-ow-x64.nsis.7z"}},"releaseDate":"2026-08-24T23:38:30.176Z"}}
[2026-08-27 17:35:33.993] [info]  [Library] Checking for update
[2026-08-27 17:35:34.001] [info]  [Updater] Checking for updates...
[2026-08-27 17:35:34.006] [info]           * Current Version: 3.7.16.12965
[2026-08-27 17:35:34.010] [info]           * Channel: latest-ow
[2026-08-27 17:35:34.013] [info]           * URL: https://launcherupdates.lunarclientcdn.com
[2026-08-27 17:35:34.016] [info]           * User Initiated: false
[2026-08-27 17:35:34.200] [info]  [Library] Update for version 3.7.16-ow is not available (latest version: 3.7.16-ow, downgrade is allowed).
[2026-08-27 17:35:34.201] [info]  [Updater] No updates available.
[2026-08-27 17:35:34.203] [info]  [Updater] Update check returned a result... skipping: {"isUpdateAvailable":false,"versionInfo":{"version":"3.7.16-ow","files":[{"url":"Lunar Client v3.7.16-ow.exe","sha512":"K25vDcT8UO0xbMd4MX5URU+l33+vEILLkpsRkxPMYVfB+yP5gqHGuNWOOGgUOE0gH2g4j+1Mjo9AFnQDC35tng=="}],"path":"Lunar Client v3.7.16-ow.exe","sha512":"K25vDcT8UO0xbMd4MX5URU+l33+vEILLkpsRkxPMYVfB+yP5gqHGuNWOOGgUOE0gH2g4j+1Mjo9AFnQDC35tng==","packages":{"x64":{"size":112473965,"sha512":"f2R8yaxYfUc7t48Bk04LzCImKB27jTxQcAe6RAFE/2lMaHmhsNJCJ47S0XSDCCvUNJp5imIeKLPifHT4z+jt5g==","blockMapSize":116960,"path":"lunarclient-3.7.16-ow-x64.nsis.7z","file":"lunarclient-3.7.16-ow-x64.nsis.7z"}},"releaseDate":"2026-08-24T23:38:30.176Z"},"updateInfo":{"version":"3.7.16-ow","files":[{"url":"Lunar Client v3.7.16-ow.exe","sha512":"K25vDcT8UO0xbMd4MX5URU+l33+vEILLkpsRkxPMYVfB+yP5gqHGuNWOOGgUOE0gH2g4j+1Mjo9AFnQDC35tng=="}],"path":"Lunar Client v3.7.16-ow.exe","sha512":"K25vDcT8UO0xbMd4MX5URU+l33+vEILLkpsRkxPMYVfB+yP5gqHGuNWOOGgUOE0gH2g4j+1Mjo9AFnQDC35tng==","packages":{"x64":{"size":112473965,"sha512":"f2R8yaxYfUc7t48Bk04LzCImKB27jTxQcAe6RAFE/2lMaHmhsNJCJ47S0XSDCCvUNJp5imIeKLPifHT4z+jt5g==","blockMapSize":116960,"path":"lunarclient-3.7.16-ow-x64.nsis.7z","file":"lunarclient-3.7.16-ow-x64.nsis.7z"}},"releaseDate":"2026-08-24T23:38:30.176Z"}}
[2026-08-27 17:50:34.002] [info]  [Library] Checking for update
[2026-08-27 17:50:34.008] [info]  [Updater] Checking for updates...
[2026-08-27 17:50:34.011] [info]           * Current Version: 3.7.16.12965
[2026-08-27 17:50:34.013] [info]           * Channel: latest-ow
[2026-08-27 17:50:34.015] [info]           * URL: https://launcherupdates.lunarclientcdn.com
[2026-08-27 17:50:34.016] [info]           * User Initiated: false
[2026-08-27 17:50:34.176] [info]  [Library] Update for version 3.7.16-ow is not available (latest version: 3.7.16-ow, downgrade is allowed).
[2026-08-27 17:50:34.177] [info]  [Updater] No updates available.
[2026-08-27 17:50:34.178] [info]  [Updater] Update check returned a result... skipping: {"isUpdateAvailable":false,"versionInfo":{"version":"3.7.16-ow","files":[{"url":"Lunar Client v3.7.16-ow.exe","sha512":"K25vDcT8UO0xbMd4MX5URU+l33+vEILLkpsRkxPMYVfB+yP5gqHGuNWOOGgUOE0gH2g4j+1Mjo9AFnQDC35tng=="}],"path":"Lunar Client v3.7.16-ow.exe","sha512":"K25vDcT8UO0xbMd4MX5URU+l33+vEILLkpsRkxPMYVfB+yP5gqHGuNWOOGgUOE0gH2g4j+1Mjo9AFnQDC35tng==","packages":{"x64":{"size":112473965,"sha512":"f2R8yaxYfUc7t48Bk04LzCImKB27jTxQcAe6RAFE/2lMaHmhsNJCJ47S0XSDCCvUNJp5imIeKLPifHT4z+jt5g==","blockMapSize":116960,"path":"lunarclient-3.7.16-ow-x64.nsis.7z","file":"lunarclient-3.7.16-ow-x64.nsis.7z"}},"releaseDate":"2026-08-24T23:38:30.176Z"},"updateInfo":{"version":"3.7.16-ow","files":[{"url":"Lunar Client v3.7.16-ow.exe","sha512":"K25vDcT8UO0xbMd4MX5URU+l33+vEILLkpsRkxPMYVfB+yP5gqHGuNWOOGgUOE0gH2g4j+1Mjo9AFnQDC35tng=="}],"path":"Lunar Client v3.7.16-ow.exe","sha512":"K25vDcT8UO0xbMd4MX5URU+l33+vEILLkpsRkxPMYVfB+yP5gqHGuNWOOGgUOE0gH2g4j+1Mjo9AFnQDC35tng==","packages":{"x64":{"size":112473965,"sha512":"f2R8yaxYfUc7t48Bk04LzCImKB27jTxQcAe6RAFE/2lMaHmhsNJCJ47S0XSDCCvUNJp5imIeKLPifHT4z+jt5g==","blockMapSize":116960,"path":"lunarclient-3.7.16-ow-x64.nsis.7z","file":"lunarclient-3.7.16-ow-x64.nsis.7z"}},"releaseDate":"2026-08-24T23:38:30.176Z"}}
[2026-08-27 18:05:34.030] [info]  [Library] Checking for update
[2026-08-27 18:05:34.034] [info]  [Updater] Checking for updates...
[2026-08-27 18:05:34.036] [info]           * Current Version: 3.7.16.12965
[2026-08-27 18:05:34.038] [info]           * Channel: latest-ow
[2026-08-27 18:05:34.040] [info]           * URL: https://launcherupdates.lunarclientcdn.com
[2026-08-27 18:05:34.042] [info]           * User Initiated: false
[2026-08-27 18:05:34.297] [info]  [Library] Update for version 3.7.16-ow is not available (latest version: 3.7.16-ow, downgrade is allowed).
[2026-08-27 18:05:34.298] [info]  [Updater] No updates available.
[2026-08-27 18:05:34.301] [info]  [Updater] Update check returned a result... skipping: {"isUpdateAvailable":false,"versionInfo":{"version":"3.7.16-ow","files":[{"url":"Lunar Client v3.7.16-ow.exe","sha512":"K25vDcT8UO0xbMd4MX5URU+l33+vEILLkpsRkxPMYVfB+yP5gqHGuNWOOGgUOE0gH2g4j+1Mjo9AFnQDC35tng=="}],"path":"Lunar Client v3.7.16-ow.exe","sha512":"K25vDcT8UO0xbMd4MX5URU+l33+vEILLkpsRkxPMYVfB+yP5gqHGuNWOOGgUOE0gH2g4j+1Mjo9AFnQDC35tng==","packages":{"x64":{"size":112473965,"sha512":"f2R8yaxYfUc7t48Bk04LzCImKB27jTxQcAe6RAFE/2lMaHmhsNJCJ47S0XSDCCvUNJp5imIeKLPifHT4z+jt5g==","blockMapSize":116960,"path":"lunarclient-3.7.16-ow-x64.nsis.7z","file":"lunarclient-3.7.16-ow-x64.nsis.7z"}},"releaseDate":"2026-08-24T23:38:30.176Z"},"updateInfo":{"version":"3.7.16-ow","files":[{"url":"Lunar Client v3.7.16-ow.exe","sha512":"K25vDcT8UO0xbMd4MX5URU+l33+vEILLkpsRkxPMYVfB+yP5gqHGuNWOOGgUOE0gH2g4j+1Mjo9AFnQDC35tng=="}],"path":"Lunar Client v3.7.16-ow.exe","sha512":"K25vDcT8UO0xbMd4MX5URU+l33+vEILLkpsRkxPMYVfB+yP5gqHGuNWOOGgUOE0gH2g4j+1Mjo9AFnQDC35tng==","packages":{"x64":{"size":112473965,"sha512":"f2R8yaxYfUc7t48Bk04LzCImKB27jTxQcAe6RAFE/2lMaHmhsNJCJ47S0XSDCCvUNJp5imIeKLPifHT4z+jt5g==","blockMapSize":116960,"path":"lunarclient-3.7.16-ow-x64.nsis.7z","file":"lunarclient-3.7.16-ow-x64.nsis.7z"}},"releaseDate":"2026-08-24T23:38:30.176Z"}}
[2026-08-27 18:20:34.032] [info]  [Library] Checking for update
[2026-08-27 18:20:34.035] [info]  [Updater] Checking for updates...
[2026-08-27 18:20:34.037] [info]           * Current Version: 3.7.16.12965
[2026-08-27 18:20:34.038] [info]           * Channel: latest-ow
[2026-08-27 18:20:34.039] [info]           * URL: https://launcherupdates.lunarclientcdn.com
[2026-08-27 18:20:34.041] [info]           * User Initiated: false
[2026-08-27 18:20:34.270] [info]  [Library] Update for version 3.7.16-ow is not available (latest version: 3.7.16-ow, downgrade is allowed).
[2026-08-27 18:20:34.271] [info]  [Updater] No updates available.
[2026-08-27 18:20:34.272] [info]  [Updater] Update check returned a result... skipping: {"isUpdateAvailable":false,"versionInfo":{"version":"3.7.16-ow","files":[{"url":"Lunar Client v3.7.16-ow.exe","sha512":"K25vDcT8UO0xbMd4MX5URU+l33+vEILLkpsRkxPMYVfB+yP5gqHGuNWOOGgUOE0gH2g4j+1Mjo9AFnQDC35tng=="}],"path":"Lunar Client v3.7.16-ow.exe","sha512":"K25vDcT8UO0xbMd4MX5URU+l33+vEILLkpsRkxPMYVfB+yP5gqHGuNWOOGgUOE0gH2g4j+1Mjo9AFnQDC35tng==","packages":{"x64":{"size":112473965,"sha512":"f2R8yaxYfUc7t48Bk04LzCImKB27jTxQcAe6RAFE/2lMaHmhsNJCJ47S0XSDCCvUNJp5imIeKLPifHT4z+jt5g==","blockMapSize":116960,"path":"lunarclient-3.7.16-ow-x64.nsis.7z","file":"lunarclient-3.7.16-ow-x64.nsis.7z"}},"releaseDate":"2026-08-24T23:38:30.176Z"},"updateInfo":{"version":"3.7.16-ow","files":[{"url":"Lunar Client v3.7.16-ow.exe","sha512":"K25vDcT8UO0xbMd4MX5URU+l33+vEILLkpsRkxPMYVfB+yP5gqHGuNWOOGgUOE0gH2g4j+1Mjo9AFnQDC35tng=="}],"path":"Lunar Client v3.7.16-ow.exe","sha512":"K25vDcT8UO0xbMd4MX5URU+l33+vEILLkpsRkxPMYVfB+yP5gqHGuNWOOGgUOE0gH2g4j+1Mjo9AFnQDC35tng==","packages":{"x64":{"size":112473965,"sha512":"f2R8yaxYfUc7t48Bk04LzCImKB27jTxQcAe6RAFE/2lMaHmhsNJCJ47S0XSDCCvUNJp5imIeKLPifHT4z+jt5g==","blockMapSize":116960,"path":"lunarclient-3.7.16-ow-x64.nsis.7z","file":"lunarclient-3.7.16-ow-x64.nsis.7z"}},"releaseDate":"2026-08-24T23:38:30.176Z"}}
[2026-08-27 18:35:34.050] [info]  [Library] Checking for update
[2026-08-27 18:35:34.054] [info]  [Updater] Checking for updates...
[2026-08-27 18:35:34.056] [info]           * Current Version: 3.7.16.12965
[2026-08-27 18:35:34.057] [info]           * Channel: latest-ow
[2026-08-27 18:35:34.059] [info]           * URL: https://launcherupdates.lunarclientcdn.com
[2026-08-27 18:35:34.061] [info]           * User Initiated: false
[2026-08-27 18:35:34.247] [info]  [Library] Update for version 3.7.16-ow is not available (latest version: 3.7.16-ow, downgrade is allowed).
[2026-08-27 18:35:34.247] [info]  [Updater] No updates available.
[2026-08-27 18:35:34.249] [info]  [Updater] Update check returned a result... skipping: {"isUpdateAvailable":false,"versionInfo":{"version":"3.7.16-ow","files":[{"url":"Lunar Client v3.7.16-ow.exe","sha512":"K25vDcT8UO0xbMd4MX5URU+l33+vEILLkpsRkxPMYVfB+yP5gqHGuNWOOGgUOE0gH2g4j+1Mjo9AFnQDC35tng=="}],"path":"Lunar Client v3.7.16-ow.exe","sha512":"K25vDcT8UO0xbMd4MX5URU+l33+vEILLkpsRkxPMYVfB+yP5gqHGuNWOOGgUOE0gH2g4j+1Mjo9AFnQDC35tng==","packages":{"x64":{"size":112473965,"sha512":"f2R8yaxYfUc7t48Bk04LzCImKB27jTxQcAe6RAFE/2lMaHmhsNJCJ47S0XSDCCvUNJp5imIeKLPifHT4z+jt5g==","blockMapSize":116960,"path":"lunarclient-3.7.16-ow-x64.nsis.7z","file":"lunarclient-3.7.16-ow-x64.nsis.7z"}},"releaseDate":"2026-08-24T23:38:30.176Z"},"updateInfo":{"version":"3.7.16-ow","files":[{"url":"Lunar Client v3.7.16-ow.exe","sha512":"K25vDcT8UO0xbMd4MX5URU+l33+vEILLkpsRkxPMYVfB+yP5gqHGuNWOOGgUOE0gH2g4j+1Mjo9AFnQDC35tng=="}],"path":"Lunar Client v3.7.16-ow.exe","sha512":"K25vDcT8UO0xbMd4MX5URU+l33+vEILLkpsRkxPMYVfB+yP5gqHGuNWOOGgUOE0gH2g4j+1Mjo9AFnQDC35tng==","packages":{"x64":{"size":112473965,"sha512":"f2R8yaxYfUc7t48Bk04LzCImKB27jTxQcAe6RAFE/2lMaHmhsNJCJ47S0XSDCCvUNJp5imIeKLPifHT4z+jt5g==","blockMapSize":116960,"path":"lunarclient-3.7.16-ow-x64.nsis.7z","file":"lunarclient-3.7.16-ow-x64.nsis.7z"}},"releaseDate":"2026-08-24T23:38:30.176Z"}}
[2026-08-27 18:50:34.050] [info]  [Library] Checking for update
[2026-08-27 18:50:34.052] [info]  [Updater] Checking for updates...
[2026-08-27 18:50:34.054] [info]           * Current Version: 3.7.16.12965
[2026-08-27 18:50:34.055] [info]           * Channel: latest-ow
[2026-08-27 18:50:34.057] [info]           * URL: https://launcherupdates.lunarclientcdn.com
[2026-08-27 18:50:34.059] [info]           * User Initiated: false
[2026-08-27 18:50:34.222] [info]  [Library] Update for version 3.7.16-ow is not available (latest version: 3.7.16-ow, downgrade is allowed).
[2026-08-27 18:50:34.223] [info]  [Updater] No updates available.
[2026-08-27 18:50:34.225] [info]  [Updater] Update check returned a result... skipping: {"isUpdateAvailable":false,"versionInfo":{"version":"3.7.16-ow","files":[{"url":"Lunar Client v3.7.16-ow.exe","sha512":"K25vDcT8UO0xbMd4MX5URU+l33+vEILLkpsRkxPMYVfB+yP5gqHGuNWOOGgUOE0gH2g4j+1Mjo9AFnQDC35tng=="}],"path":"Lunar Client v3.7.16-ow.exe","sha512":"K25vDcT8UO0xbMd4MX5URU+l33+vEILLkpsRkxPMYVfB+yP5gqHGuNWOOGgUOE0gH2g4j+1Mjo9AFnQDC35tng==","packages":{"x64":{"size":112473965,"sha512":"f2R8yaxYfUc7t48Bk04LzCImKB27jTxQcAe6RAFE/2lMaHmhsNJCJ47S0XSDCCvUNJp5imIeKLPifHT4z+jt5g==","blockMapSize":116960,"path":"lunarclient-3.7.16-ow-x64.nsis.7z","file":"lunarclient-3.7.16-ow-x64.nsis.7z"}},"releaseDate":"2026-08-24T23:38:30.176Z"},"updateInfo":{"version":"3.7.16-ow","files":[{"url":"Lunar Client v3.7.16-ow.exe","sha512":"K25vDcT8UO0xbMd4MX5URU+l33+vEILLkpsRkxPMYVfB+yP5gqHGuNWOOGgUOE0gH2g4j+1Mjo9AFnQDC35tng=="}],"path":"Lunar Client v3.7.16-ow.exe","sha512":"K25vDcT8UO0xbMd4MX5URU+l33+vEILLkpsRkxPMYVfB+yP5gqHGuNWOOGgUOE0gH2g4j+1Mjo9AFnQDC35tng==","packages":{"x64":{"size":112473965,"sha512":"f2R8yaxYfUc7t48Bk04LzCImKB27jTxQcAe6RAFE/2lMaHmhsNJCJ47S0XSDCCvUNJp5imIeKLPifHT4z+jt5g==","blockMapSize":116960,"path":"lunarclient-3.7.16-ow-x64.nsis.7z","file":"lunarclient-3.7.16-ow-x64.nsis.7z"}},"releaseDate":"2026-08-24T23:38:30.176Z"}}
[2026-08-27 19:05:34.062] [info]  [Library] Checking for update
[2026-08-27 19:05:34.065] [info]  [Updater] Checking for updates...
[2026-08-27 19:05:34.066] [info]           * Current Version: 3.7.16.12965
[2026-08-27 19:05:34.068] [info]           * Channel: latest-ow
[2026-08-27 19:05:34.070] [info]           * URL: https://launcherupdates.lunarclientcdn.com
[2026-08-27 19:05:34.071] [info]           * User Initiated: false
[2026-08-27 19:05:34.228] [info]  [Library] Update for version 3.7.16-ow is not available (latest version: 3.7.16-ow, downgrade is allowed).
[2026-08-27 19:05:34.229] [info]  [Updater] No updates available.
[2026-08-27 19:05:34.231] [info]  [Updater] Update check returned a result... skipping: {"isUpdateAvailable":false,"versionInfo":{"version":"3.7.16-ow","files":[{"url":"Lunar Client v3.7.16-ow.exe","sha512":"K25vDcT8UO0xbMd4MX5URU+l33+vEILLkpsRkxPMYVfB+yP5gqHGuNWOOGgUOE0gH2g4j+1Mjo9AFnQDC35tng=="}],"path":"Lunar Client v3.7.16-ow.exe","sha512":"K25vDcT8UO0xbMd4MX5URU+l33+vEILLkpsRkxPMYVfB+yP5gqHGuNWOOGgUOE0gH2g4j+1Mjo9AFnQDC35tng==","packages":{"x64":{"size":112473965,"sha512":"f2R8yaxYfUc7t48Bk04LzCImKB27jTxQcAe6RAFE/2lMaHmhsNJCJ47S0XSDCCvUNJp5imIeKLPifHT4z+jt5g==","blockMapSize":116960,"path":"lunarclient-3.7.16-ow-x64.nsis.7z","file":"lunarclient-3.7.16-ow-x64.nsis.7z"}},"releaseDate":"2026-08-24T23:38:30.176Z"},"updateInfo":{"version":"3.7.16-ow","files":[{"url":"Lunar Client v3.7.16-ow.exe","sha512":"K25vDcT8UO0xbMd4MX5URU+l33+vEILLkpsRkxPMYVfB+yP5gqHGuNWOOGgUOE0gH2g4j+1Mjo9AFnQDC35tng=="}],"path":"Lunar Client v3.7.16-ow.exe","sha512":"K25vDcT8UO0xbMd4MX5URU+l33+vEILLkpsRkxPMYVfB+yP5gqHGuNWOOGgUOE0gH2g4j+1Mjo9AFnQDC35tng==","packages":{"x64":{"size":112473965,"sha512":"f2R8yaxYfUc7t48Bk04LzCImKB27jTxQcAe6RAFE/2lMaHmhsNJCJ47S0XSDCCvUNJp5imIeKLPifHT4z+jt5g==","blockMapSize":116960,"path":"lunarclient-3.7.16-ow-x64.nsis.7z","file":"lunarclient-3.7.16-ow-x64.nsis.7z"}},"releaseDate":"2026-08-24T23:38:30.176Z"}}
[2026-08-27 19:20:34.073] [info]  [Library] Checking for update
[2026-08-27 19:20:34.076] [info]  [Updater] Checking for updates...
[2026-08-27 19:20:34.078] [info]           * Current Version: 3.7.16.12965
[2026-08-27 19:20:34.081] [info]           * Channel: latest-ow
[2026-08-27 19:20:34.084] [info]           * URL: https://launcherupdates.lunarclientcdn.com
[2026-08-27 19:20:34.086] [info]           * User Initiated: false
[2026-08-27 19:20:34.266] [info]  [Library] Update for version 3.7.16-ow is not available (latest version: 3.7.16-ow, downgrade is allowed).
[2026-08-27 19:20:34.267] [info]  [Updater] No updates available.
[2026-08-27 19:20:34.269] [info]  [Updater] Update check returned a result... skipping: {"isUpdateAvailable":false,"versionInfo":{"version":"3.7.16-ow","files":[{"url":"Lunar Client v3.7.16-ow.exe","sha512":"K25vDcT8UO0xbMd4MX5URU+l33+vEILLkpsRkxPMYVfB+yP5gqHGuNWOOGgUOE0gH2g4j+1Mjo9AFnQDC35tng=="}],"path":"Lunar Client v3.7.16-ow.exe","sha512":"K25vDcT8UO0xbMd4MX5URU+l33+vEILLkpsRkxPMYVfB+yP5gqHGuNWOOGgUOE0gH2g4j+1Mjo9AFnQDC35tng==","packages":{"x64":{"size":112473965,"sha512":"f2R8yaxYfUc7t48Bk04LzCImKB27jTxQcAe6RAFE/2lMaHmhsNJCJ47S0XSDCCvUNJp5imIeKLPifHT4z+jt5g==","blockMapSize":116960,"path":"lunarclient-3.7.16-ow-x64.nsis.7z","file":"lunarclient-3.7.16-ow-x64.nsis.7z"}},"releaseDate":"2026-08-24T23:38:30.176Z"},"updateInfo":{"version":"3.7.16-ow","files":[{"url":"Lunar Client v3.7.16-ow.exe","sha512":"K25vDcT8UO0xbMd4MX5URU+l33+vEILLkpsRkxPMYVfB+yP5gqHGuNWOOGgUOE0gH2g4j+1Mjo9AFnQDC35tng=="}],"path":"Lunar Client v3.7.16-ow.exe","sha512":"K25vDcT8UO0xbMd4MX5URU+l33+vEILLkpsRkxPMYVfB+yP5gqHGuNWOOGgUOE0gH2g4j+1Mjo9AFnQDC35tng==","packages":{"x64":{"size":112473965,"sha512":"f2R8yaxYfUc7t48Bk04LzCImKB27jTxQcAe6RAFE/2lMaHmhsNJCJ47S0XSDCCvUNJp5imIeKLPifHT4z+jt5g==","blockMapSize":116960,"path":"lunarclient-3.7.16-ow-x64.nsis.7z","file":"lunarclient-3.7.16-ow-x64.nsis.7z"}},"releaseDate":"2026-08-24T23:38:30.176Z"}}
[2026-08-27 19:35:34.080] [info]  [Library] Checking for update
[2026-08-27 19:35:34.082] [info]  [Updater] Checking for updates...
[2026-08-27 19:35:34.084] [info]           * Current Version: 3.7.16.12965
[2026-08-27 19:35:34.086] [info]           * Channel: latest-ow
[2026-08-27 19:35:34.089] [info]           * URL: https://launcherupdates.lunarclientcdn.com
[2026-08-27 19:35:34.091] [info]           * User Initiated: false
[2026-08-27 19:35:34.240] [info]  [Library] Update for version 3.7.16-ow is not available (latest version: 3.7.16-ow, downgrade is allowed).
[2026-08-27 19:35:34.241] [info]  [Updater] No updates available.
[2026-08-27 19:35:34.242] [info]  [Updater] Update check returned a result... skipping: {"isUpdateAvailable":false,"versionInfo":{"version":"3.7.16-ow","files":[{"url":"Lunar Client v3.7.16-ow.exe","sha512":"K25vDcT8UO0xbMd4MX5URU+l33+vEILLkpsRkxPMYVfB+yP5gqHGuNWOOGgUOE0gH2g4j+1Mjo9AFnQDC35tng=="}],"path":"Lunar Client v3.7.16-ow.exe","sha512":"K25vDcT8UO0xbMd4MX5URU+l33+vEILLkpsRkxPMYVfB+yP5gqHGuNWOOGgUOE0gH2g4j+1Mjo9AFnQDC35tng==","packages":{"x64":{"size":112473965,"sha512":"f2R8yaxYfUc7t48Bk04LzCImKB27jTxQcAe6RAFE/2lMaHmhsNJCJ47S0XSDCCvUNJp5imIeKLPifHT4z+jt5g==","blockMapSize":116960,"path":"lunarclient-3.7.16-ow-x64.nsis.7z","file":"lunarclient-3.7.16-ow-x64.nsis.7z"}},"releaseDate":"2026-08-24T23:38:30.176Z"},"updateInfo":{"version":"3.7.16-ow","files":[{"url":"Lunar Client v3.7.16-ow.exe","sha512":"K25vDcT8UO0xbMd4MX5URU+l33+vEILLkpsRkxPMYVfB+yP5gqHGuNWOOGgUOE0gH2g4j+1Mjo9AFnQDC35tng=="}],"path":"Lunar Client v3.7.16-ow.exe","sha512":"K25vDcT8UO0xbMd4MX5URU+l33+vEILLkpsRkxPMYVfB+yP5gqHGuNWOOGgUOE0gH2g4j+1Mjo9AFnQDC35tng==","packages":{"x64":{"size":112473965,"sha512":"f2R8yaxYfUc7t48Bk04LzCImKB27jTxQcAe6RAFE/2lMaHmhsNJCJ47S0XSDCCvUNJp5imIeKLPifHT4z+jt5g==","blockMapSize":116960,"path":"lunarclient-3.7.16-ow-x64.nsis.7z","file":"lunarclient-3.7.16-ow-x64.nsis.7z"}},"releaseDate":"2026-08-24T23:38:30.176Z"}}
[2026-08-27 19:50:34.092] [info]  [Library] Checking for update
[2026-08-27 19:50:34.095] [info]  [Updater] Checking for updates...
[2026-08-27 19:50:34.097] [info]           * Current Version: 3.7.16.12965
[2026-08-27 19:50:34.099] [info]           * Channel: latest-ow
[2026-08-27 19:50:34.101] [info]           * URL: https://launcherupdates.lunarclientcdn.com
[2026-08-27 19:50:34.103] [info]           * User Initiated: false
[2026-08-27 19:50:34.287] [info]  [Library] Update for version 3.7.16-ow is not available (latest version: 3.7.16-ow, downgrade is allowed).
[2026-08-27 19:50:34.288] [info]  [Updater] No updates available.
[2026-08-27 19:50:34.291] [info]  [Updater] Update check returned a result... skipping: {"isUpdateAvailable":false,"versionInfo":{"version":"3.7.16-ow","files":[{"url":"Lunar Client v3.7.16-ow.exe","sha512":"K25vDcT8UO0xbMd4MX5URU+l33+vEILLkpsRkxPMYVfB+yP5gqHGuNWOOGgUOE0gH2g4j+1Mjo9AFnQDC35tng=="}],"path":"Lunar Client v3.7.16-ow.exe","sha512":"K25vDcT8UO0xbMd4MX5URU+l33+vEILLkpsRkxPMYVfB+yP5gqHGuNWOOGgUOE0gH2g4j+1Mjo9AFnQDC35tng==","packages":{"x64":{"size":112473965,"sha512":"f2R8yaxYfUc7t48Bk04LzCImKB27jTxQcAe6RAFE/2lMaHmhsNJCJ47S0XSDCCvUNJp5imIeKLPifHT4z+jt5g==","blockMapSize":116960,"path":"lunarclient-3.7.16-ow-x64.nsis.7z","file":"lunarclient-3.7.16-ow-x64.nsis.7z"}},"releaseDate":"2026-08-24T23:38:30.176Z"},"updateInfo":{"version":"3.7.16-ow","files":[{"url":"Lunar Client v3.7.16-ow.exe","sha512":"K25vDcT8UO0xbMd4MX5URU+l33+vEILLkpsRkxPMYVfB+yP5gqHGuNWOOGgUOE0gH2g4j+1Mjo9AFnQDC35tng=="}],"path":"Lunar Client v3.7.16-ow.exe","sha512":"K25vDcT8UO0xbMd4MX5URU+l33+vEILLkpsRkxPMYVfB+yP5gqHGuNWOOGgUOE0gH2g4j+1Mjo9AFnQDC35tng==","packages":{"x64":{"size":112473965,"sha512":"f2R8yaxYfUc7t48Bk04LzCImKB27jTxQcAe6RAFE/2lMaHmhsNJCJ47S0XSDCCvUNJp5imIeKLPifHT4z+jt5g==","blockMapSize":116960,"path":"lunarclient-3.7.16-ow-x64.nsis.7z","file":"lunarclient-3.7.16-ow-x64.nsis.7z"}},"releaseDate":"2026-08-24T23:38:30.176Z"}}
[2026-08-27 20:05:34.095] [info]  [Library] Checking for update
[2026-08-27 20:05:34.097] [info]  [Updater] Checking for updates...
[2026-08-27 20:05:34.099] [info]           * Current Version: 3.7.16.12965
[2026-08-27 20:05:34.101] [info]           * Channel: latest-ow
[2026-08-27 20:05:34.103] [info]           * URL: https://launcherupdates.lunarclientcdn.com
[2026-08-27 20:05:34.105] [info]           * User Initiated: false
[2026-08-27 20:05:34.465] [info]  [Library] Update for version 3.7.16-ow is not available (latest version: 3.7.16-ow, downgrade is allowed).
[2026-08-27 20:05:34.465] [info]  [Updater] No updates available.
[2026-08-27 20:05:34.466] [info]  [Updater] Update check returned a result... skipping: {"isUpdateAvailable":false,"versionInfo":{"version":"3.7.16-ow","files":[{"url":"Lunar Client v3.7.16-ow.exe","sha512":"K25vDcT8UO0xbMd4MX5URU+l33+vEILLkpsRkxPMYVfB+yP5gqHGuNWOOGgUOE0gH2g4j+1Mjo9AFnQDC35tng=="}],"path":"Lunar Client v3.7.16-ow.exe","sha512":"K25vDcT8UO0xbMd4MX5URU+l33+vEILLkpsRkxPMYVfB+yP5gqHGuNWOOGgUOE0gH2g4j+1Mjo9AFnQDC35tng==","packages":{"x64":{"size":112473965,"sha512":"f2R8yaxYfUc7t48Bk04LzCImKB27jTxQcAe6RAFE/2lMaHmhsNJCJ47S0XSDCCvUNJp5imIeKLPifHT4z+jt5g==","blockMapSize":116960,"path":"lunarclient-3.7.16-ow-x64.nsis.7z","file":"lunarclient-3.7.16-ow-x64.nsis.7z"}},"releaseDate":"2026-08-24T23:38:30.176Z"},"updateInfo":{"version":"3.7.16-ow","files":[{"url":"Lunar Client v3.7.16-ow.exe","sha512":"K25vDcT8UO0xbMd4MX5URU+l33+vEILLkpsRkxPMYVfB+yP5gqHGuNWOOGgUOE0gH2g4j+1Mjo9AFnQDC35tng=="}],"path":"Lunar Client v3.7.16-ow.exe","sha512":"K25vDcT8UO0xbMd4MX5URU+l33+vEILLkpsRkxPMYVfB+yP5gqHGuNWOOGgUOE0gH2g4j+1Mjo9AFnQDC35tng==","packages":{"x64":{"size":112473965,"sha512":"f2R8yaxYfUc7t48Bk04LzCImKB27jTxQcAe6RAFE/2lMaHmhsNJCJ47S0XSDCCvUNJp5imIeKLPifHT4z+jt5g==","blockMapSize":116960,"path":"lunarclient-3.7.16-ow-x64.nsis.7z","file":"lunarclient-3.7.16-ow-x64.nsis.7z"}},"releaseDate":"2026-08-24T23:38:30.176Z"}}
[2026-08-27 20:20:34.108] [info]  [Library] Checking for update
[2026-08-27 20:20:34.112] [info]  [Updater] Checking for updates...
[2026-08-27 20:20:34.114] [info]           * Current Version: 3.7.16.12965
[2026-08-27 20:20:34.116] [info]           * Channel: latest-ow
[2026-08-27 20:20:34.118] [info]           * URL: https://launcherupdates.lunarclientcdn.com
[2026-08-27 20:20:34.120] [info]           * User Initiated: false
[2026-08-27 20:20:34.277] [info]  [Library] Update for version 3.7.16-ow is not available (latest version: 3.7.16-ow, downgrade is allowed).
[2026-08-27 20:20:34.279] [info]  [Updater] No updates available.
[2026-08-27 20:20:34.280] [info]  [Updater] Update check returned a result... skipping: {"isUpdateAvailable":false,"versionInfo":{"version":"3.7.16-ow","files":[{"url":"Lunar Client v3.7.16-ow.exe","sha512":"K25vDcT8UO0xbMd4MX5URU+l33+vEILLkpsRkxPMYVfB+yP5gqHGuNWOOGgUOE0gH2g4j+1Mjo9AFnQDC35tng=="}],"path":"Lunar Client v3.7.16-ow.exe","sha512":"K25vDcT8UO0xbMd4MX5URU+l33+vEILLkpsRkxPMYVfB+yP5gqHGuNWOOGgUOE0gH2g4j+1Mjo9AFnQDC35tng==","packages":{"x64":{"size":112473965,"sha512":"f2R8yaxYfUc7t48Bk04LzCImKB27jTxQcAe6RAFE/2lMaHmhsNJCJ47S0XSDCCvUNJp5imIeKLPifHT4z+jt5g==","blockMapSize":116960,"path":"lunarclient-3.7.16-ow-x64.nsis.7z","file":"lunarclient-3.7.16-ow-x64.nsis.7z"}},"releaseDate":"2026-08-24T23:38:30.176Z"},"updateInfo":{"version":"3.7.16-ow","files":[{"url":"Lunar Client v3.7.16-ow.exe","sha512":"K25vDcT8UO0xbMd4MX5URU+l33+vEILLkpsRkxPMYVfB+yP5gqHGuNWOOGgUOE0gH2g4j+1Mjo9AFnQDC35tng=="}],"path":"Lunar Client v3.7.16-ow.exe","sha512":"K25vDcT8UO0xbMd4MX5URU+l33+vEILLkpsRkxPMYVfB+yP5gqHGuNWOOGgUOE0gH2g4j+1Mjo9AFnQDC35tng==","packages":{"x64":{"size":112473965,"sha512":"f2R8yaxYfUc7t48Bk04LzCImKB27jTxQcAe6RAFE/2lMaHmhsNJCJ47S0XSDCCvUNJp5imIeKLPifHT4z+jt5g==","blockMapSize":116960,"path":"lunarclient-3.7.16-ow-x64.nsis.7z","file":"lunarclient-3.7.16-ow-x64.nsis.7z"}},"releaseDate":"2026-08-24T23:38:30.176Z"}}
[2026-08-27 20:35:34.125] [info]  [Library] Checking for update
[2026-08-27 20:35:34.127] [info]  [Updater] Checking for updates...
[2026-08-27 20:35:34.130] [info]           * Current Version: 3.7.16.12965
[2026-08-27 20:35:34.133] [info]           * Channel: latest-ow
[2026-08-27 20:35:34.135] [info]           * URL: https://launcherupdates.lunarclientcdn.com
[2026-08-27 20:35:34.137] [info]           * User Initiated: false
[2026-08-27 20:35:34.360] [info]  [Library] Update for version 3.7.16-ow is not available (latest version: 3.7.16-ow, downgrade is allowed).
[2026-08-27 20:35:34.361] [info]  [Updater] No updates available.
[2026-08-27 20:35:34.363] [info]  [Updater] Update check returned a result... skipping: {"isUpdateAvailable":false,"versionInfo":{"version":"3.7.16-ow","files":[{"url":"Lunar Client v3.7.16-ow.exe","sha512":"K25vDcT8UO0xbMd4MX5URU+l33+vEILLkpsRkxPMYVfB+yP5gqHGuNWOOGgUOE0gH2g4j+1Mjo9AFnQDC35tng=="}],"path":"Lunar Client v3.7.16-ow.exe","sha512":"K25vDcT8UO0xbMd4MX5URU+l33+vEILLkpsRkxPMYVfB+yP5gqHGuNWOOGgUOE0gH2g4j+1Mjo9AFnQDC35tng==","packages":{"x64":{"size":112473965,"sha512":"f2R8yaxYfUc7t48Bk04LzCImKB27jTxQcAe6RAFE/2lMaHmhsNJCJ47S0XSDCCvUNJp5imIeKLPifHT4z+jt5g==","blockMapSize":116960,"path":"lunarclient-3.7.16-ow-x64.nsis.7z","file":"lunarclient-3.7.16-ow-x64.nsis.7z"}},"releaseDate":"2026-08-24T23:38:30.176Z"},"updateInfo":{"version":"3.7.16-ow","files":[{"url":"Lunar Client v3.7.16-ow.exe","sha512":"K25vDcT8UO0xbMd4MX5URU+l33+vEILLkpsRkxPMYVfB+yP5gqHGuNWOOGgUOE0gH2g4j+1Mjo9AFnQDC35tng=="}],"path":"Lunar Client v3.7.16-ow.exe","sha512":"K25vDcT8UO0xbMd4MX5URU+l33+vEILLkpsRkxPMYVfB+yP5gqHGuNWOOGgUOE0gH2g4j+1Mjo9AFnQDC35tng==","packages":{"x64":{"size":112473965,"sha512":"f2R8yaxYfUc7t48Bk04LzCImKB27jTxQcAe6RAFE/2lMaHmhsNJCJ47S0XSDCCvUNJp5imIeKLPifHT4z+jt5g==","blockMapSize":116960,"path":"lunarclient-3.7.16-ow-x64.nsis.7z","file":"lunarclient-3.7.16-ow-x64.nsis.7z"}},"releaseDate":"2026-08-24T23:38:30.176Z"}}
[2026-08-27 20:50:34.145] [info]  [Library] Checking for update
[2026-08-27 20:50:34.147] [info]  [Updater] Checking for updates...
[2026-08-27 20:50:34.149] [info]           * Current Version: 3.7.16.12965
[2026-08-27 20:50:34.151] [info]           * Channel: latest-ow
[2026-08-27 20:50:34.153] [info]           * URL: https://launcherupdates.lunarclientcdn.com
[2026-08-27 20:50:34.155] [info]           * User Initiated: false
[2026-08-27 20:50:34.410] [info]  [Library] Update for version 3.7.16-ow is not available (latest version: 3.7.16-ow, downgrade is allowed).
[2026-08-27 20:50:34.411] [info]  [Updater] No updates available.
[2026-08-27 20:50:34.413] [info]  [Updater] Update check returned a result... skipping: {"isUpdateAvailable":false,"versionInfo":{"version":"3.7.16-ow","files":[{"url":"Lunar Client v3.7.16-ow.exe","sha512":"K25vDcT8UO0xbMd4MX5URU+l33+vEILLkpsRkxPMYVfB+yP5gqHGuNWOOGgUOE0gH2g4j+1Mjo9AFnQDC35tng=="}],"path":"Lunar Client v3.7.16-ow.exe","sha512":"K25vDcT8UO0xbMd4MX5URU+l33+vEILLkpsRkxPMYVfB+yP5gqHGuNWOOGgUOE0gH2g4j+1Mjo9AFnQDC35tng==","packages":{"x64":{"size":112473965,"sha512":"f2R8yaxYfUc7t48Bk04LzCImKB27jTxQcAe6RAFE/2lMaHmhsNJCJ47S0XSDCCvUNJp5imIeKLPifHT4z+jt5g==","blockMapSize":116960,"path":"lunarclient-3.7.16-ow-x64.nsis.7z","file":"lunarclient-3.7.16-ow-x64.nsis.7z"}},"releaseDate":"2026-08-24T23:38:30.176Z"},"updateInfo":{"version":"3.7.16-ow","files":[{"url":"Lunar Client v3.7.16-ow.exe","sha512":"K25vDcT8UO0xbMd4MX5URU+l33+vEILLkpsRkxPMYVfB+yP5gqHGuNWOOGgUOE0gH2g4j+1Mjo9AFnQDC35tng=="}],"path":"Lunar Client v3.7.16-ow.exe","sha512":"K25vDcT8UO0xbMd4MX5URU+l33+vEILLkpsRkxPMYVfB+yP5gqHGuNWOOGgUOE0gH2g4j+1Mjo9AFnQDC35tng==","packages":{"x64":{"size":112473965,"sha512":"f2R8yaxYfUc7t48Bk04LzCImKB27jTxQcAe6RAFE/2lMaHmhsNJCJ47S0XSDCCvUNJp5imIeKLPifHT4z+jt5g==","blockMapSize":116960,"path":"lunarclient-3.7.16-ow-x64.nsis.7z","file":"lunarclient-3.7.16-ow-x64.nsis.7z"}},"releaseDate":"2026-08-24T23:38:30.176Z"}}
[2026-08-27 21:13:49.766] [info]  [Electron] Logger initialized for updater at C:\Users\CARLOS_JR\.lunarclient\logs\launcher\updater.log (Prefix: Updater)
[2026-08-27 21:13:51.011] [info]  [Library] Checking for update
[2026-08-27 21:13:51.012] [info]  [Updater] Checking for updates...
[2026-08-27 21:13:51.014] [info]           * Current Version: 3.7.16.12965
[2026-08-27 21:13:51.016] [info]           * Channel: latest-ow
[2026-08-27 21:13:51.017] [info]           * URL: https://launcherupdates.lunarclientcdn.com
[2026-08-27 21:13:51.018] [info]           * User Initiated: false
[2026-08-27 21:13:51.911] [info]  [Library] Update for version 3.7.16-ow is not available (latest version: 3.7.16-ow, downgrade is allowed).
[2026-08-27 21:13:51.912] [info]  [Updater] No updates available.
[2026-08-27 21:13:51.913] [info]  [Updater] Update check returned a result... skipping: {"isUpdateAvailable":false,"versionInfo":{"version":"3.7.16-ow","files":[{"url":"Lunar Client v3.7.16-ow.exe","sha512":"K25vDcT8UO0xbMd4MX5URU+l33+vEILLkpsRkxPMYVfB+yP5gqHGuNWOOGgUOE0gH2g4j+1Mjo9AFnQDC35tng=="}],"path":"Lunar Client v3.7.16-ow.exe","sha512":"K25vDcT8UO0xbMd4MX5URU+l33+vEILLkpsRkxPMYVfB+yP5gqHGuNWOOGgUOE0gH2g4j+1Mjo9AFnQDC35tng==","packages":{"x64":{"size":112473965,"sha512":"f2R8yaxYfUc7t48Bk04LzCImKB27jTxQcAe6RAFE/2lMaHmhsNJCJ47S0XSDCCvUNJp5imIeKLPifHT4z+jt5g==","blockMapSize":116960,"path":"lunarclient-3.7.16-ow-x64.nsis.7z","file":"lunarclient-3.7.16-ow-x64.nsis.7z"}},"releaseDate":"2026-08-24T23:38:30.176Z"},"updateInfo":{"version":"3.7.16-ow","files":[{"url":"Lunar Client v3.7.16-ow.exe","sha512":"K25vDcT8UO0xbMd4MX5URU+l33+vEILLkpsRkxPMYVfB+yP5gqHGuNWOOGgUOE0gH2g4j+1Mjo9AFnQDC35tng=="}],"path":"Lunar Client v3.7.16-ow.exe","sha512":"K25vDcT8UO0xbMd4MX5URU+l33+vEILLkpsRkxPMYVfB+yP5gqHGuNWOOGgUOE0gH2g4j+1Mjo9AFnQDC35tng==","packages":{"x64":{"size":112473965,"sha512":"f2R8yaxYfUc7t48Bk04LzCImKB27jTxQcAe6RAFE/2lMaHmhsNJCJ47S0XSDCCvUNJp5imIeKLPifHT4z+jt5g==","blockMapSize":116960,"path":"lunarclient-3.7.16-ow-x64.nsis.7z","file":"lunarclient-3.7.16-ow-x64.nsis.7z"}},"releaseDate":"2026-08-24T23:38:30.176Z"}}
[2026-08-27 21:28:49.783] [info]  [Library] Checking for update
[2026-08-27 21:28:49.791] [info]  [Updater] Checking for updates...
[2026-08-27 21:28:49.796] [info]           * Current Version: 3.7.16.12965
[2026-08-27 21:28:49.801] [info]           * Channel: latest-ow
[2026-08-27 21:28:49.803] [info]           * URL: https://launcherupdates.lunarclientcdn.com
[2026-08-27 21:28:49.805] [info]           * User Initiated: false
[2026-08-27 21:28:50.038] [info]  [Library] Update for version 3.7.16-ow is not available (latest version: 3.7.16-ow, downgrade is allowed).
[2026-08-27 21:28:50.039] [info]  [Updater] No updates available.
[2026-08-27 21:28:50.041] [info]  [Updater] Update check returned a result... skipping: {"isUpdateAvailable":false,"versionInfo":{"version":"3.7.16-ow","files":[{"url":"Lunar Client v3.7.16-ow.exe","sha512":"K25vDcT8UO0xbMd4MX5URU+l33+vEILLkpsRkxPMYVfB+yP5gqHGuNWOOGgUOE0gH2g4j+1Mjo9AFnQDC35tng=="}],"path":"Lunar Client v3.7.16-ow.exe","sha512":"K25vDcT8UO0xbMd4MX5URU+l33+vEILLkpsRkxPMYVfB+yP5gqHGuNWOOGgUOE0gH2g4j+1Mjo9AFnQDC35tng==","packages":{"x64":{"size":112473965,"sha512":"f2R8yaxYfUc7t48Bk04LzCImKB27jTxQcAe6RAFE/2lMaHmhsNJCJ47S0XSDCCvUNJp5imIeKLPifHT4z+jt5g==","blockMapSize":116960,"path":"lunarclient-3.7.16-ow-x64.nsis.7z","file":"lunarclient-3.7.16-ow-x64.nsis.7z"}},"releaseDate":"2026-08-24T23:38:30.176Z"},"updateInfo":{"version":"3.7.16-ow","files":[{"url":"Lunar Client v3.7.16-ow.exe","sha512":"K25vDcT8UO0xbMd4MX5URU+l33+vEILLkpsRkxPMYVfB+yP5gqHGuNWOOGgUOE0gH2g4j+1Mjo9AFnQDC35tng=="}],"path":"Lunar Client v3.7.16-ow.exe","sha512":"K25vDcT8UO0xbMd4MX5URU+l33+vEILLkpsRkxPMYVfB+yP5gqHGuNWOOGgUOE0gH2g4j+1Mjo9AFnQDC35tng==","packages":{"x64":{"size":112473965,"sha512":"f2R8yaxYfUc7t48Bk04LzCImKB27jTxQcAe6RAFE/2lMaHmhsNJCJ47S0XSDCCvUNJp5imIeKLPifHT4z+jt5g==","blockMapSize":116960,"path":"lunarclient-3.7.16-ow-x64.nsis.7z","file":"lunarclient-3.7.16-ow-x64.nsis.7z"}},"releaseDate":"2026-08-24T23:38:30.176Z"}}
[2026-08-27 21:43:49.792] [info]  [Library] Checking for update
[2026-08-27 21:43:49.808] [info]  [Updater] Checking for updates...
[2026-08-27 21:43:49.811] [info]           * Current Version: 3.7.16.12965
[2026-08-27 21:43:49.815] [info]           * Channel: latest-ow
[2026-08-27 21:43:49.817] [info]           * URL: https://launcherupdates.lunarclientcdn.com
[2026-08-27 21:43:49.819] [info]           * User Initiated: false
[2026-08-27 21:43:50.079] [info]  [Library] Update for version 3.7.16-ow is not available (latest version: 3.7.16-ow, downgrade is allowed).
[2026-08-27 21:43:50.080] [info]  [Updater] No updates available.
[2026-08-27 21:43:50.081] [info]  [Updater] Update check returned a result... skipping: {"isUpdateAvailable":false,"versionInfo":{"version":"3.7.16-ow","files":[{"url":"Lunar Client v3.7.16-ow.exe","sha512":"K25vDcT8UO0xbMd4MX5URU+l33+vEILLkpsRkxPMYVfB+yP5gqHGuNWOOGgUOE0gH2g4j+1Mjo9AFnQDC35tng=="}],"path":"Lunar Client v3.7.16-ow.exe","sha512":"K25vDcT8UO0xbMd4MX5URU+l33+vEILLkpsRkxPMYVfB+yP5gqHGuNWOOGgUOE0gH2g4j+1Mjo9AFnQDC35tng==","packages":{"x64":{"size":112473965,"sha512":"f2R8yaxYfUc7t48Bk04LzCImKB27jTxQcAe6RAFE/2lMaHmhsNJCJ47S0XSDCCvUNJp5imIeKLPifHT4z+jt5g==","blockMapSize":116960,"path":"lunarclient-3.7.16-ow-x64.nsis.7z","file":"lunarclient-3.7.16-ow-x64.nsis.7z"}},"releaseDate":"2026-08-24T23:38:30.176Z"},"updateInfo":{"version":"3.7.16-ow","files":[{"url":"Lunar Client v3.7.16-ow.exe","sha512":"K25vDcT8UO0xbMd4MX5URU+l33+vEILLkpsRkxPMYVfB+yP5gqHGuNWOOGgUOE0gH2g4j+1Mjo9AFnQDC35tng=="}],"path":"Lunar Client v3.7.16-ow.exe","sha512":"K25vDcT8UO0xbMd4MX5URU+l33+vEILLkpsRkxPMYVfB+yP5gqHGuNWOOGgUOE0gH2g4j+1Mjo9AFnQDC35tng==","packages":{"x64":{"size":112473965,"sha512":"f2R8yaxYfUc7t48Bk04LzCImKB27jTxQcAe6RAFE/2lMaHmhsNJCJ47S0XSDCCvUNJp5imIeKLPifHT4z+jt5g==","blockMapSize":116960,"path":"lunarclient-3.7.16-ow-x64.nsis.7z","file":"lunarclient-3.7.16-ow-x64.nsis.7z"}},"releaseDate":"2026-08-24T23:38:30.176Z"}}
[2026-08-27 21:58:49.785] [info]  [Library] Checking for update
[2026-08-27 21:58:49.792] [info]  [Updater] Checking for updates...
[2026-08-27 21:58:49.797] [info]           * Current Version: 3.7.16.12965
[2026-08-27 21:58:49.800] [info]           * Channel: latest-ow
[2026-08-27 21:58:49.803] [info]           * URL: https://launcherupdates.lunarclientcdn.com
[2026-08-27 21:58:49.807] [info]           * User Initiated: false
[2026-08-27 21:58:50.080] [info]  [Library] Update for version 3.7.16-ow is not available (latest version: 3.7.16-ow, downgrade is allowed).
[2026-08-27 21:58:50.081] [info]  [Updater] No updates available.
[2026-08-27 21:58:50.083] [info]  [Updater] Update check returned a result... skipping: {"isUpdateAvailable":false,"versionInfo":{"version":"3.7.16-ow","files":[{"url":"Lunar Client v3.7.16-ow.exe","sha512":"K25vDcT8UO0xbMd4MX5URU+l33+vEILLkpsRkxPMYVfB+yP5gqHGuNWOOGgUOE0gH2g4j+1Mjo9AFnQDC35tng=="}],"path":"Lunar Client v3.7.16-ow.exe","sha512":"K25vDcT8UO0xbMd4MX5URU+l33+vEILLkpsRkxPMYVfB+yP5gqHGuNWOOGgUOE0gH2g4j+1Mjo9AFnQDC35tng==","packages":{"x64":{"size":112473965,"sha512":"f2R8yaxYfUc7t48Bk04LzCImKB27jTxQcAe6RAFE/2lMaHmhsNJCJ47S0XSDCCvUNJp5imIeKLPifHT4z+jt5g==","blockMapSize":116960,"path":"lunarclient-3.7.16-ow-x64.nsis.7z","file":"lunarclient-3.7.16-ow-x64.nsis.7z"}},"releaseDate":"2026-08-24T23:38:30.176Z"},"updateInfo":{"version":"3.7.16-ow","files":[{"url":"Lunar Client v3.7.16-ow.exe","sha512":"K25vDcT8UO0xbMd4MX5URU+l33+vEILLkpsRkxPMYVfB+yP5gqHGuNWOOGgUOE0gH2g4j+1Mjo9AFnQDC35tng=="}],"path":"Lunar Client v3.7.16-ow.exe","sha512":"K25vDcT8UO0xbMd4MX5URU+l33+vEILLkpsRkxPMYVfB+yP5gqHGuNWOOGgUOE0gH2g4j+1Mjo9AFnQDC35tng==","packages":{"x64":{"size":112473965,"sha512":"f2R8yaxYfUc7t48Bk04LzCImKB27jTxQcAe6RAFE/2lMaHmhsNJCJ47S0XSDCCvUNJp5imIeKLPifHT4z+jt5g==","blockMapSize":116960,"path":"lunarclient-3.7.16-ow-x64.nsis.7z","file":"lunarclient-3.7.16-ow-x64.nsis.7z"}},"releaseDate":"2026-08-24T23:38:30.176Z"}}
[2026-08-27 22:13:49.794] [info]  [Library] Checking for update
[2026-08-27 22:13:49.803] [info]  [Updater] Checking for updates...
[2026-08-27 22:13:49.808] [info]           * Current Version: 3.7.16.12965
[2026-08-27 22:13:49.811] [info]           * Channel: latest-ow
[2026-08-27 22:13:49.813] [info]           * URL: https://launcherupdates.lunarclientcdn.com
[2026-08-27 22:13:49.815] [info]           * User Initiated: false
[2026-08-27 22:13:50.110] [info]  [Library] Update for version 3.7.16-ow is not available (latest version: 3.7.16-ow, downgrade is allowed).
[2026-08-27 22:13:50.111] [info]  [Updater] No updates available.
[2026-08-27 22:13:50.113] [info]  [Updater] Update check returned a result... skipping: {"isUpdateAvailable":false,"versionInfo":{"version":"3.7.16-ow","files":[{"url":"Lunar Client v3.7.16-ow.exe","sha512":"K25vDcT8UO0xbMd4MX5URU+l33+vEILLkpsRkxPMYVfB+yP5gqHGuNWOOGgUOE0gH2g4j+1Mjo9AFnQDC35tng=="}],"path":"Lunar Client v3.7.16-ow.exe","sha512":"K25vDcT8UO0xbMd4MX5URU+l33+vEILLkpsRkxPMYVfB+yP5gqHGuNWOOGgUOE0gH2g4j+1Mjo9AFnQDC35tng==","packages":{"x64":{"size":112473965,"sha512":"f2R8yaxYfUc7t48Bk04LzCImKB27jTxQcAe6RAFE/2lMaHmhsNJCJ47S0XSDCCvUNJp5imIeKLPifHT4z+jt5g==","blockMapSize":116960,"path":"lunarclient-3.7.16-ow-x64.nsis.7z","file":"lunarclient-3.7.16-ow-x64.nsis.7z"}},"releaseDate":"2026-08-24T23:38:30.176Z"},"updateInfo":{"version":"3.7.16-ow","files":[{"url":"Lunar Client v3.7.16-ow.exe","sha512":"K25vDcT8UO0xbMd4MX5URU+l33+vEILLkpsRkxPMYVfB+yP5gqHGuNWOOGgUOE0gH2g4j+1Mjo9AFnQDC35tng=="}],"path":"Lunar Client v3.7.16-ow.exe","sha512":"K25vDcT8UO0xbMd4MX5URU+l33+vEILLkpsRkxPMYVfB+yP5gqHGuNWOOGgUOE0gH2g4j+1Mjo9AFnQDC35tng==","packages":{"x64":{"size":112473965,"sha512":"f2R8yaxYfUc7t48Bk04LzCImKB27jTxQcAe6RAFE/2lMaHmhsNJCJ47S0XSDCCvUNJp5imIeKLPifHT4z+jt5g==","blockMapSize":116960,"path":"lunarclient-3.7.16-ow-x64.nsis.7z","file":"lunarclient-3.7.16-ow-x64.nsis.7z"}},"releaseDate":"2026-08-24T23:38:30.176Z"}}
[2026-08-27 22:28:49.810] [info]  [Library] Checking for update
[2026-08-27 22:28:49.822] [info]  [Updater] Checking for updates...
[2026-08-27 22:28:49.828] [info]           * Current Version: 3.7.16.12965
[2026-08-27 22:28:49.834] [info]           * Channel: latest-ow
[2026-08-27 22:28:49.838] [info]           * URL: https://launcherupdates.lunarclientcdn.com
[2026-08-27 22:28:49.842] [info]           * User Initiated: false
[2026-08-27 22:28:50.179] [info]  [Library] Update for version 3.7.16-ow is not available (latest version: 3.7.16-ow, downgrade is allowed).
[2026-08-27 22:28:50.181] [info]  [Updater] No updates available.
[2026-08-27 22:28:50.184] [info]  [Updater] Update check returned a result... skipping: {"isUpdateAvailable":false,"versionInfo":{"version":"3.7.16-ow","files":[{"url":"Lunar Client v3.7.16-ow.exe","sha512":"K25vDcT8UO0xbMd4MX5URU+l33+vEILLkpsRkxPMYVfB+yP5gqHGuNWOOGgUOE0gH2g4j+1Mjo9AFnQDC35tng=="}],"path":"Lunar Client v3.7.16-ow.exe","sha512":"K25vDcT8UO0xbMd4MX5URU+l33+vEILLkpsRkxPMYVfB+yP5gqHGuNWOOGgUOE0gH2g4j+1Mjo9AFnQDC35tng==","packages":{"x64":{"size":112473965,"sha512":"f2R8yaxYfUc7t48Bk04LzCImKB27jTxQcAe6RAFE/2lMaHmhsNJCJ47S0XSDCCvUNJp5imIeKLPifHT4z+jt5g==","blockMapSize":116960,"path":"lunarclient-3.7.16-ow-x64.nsis.7z","file":"lunarclient-3.7.16-ow-x64.nsis.7z"}},"releaseDate":"2026-08-24T23:38:30.176Z"},"updateInfo":{"version":"3.7.16-ow","files":[{"url":"Lunar Client v3.7.16-ow.exe","sha512":"K25vDcT8UO0xbMd4MX5URU+l33+vEILLkpsRkxPMYVfB+yP5gqHGuNWOOGgUOE0gH2g4j+1Mjo9AFnQDC35tng=="}],"path":"Lunar Client v3.7.16-ow.exe","sha512":"K25vDcT8UO0xbMd4MX5URU+l33+vEILLkpsRkxPMYVfB+yP5gqHGuNWOOGgUOE0gH2g4j+1Mjo9AFnQDC35tng==","packages":{"x64":{"size":112473965,"sha512":"f2R8yaxYfUc7t48Bk04LzCImKB27jTxQcAe6RAFE/2lMaHmhsNJCJ47S0XSDCCvUNJp5imIeKLPifHT4z+jt5g==","blockMapSize":116960,"path":"lunarclient-3.7.16-ow-x64.nsis.7z","file":"lunarclient-3.7.16-ow-x64.nsis.7z"}},"releaseDate":"2026-08-24T23:38:30.176Z"}}
[2026-08-27 22:43:49.806] [info]  [Library] Checking for update
[2026-08-27 22:43:49.815] [info]  [Updater] Checking for updates...
[2026-08-27 22:43:49.820] [info]           * Current Version: 3.7.16.12965
[2026-08-27 22:43:49.822] [info]           * Channel: latest-ow
[2026-08-27 22:43:49.826] [info]           * URL: https://launcherupdates.lunarclientcdn.com
[2026-08-27 22:43:49.828] [info]           * User Initiated: false
[2026-08-27 22:43:50.129] [info]  [Library] Update for version 3.7.16-ow is not available (latest version: 3.7.16-ow, downgrade is allowed).
[2026-08-27 22:43:50.133] [info]  [Updater] No updates available.
[2026-08-27 22:43:50.135] [info]  [Updater] Update check returned a result... skipping: {"isUpdateAvailable":false,"versionInfo":{"version":"3.7.16-ow","files":[{"url":"Lunar Client v3.7.16-ow.exe","sha512":"K25vDcT8UO0xbMd4MX5URU+l33+vEILLkpsRkxPMYVfB+yP5gqHGuNWOOGgUOE0gH2g4j+1Mjo9AFnQDC35tng=="}],"path":"Lunar Client v3.7.16-ow.exe","sha512":"K25vDcT8UO0xbMd4MX5URU+l33+vEILLkpsRkxPMYVfB+yP5gqHGuNWOOGgUOE0gH2g4j+1Mjo9AFnQDC35tng==","packages":{"x64":{"size":112473965,"sha512":"f2R8yaxYfUc7t48Bk04LzCImKB27jTxQcAe6RAFE/2lMaHmhsNJCJ47S0XSDCCvUNJp5imIeKLPifHT4z+jt5g==","blockMapSize":116960,"path":"lunarclient-3.7.16-ow-x64.nsis.7z","file":"lunarclient-3.7.16-ow-x64.nsis.7z"}},"releaseDate":"2026-08-24T23:38:30.176Z"},"updateInfo":{"version":"3.7.16-ow","files":[{"url":"Lunar Client v3.7.16-ow.exe","sha512":"K25vDcT8UO0xbMd4MX5URU+l33+vEILLkpsRkxPMYVfB+yP5gqHGuNWOOGgUOE0gH2g4j+1Mjo9AFnQDC35tng=="}],"path":"Lunar Client v3.7.16-ow.exe","sha512":"K25vDcT8UO0xbMd4MX5URU+l33+vEILLkpsRkxPMYVfB+yP5gqHGuNWOOGgUOE0gH2g4j+1Mjo9AFnQDC35tng==","packages":{"x64":{"size":112473965,"sha512":"f2R8yaxYfUc7t48Bk04LzCImKB27jTxQcAe6RAFE/2lMaHmhsNJCJ47S0XSDCCvUNJp5imIeKLPifHT4z+jt5g==","blockMapSize":116960,"path":"lunarclient-3.7.16-ow-x64.nsis.7z","file":"lunarclient-3.7.16-ow-x64.nsis.7z"}},"releaseDate":"2026-08-24T23:38:30.176Z"}}
[2026-08-27 22:58:49.798] [info]  [Library] Checking for update
[2026-08-27 22:58:49.799] [info]  [Updater] Checking for updates...
[2026-08-27 22:58:49.801] [info]           * Current Version: 3.7.16.12965
[2026-08-27 22:58:49.802] [info]           * Channel: latest-ow
[2026-08-27 22:58:49.803] [info]           * URL: https://launcherupdates.lunarclientcdn.com
[2026-08-27 22:58:49.804] [info]           * User Initiated: false
[2026-08-27 22:58:49.917] [info]  [Library] Update for version 3.7.16-ow is not available (latest version: 3.7.16-ow, downgrade is allowed).
[2026-08-27 22:58:49.918] [info]  [Updater] No updates available.
[2026-08-27 22:58:49.919] [info]  [Updater] Update check returned a result... skipping: {"isUpdateAvailable":false,"versionInfo":{"version":"3.7.16-ow","files":[{"url":"Lunar Client v3.7.16-ow.exe","sha512":"K25vDcT8UO0xbMd4MX5URU+l33+vEILLkpsRkxPMYVfB+yP5gqHGuNWOOGgUOE0gH2g4j+1Mjo9AFnQDC35tng=="}],"path":"Lunar Client v3.7.16-ow.exe","sha512":"K25vDcT8UO0xbMd4MX5URU+l33+vEILLkpsRkxPMYVfB+yP5gqHGuNWOOGgUOE0gH2g4j+1Mjo9AFnQDC35tng==","packages":{"x64":{"size":112473965,"sha512":"f2R8yaxYfUc7t48Bk04LzCImKB27jTxQcAe6RAFE/2lMaHmhsNJCJ47S0XSDCCvUNJp5imIeKLPifHT4z+jt5g==","blockMapSize":116960,"path":"lunarclient-3.7.16-ow-x64.nsis.7z","file":"lunarclient-3.7.16-ow-x64.nsis.7z"}},"releaseDate":"2026-08-24T23:38:30.176Z"},"updateInfo":{"version":"3.7.16-ow","files":[{"url":"Lunar Client v3.7.16-ow.exe","sha512":"K25vDcT8UO0xbMd4MX5URU+l33+vEILLkpsRkxPMYVfB+yP5gqHGuNWOOGgUOE0gH2g4j+1Mjo9AFnQDC35tng=="}],"path":"Lunar Client v3.7.16-ow.exe","sha512":"K25vDcT8UO0xbMd4MX5URU+l33+vEILLkpsRkxPMYVfB+yP5gqHGuNWOOGgUOE0gH2g4j+1Mjo9AFnQDC35tng==","packages":{"x64":{"size":112473965,"sha512":"f2R8yaxYfUc7t48Bk04LzCImKB27jTxQcAe6RAFE/2lMaHmhsNJCJ47S0XSDCCvUNJp5imIeKLPifHT4z+jt5g==","blockMapSize":116960,"path":"lunarclient-3.7.16-ow-x64.nsis.7z","file":"lunarclient-3.7.16-ow-x64.nsis.7z"}},"releaseDate":"2026-08-24T23:38:30.176Z"}}
[2026-08-27 23:13:49.810] [info]  [Library] Checking for update
[2026-08-27 23:13:49.811] [info]  [Updater] Checking for updates...
[2026-08-27 23:13:49.812] [info]           * Current Version: 3.7.16.12965
[2026-08-27 23:13:49.813] [info]           * Channel: latest-ow
[2026-08-27 23:13:49.815] [info]           * URL: https://launcherupdates.lunarclientcdn.com
[2026-08-27 23:13:49.816] [info]           * User Initiated: false
[2026-08-27 23:13:49.911] [info]  [Library] Update for version 3.7.16-ow is not available (latest version: 3.7.16-ow, downgrade is allowed).
[2026-08-27 23:13:49.911] [info]  [Updater] No updates available.
[2026-08-27 23:13:49.912] [info]  [Updater] Update check returned a result... skipping: {"isUpdateAvailable":false,"versionInfo":{"version":"3.7.16-ow","files":[{"url":"Lunar Client v3.7.16-ow.exe","sha512":"K25vDcT8UO0xbMd4MX5URU+l33+vEILLkpsRkxPMYVfB+yP5gqHGuNWOOGgUOE0gH2g4j+1Mjo9AFnQDC35tng=="}],"path":"Lunar Client v3.7.16-ow.exe","sha512":"K25vDcT8UO0xbMd4MX5URU+l33+vEILLkpsRkxPMYVfB+yP5gqHGuNWOOGgUOE0gH2g4j+1Mjo9AFnQDC35tng==","packages":{"x64":{"size":112473965,"sha512":"f2R8yaxYfUc7t48Bk04LzCImKB27jTxQcAe6RAFE/2lMaHmhsNJCJ47S0XSDCCvUNJp5imIeKLPifHT4z+jt5g==","blockMapSize":116960,"path":"lunarclient-3.7.16-ow-x64.nsis.7z","file":"lunarclient-3.7.16-ow-x64.nsis.7z"}},"releaseDate":"2026-08-24T23:38:30.176Z"},"updateInfo":{"version":"3.7.16-ow","files":[{"url":"Lunar Client v3.7.16-ow.exe","sha512":"K25vDcT8UO0xbMd4MX5URU+l33+vEILLkpsRkxPMYVfB+yP5gqHGuNWOOGgUOE0gH2g4j+1Mjo9AFnQDC35tng=="}],"path":"Lunar Client v3.7.16-ow.exe","sha512":"K25vDcT8UO0xbMd4MX5URU+l33+vEILLkpsRkxPMYVfB+yP5gqHGuNWOOGgUOE0gH2g4j+1Mjo9AFnQDC35tng==","packages":{"x64":{"size":112473965,"sha512":"f2R8yaxYfUc7t48Bk04LzCImKB27jTxQcAe6RAFE/2lMaHmhsNJCJ47S0XSDCCvUNJp5imIeKLPifHT4z+jt5g==","blockMapSize":116960,"path":"lunarclient-3.7.16-ow-x64.nsis.7z","file":"lunarclient-3.7.16-ow-x64.nsis.7z"}},"releaseDate":"2026-08-24T23:38:30.176Z"}}
[2026-08-27 23:28:49.826] [info]  [Library] Checking for update
[2026-08-27 23:28:49.828] [info]  [Updater] Checking for updates...
[2026-08-27 23:28:49.830] [info]           * Current Version: 3.7.16.12965
[2026-08-27 23:28:49.832] [info]           * Channel: latest-ow
[2026-08-27 23:28:49.833] [info]           * URL: https://launcherupdates.lunarclientcdn.com
[2026-08-27 23:28:49.835] [info]           * User Initiated: false
[2026-08-27 23:28:49.948] [info]  [Library] Update for version 3.7.16-ow is not available (latest version: 3.7.16-ow, downgrade is allowed).
[2026-08-27 23:28:49.949] [info]  [Updater] No updates available.
[2026-08-27 23:28:49.950] [info]  [Updater] Update check returned a result... skipping: {"isUpdateAvailable":false,"versionInfo":{"version":"3.7.16-ow","files":[{"url":"Lunar Client v3.7.16-ow.exe","sha512":"K25vDcT8UO0xbMd4MX5URU+l33+vEILLkpsRkxPMYVfB+yP5gqHGuNWOOGgUOE0gH2g4j+1Mjo9AFnQDC35tng=="}],"path":"Lunar Client v3.7.16-ow.exe","sha512":"K25vDcT8UO0xbMd4MX5URU+l33+vEILLkpsRkxPMYVfB+yP5gqHGuNWOOGgUOE0gH2g4j+1Mjo9AFnQDC35tng==","packages":{"x64":{"size":112473965,"sha512":"f2R8yaxYfUc7t48Bk04LzCImKB27jTxQcAe6RAFE/2lMaHmhsNJCJ47S0XSDCCvUNJp5imIeKLPifHT4z+jt5g==","blockMapSize":116960,"path":"lunarclient-3.7.16-ow-x64.nsis.7z","file":"lunarclient-3.7.16-ow-x64.nsis.7z"}},"releaseDate":"2026-08-24T23:38:30.176Z"},"updateInfo":{"version":"3.7.16-ow","files":[{"url":"Lunar Client v3.7.16-ow.exe","sha512":"K25vDcT8UO0xbMd4MX5URU+l33+vEILLkpsRkxPMYVfB+yP5gqHGuNWOOGgUOE0gH2g4j+1Mjo9AFnQDC35tng=="}],"path":"Lunar Client v3.7.16-ow.exe","sha512":"K25vDcT8UO0xbMd4MX5URU+l33+vEILLkpsRkxPMYVfB+yP5gqHGuNWOOGgUOE0gH2g4j+1Mjo9AFnQDC35tng==","packages":{"x64":{"size":112473965,"sha512":"f2R8yaxYfUc7t48Bk04LzCImKB27jTxQcAe6RAFE/2lMaHmhsNJCJ47S0XSDCCvUNJp5imIeKLPifHT4z+jt5g==","blockMapSize":116960,"path":"lunarclient-3.7.16-ow-x64.nsis.7z","file":"lunarclient-3.7.16-ow-x64.nsis.7z"}},"releaseDate":"2026-08-24T23:38:30.176Z"}}
[2026-08-27 23:43:49.874] [info]  [Library] Checking for update
[2026-08-27 23:43:49.890] [info]  [Updater] Checking for updates...
[2026-08-27 23:43:49.894] [info]           * Current Version: 3.7.16.12965
[2026-08-27 23:43:49.898] [info]           * Channel: latest-ow
[2026-08-27 23:43:49.901] [info]           * URL: https://launcherupdates.lunarclientcdn.com
[2026-08-27 23:43:49.905] [info]           * User Initiated: false
[2026-08-27 23:43:50.232] [info]  [Library] Update for version 3.7.16-ow is not available (latest version: 3.7.16-ow, downgrade is allowed).
[2026-08-27 23:43:50.234] [info]  [Updater] No updates available.
[2026-08-27 23:43:50.237] [info]  [Updater] Update check returned a result... skipping: {"isUpdateAvailable":false,"versionInfo":{"version":"3.7.16-ow","files":[{"url":"Lunar Client v3.7.16-ow.exe","sha512":"K25vDcT8UO0xbMd4MX5URU+l33+vEILLkpsRkxPMYVfB+yP5gqHGuNWOOGgUOE0gH2g4j+1Mjo9AFnQDC35tng=="}],"path":"Lunar Client v3.7.16-ow.exe","sha512":"K25vDcT8UO0xbMd4MX5URU+l33+vEILLkpsRkxPMYVfB+yP5gqHGuNWOOGgUOE0gH2g4j+1Mjo9AFnQDC35tng==","packages":{"x64":{"size":112473965,"sha512":"f2R8yaxYfUc7t48Bk04LzCImKB27jTxQcAe6RAFE/2lMaHmhsNJCJ47S0XSDCCvUNJp5imIeKLPifHT4z+jt5g==","blockMapSize":116960,"path":"lunarclient-3.7.16-ow-x64.nsis.7z","file":"lunarclient-3.7.16-ow-x64.nsis.7z"}},"releaseDate":"2026-08-24T23:38:30.176Z"},"updateInfo":{"version":"3.7.16-ow","files":[{"url":"Lunar Client v3.7.16-ow.exe","sha512":"K25vDcT8UO0xbMd4MX5URU+l33+vEILLkpsRkxPMYVfB+yP5gqHGuNWOOGgUOE0gH2g4j+1Mjo9AFnQDC35tng=="}],"path":"Lunar Client v3.7.16-ow.exe","sha512":"K25vDcT8UO0xbMd4MX5URU+l33+vEILLkpsRkxPMYVfB+yP5gqHGuNWOOGgUOE0gH2g4j+1Mjo9AFnQDC35tng==","packages":{"x64":{"size":112473965,"sha512":"f2R8yaxYfUc7t48Bk04LzCImKB27jTxQcAe6RAFE/2lMaHmhsNJCJ47S0XSDCCvUNJp5imIeKLPifHT4z+jt5g==","blockMapSize":116960,"path":"lunarclient-3.7.16-ow-x64.nsis.7z","file":"lunarclient-3.7.16-ow-x64.nsis.7z"}},"releaseDate":"2026-08-24T23:38:30.176Z"}}
[2026-08-27 23:58:49.878] [info]  [Library] Checking for update
[2026-08-27 23:58:49.897] [info]  [Updater] Checking for updates...
[2026-08-27 23:58:49.904] [info]           * Current Version: 3.7.16.12965
[2026-08-27 23:58:49.907] [info]           * Channel: latest-ow
[2026-08-27 23:58:49.910] [info]           * URL: https://launcherupdates.lunarclientcdn.com
[2026-08-27 23:58:49.912] [info]           * User Initiated: false
[2026-08-27 23:58:50.097] [info]  [Library] Update for version 3.7.16-ow is not available (latest version: 3.7.16-ow, downgrade is allowed).
[2026-08-27 23:58:50.100] [info]  [Updater] No updates available.
[2026-08-27 23:58:50.102] [info]  [Updater] Update check returned a result... skipping: {"isUpdateAvailable":false,"versionInfo":{"version":"3.7.16-ow","files":[{"url":"Lunar Client v3.7.16-ow.exe","sha512":"K25vDcT8UO0xbMd4MX5URU+l33+vEILLkpsRkxPMYVfB+yP5gqHGuNWOOGgUOE0gH2g4j+1Mjo9AFnQDC35tng=="}],"path":"Lunar Client v3.7.16-ow.exe","sha512":"K25vDcT8UO0xbMd4MX5URU+l33+vEILLkpsRkxPMYVfB+yP5gqHGuNWOOGgUOE0gH2g4j+1Mjo9AFnQDC35tng==","packages":{"x64":{"size":112473965,"sha512":"f2R8yaxYfUc7t48Bk04LzCImKB27jTxQcAe6RAFE/2lMaHmhsNJCJ47S0XSDCCvUNJp5imIeKLPifHT4z+jt5g==","blockMapSize":116960,"path":"lunarclient-3.7.16-ow-x64.nsis.7z","file":"lunarclient-3.7.16-ow-x64.nsis.7z"}},"releaseDate":"2026-08-24T23:38:30.176Z"},"updateInfo":{"version":"3.7.16-ow","files":[{"url":"Lunar Client v3.7.16-ow.exe","sha512":"K25vDcT8UO0xbMd4MX5URU+l33+vEILLkpsRkxPMYVfB+yP5gqHGuNWOOGgUOE0gH2g4j+1Mjo9AFnQDC35tng=="}],"path":"Lunar Client v3.7.16-ow.exe","sha512":"K25vDcT8UO0xbMd4MX5URU+l33+vEILLkpsRkxPMYVfB+yP5gqHGuNWOOGgUOE0gH2g4j+1Mjo9AFnQDC35tng==","packages":{"x64":{"size":112473965,"sha512":"f2R8yaxYfUc7t48Bk04LzCImKB27jTxQcAe6RAFE/2lMaHmhsNJCJ47S0XSDCCvUNJp5imIeKLPifHT4z+jt5g==","blockMapSize":116960,"path":"lunarclient-3.7.16-ow-x64.nsis.7z","file":"lunarclient-3.7.16-ow-x64.nsis.7z"}},"releaseDate":"2026-08-24T23:38:30.176Z"}}
[2026-08-28 00:13:50.181] [info]  [Library] Checking for update
[2026-08-28 00:13:50.193] [info]  [Updater] Checking for updates...
[2026-08-28 00:13:50.197] [info]           * Current Version: 3.7.16.12965
[2026-08-28 00:13:50.199] [info]           * Channel: latest-ow
[2026-08-28 00:13:50.200] [info]           * URL: https://launcherupdates.lunarclientcdn.com
[2026-08-28 00:13:50.202] [info]           * User Initiated: false
[2026-08-28 00:13:50.356] [info]  [Library] Update for version 3.7.16-ow is not available (latest version: 3.7.16-ow, downgrade is allowed).
[2026-08-28 00:13:50.357] [info]  [Updater] No updates available.
[2026-08-28 00:13:50.358] [info]  [Updater] Update check returned a result... skipping: {"isUpdateAvailable":false,"versionInfo":{"version":"3.7.16-ow","files":[{"url":"Lunar Client v3.7.16-ow.exe","sha512":"K25vDcT8UO0xbMd4MX5URU+l33+vEILLkpsRkxPMYVfB+yP5gqHGuNWOOGgUOE0gH2g4j+1Mjo9AFnQDC35tng=="}],"path":"Lunar Client v3.7.16-ow.exe","sha512":"K25vDcT8UO0xbMd4MX5URU+l33+vEILLkpsRkxPMYVfB+yP5gqHGuNWOOGgUOE0gH2g4j+1Mjo9AFnQDC35tng==","packages":{"x64":{"size":112473965,"sha512":"f2R8yaxYfUc7t48Bk04LzCImKB27jTxQcAe6RAFE/2lMaHmhsNJCJ47S0XSDCCvUNJp5imIeKLPifHT4z+jt5g==","blockMapSize":116960,"path":"lunarclient-3.7.16-ow-x64.nsis.7z","file":"lunarclient-3.7.16-ow-x64.nsis.7z"}},"releaseDate":"2026-08-24T23:38:30.176Z"},"updateInfo":{"version":"3.7.16-ow","files":[{"url":"Lunar Client v3.7.16-ow.exe","sha512":"K25vDcT8UO0xbMd4MX5URU+l33+vEILLkpsRkxPMYVfB+yP5gqHGuNWOOGgUOE0gH2g4j+1Mjo9AFnQDC35tng=="}],"path":"Lunar Client v3.7.16-ow.exe","sha512":"K25vDcT8UO0xbMd4MX5URU+l33+vEILLkpsRkxPMYVfB+yP5gqHGuNWOOGgUOE0gH2g4j+1Mjo9AFnQDC35tng==","packages":{"x64":{"size":112473965,"sha512":"f2R8yaxYfUc7t48Bk04LzCImKB27jTxQcAe6RAFE/2lMaHmhsNJCJ47S0XSDCCvUNJp5imIeKLPifHT4z+jt5g==","blockMapSize":116960,"path":"lunarclient-3.7.16-ow-x64.nsis.7z","file":"lunarclient-3.7.16-ow-x64.nsis.7z"}},"releaseDate":"2026-08-24T23:38:30.176Z"}}
[2026-08-28 00:28:50.018] [info]  [Library] Checking for update
[2026-08-28 00:28:50.044] [info]  [Updater] Checking for updates...
[2026-08-28 00:28:50.064] [info]           * Current Version: 3.7.16.12965
[2026-08-28 00:28:50.068] [info]           * Channel: latest-ow
[2026-08-28 00:28:50.077] [info]           * URL: https://launcherupdates.lunarclientcdn.com
[2026-08-28 00:28:50.082] [info]           * User Initiated: false
[2026-08-28 00:28:50.509] [info]  [Library] Update for version 3.7.16-ow is not available (latest version: 3.7.16-ow, downgrade is allowed).
[2026-08-28 00:28:50.511] [info]  [Updater] No updates available.
[2026-08-28 00:28:50.514] [info]  [Updater] Update check returned a result... skipping: {"isUpdateAvailable":false,"versionInfo":{"version":"3.7.16-ow","files":[{"url":"Lunar Client v3.7.16-ow.exe","sha512":"K25vDcT8UO0xbMd4MX5URU+l33+vEILLkpsRkxPMYVfB+yP5gqHGuNWOOGgUOE0gH2g4j+1Mjo9AFnQDC35tng=="}],"path":"Lunar Client v3.7.16-ow.exe","sha512":"K25vDcT8UO0xbMd4MX5URU+l33+vEILLkpsRkxPMYVfB+yP5gqHGuNWOOGgUOE0gH2g4j+1Mjo9AFnQDC35tng==","packages":{"x64":{"size":112473965,"sha512":"f2R8yaxYfUc7t48Bk04LzCImKB27jTxQcAe6RAFE/2lMaHmhsNJCJ47S0XSDCCvUNJp5imIeKLPifHT4z+jt5g==","blockMapSize":116960,"path":"lunarclient-3.7.16-ow-x64.nsis.7z","file":"lunarclient-3.7.16-ow-x64.nsis.7z"}},"releaseDate":"2026-08-24T23:38:30.176Z"},"updateInfo":{"version":"3.7.16-ow","files":[{"url":"Lunar Client v3.7.16-ow.exe","sha512":"K25vDcT8UO0xbMd4MX5URU+l33+vEILLkpsRkxPMYVfB+yP5gqHGuNWOOGgUOE0gH2g4j+1Mjo9AFnQDC35tng=="}],"path":"Lunar Client v3.7.16-ow.exe","sha512":"K25vDcT8UO0xbMd4MX5URU+l33+vEILLkpsRkxPMYVfB+yP5gqHGuNWOOGgUOE0gH2g4j+1Mjo9AFnQDC35tng==","packages":{"x64":{"size":112473965,"sha512":"f2R8yaxYfUc7t48Bk04LzCImKB27jTxQcAe6RAFE/2lMaHmhsNJCJ47S0XSDCCvUNJp5imIeKLPifHT4z+jt5g==","blockMapSize":116960,"path":"lunarclient-3.7.16-ow-x64.nsis.7z","file":"lunarclient-3.7.16-ow-x64.nsis.7z"}},"releaseDate":"2026-08-24T23:38:30.176Z"}}
[2026-08-28 00:43:50.001] [info]  [Library] Checking for update
[2026-08-28 00:43:50.012] [info]  [Updater] Checking for updates...
[2026-08-28 00:43:50.017] [info]           * Current Version: 3.7.16.12965
[2026-08-28 00:43:50.019] [info]           * Channel: latest-ow
[2026-08-28 00:43:50.021] [info]           * URL: https://launcherupdates.lunarclientcdn.com
[2026-08-28 00:43:50.022] [info]           * User Initiated: false
[2026-08-28 00:43:50.240] [info]  [Library] Update for version 3.7.16-ow is not available (latest version: 3.7.16-ow, downgrade is allowed).
[2026-08-28 00:43:50.241] [info]  [Updater] No updates available.
[2026-08-28 00:43:50.243] [info]  [Updater] Update check returned a result... skipping: {"isUpdateAvailable":false,"versionInfo":{"version":"3.7.16-ow","files":[{"url":"Lunar Client v3.7.16-ow.exe","sha512":"K25vDcT8UO0xbMd4MX5URU+l33+vEILLkpsRkxPMYVfB+yP5gqHGuNWOOGgUOE0gH2g4j+1Mjo9AFnQDC35tng=="}],"path":"Lunar Client v3.7.16-ow.exe","sha512":"K25vDcT8UO0xbMd4MX5URU+l33+vEILLkpsRkxPMYVfB+yP5gqHGuNWOOGgUOE0gH2g4j+1Mjo9AFnQDC35tng==","packages":{"x64":{"size":112473965,"sha512":"f2R8yaxYfUc7t48Bk04LzCImKB27jTxQcAe6RAFE/2lMaHmhsNJCJ47S0XSDCCvUNJp5imIeKLPifHT4z+jt5g==","blockMapSize":116960,"path":"lunarclient-3.7.16-ow-x64.nsis.7z","file":"lunarclient-3.7.16-ow-x64.nsis.7z"}},"releaseDate":"2026-08-24T23:38:30.176Z"},"updateInfo":{"version":"3.7.16-ow","files":[{"url":"Lunar Client v3.7.16-ow.exe","sha512":"K25vDcT8UO0xbMd4MX5URU+l33+vEILLkpsRkxPMYVfB+yP5gqHGuNWOOGgUOE0gH2g4j+1Mjo9AFnQDC35tng=="}],"path":"Lunar Client v3.7.16-ow.exe","sha512":"K25vDcT8UO0xbMd4MX5URU+l33+vEILLkpsRkxPMYVfB+yP5gqHGuNWOOGgUOE0gH2g4j+1Mjo9AFnQDC35tng==","packages":{"x64":{"size":112473965,"sha512":"f2R8yaxYfUc7t48Bk04LzCImKB27jTxQcAe6RAFE/2lMaHmhsNJCJ47S0XSDCCvUNJp5imIeKLPifHT4z+jt5g==","blockMapSize":116960,"path":"lunarclient-3.7.16-ow-x64.nsis.7z","file":"lunarclient-3.7.16-ow-x64.nsis.7z"}},"releaseDate":"2026-08-24T23:38:30.176Z"}}
[2026-08-28 00:58:50.288] [info]  [Library] Checking for update
[2026-08-28 00:58:50.302] [info]  [Updater] Checking for updates...
[2026-08-28 00:58:50.307] [info]           * Current Version: 3.7.16.12965
[2026-08-28 00:58:50.309] [info]           * Channel: latest-ow
[2026-08-28 00:58:50.311] [info]           * URL: https://launcherupdates.lunarclientcdn.com
[2026-08-28 00:58:50.313] [info]           * User Initiated: false
[2026-08-28 00:58:50.607] [info]  [Library] Update for version 3.7.16-ow is not available (latest version: 3.7.16-ow, downgrade is allowed).
[2026-08-28 00:58:50.608] [info]  [Updater] No updates available.
[2026-08-28 00:58:50.610] [info]  [Updater] Update check returned a result... skipping: {"isUpdateAvailable":false,"versionInfo":{"version":"3.7.16-ow","files":[{"url":"Lunar Client v3.7.16-ow.exe","sha512":"K25vDcT8UO0xbMd4MX5URU+l33+vEILLkpsRkxPMYVfB+yP5gqHGuNWOOGgUOE0gH2g4j+1Mjo9AFnQDC35tng=="}],"path":"Lunar Client v3.7.16-ow.exe","sha512":"K25vDcT8UO0xbMd4MX5URU+l33+vEILLkpsRkxPMYVfB+yP5gqHGuNWOOGgUOE0gH2g4j+1Mjo9AFnQDC35tng==","packages":{"x64":{"size":112473965,"sha512":"f2R8yaxYfUc7t48Bk04LzCImKB27jTxQcAe6RAFE/2lMaHmhsNJCJ47S0XSDCCvUNJp5imIeKLPifHT4z+jt5g==","blockMapSize":116960,"path":"lunarclient-3.7.16-ow-x64.nsis.7z","file":"lunarclient-3.7.16-ow-x64.nsis.7z"}},"releaseDate":"2026-08-24T23:38:30.176Z"},"updateInfo":{"version":"3.7.16-ow","files":[{"url":"Lunar Client v3.7.16-ow.exe","sha512":"K25vDcT8UO0xbMd4MX5URU+l33+vEILLkpsRkxPMYVfB+yP5gqHGuNWOOGgUOE0gH2g4j+1Mjo9AFnQDC35tng=="}],"path":"Lunar Client v3.7.16-ow.exe","sha512":"K25vDcT8UO0xbMd4MX5URU+l33+vEILLkpsRkxPMYVfB+yP5gqHGuNWOOGgUOE0gH2g4j+1Mjo9AFnQDC35tng==","packages":{"x64":{"size":112473965,"sha512":"f2R8yaxYfUc7t48Bk04LzCImKB27jTxQcAe6RAFE/2lMaHmhsNJCJ47S0XSDCCvUNJp5imIeKLPifHT4z+jt5g==","blockMapSize":116960,"path":"lunarclient-3.7.16-ow-x64.nsis.7z","file":"lunarclient-3.7.16-ow-x64.nsis.7z"}},"releaseDate":"2026-08-24T23:38:30.176Z"}}
[2026-08-29 14:01:05.347] [info]  [Electron] Logger initialized for updater at C:\Users\CARLOS_JR\.lunarclient\logs\launcher\updater.log (Prefix: Updater)
[2026-08-29 14:01:07.358] [info]  [Library] Checking for update
[2026-08-29 14:01:07.360] [info]  [Updater] Checking for updates...
[2026-08-29 14:01:07.362] [info]           * Current Version: 3.7.16.12965
[2026-08-29 14:01:07.365] [info]           * Channel: latest-ow
[2026-08-29 14:01:07.367] [info]           * URL: https://launcherupdates.lunarclientcdn.com
[2026-08-29 14:01:07.369] [info]           * User Initiated: false
[2026-08-29 14:01:08.518] [info]  [Library] Update for version 3.7.16-ow is not available (latest version: 3.7.16-ow, downgrade is allowed).
[2026-08-29 14:01:08.519] [info]  [Updater] No updates available.
[2026-08-29 14:01:08.522] [info]  [Updater] Update check returned a result... skipping: {"isUpdateAvailable":false,"versionInfo":{"version":"3.7.16-ow","files":[{"url":"Lunar Client v3.7.16-ow.exe","sha512":"K25vDcT8UO0xbMd4MX5URU+l33+vEILLkpsRkxPMYVfB+yP5gqHGuNWOOGgUOE0gH2g4j+1Mjo9AFnQDC35tng=="}],"path":"Lunar Client v3.7.16-ow.exe","sha512":"K25vDcT8UO0xbMd4MX5URU+l33+vEILLkpsRkxPMYVfB+yP5gqHGuNWOOGgUOE0gH2g4j+1Mjo9AFnQDC35tng==","packages":{"x64":{"size":112473965,"sha512":"f2R8yaxYfUc7t48Bk04LzCImKB27jTxQcAe6RAFE/2lMaHmhsNJCJ47S0XSDCCvUNJp5imIeKLPifHT4z+jt5g==","blockMapSize":116960,"path":"lunarclient-3.7.16-ow-x64.nsis.7z","file":"lunarclient-3.7.16-ow-x64.nsis.7z"}},"releaseDate":"2026-08-24T23:38:30.176Z"},"updateInfo":{"version":"3.7.16-ow","files":[{"url":"Lunar Client v3.7.16-ow.exe","sha512":"K25vDcT8UO0xbMd4MX5URU+l33+vEILLkpsRkxPMYVfB+yP5gqHGuNWOOGgUOE0gH2g4j+1Mjo9AFnQDC35tng=="}],"path":"Lunar Client v3.7.16-ow.exe","sha512":"K25vDcT8UO0xbMd4MX5URU+l33+vEILLkpsRkxPMYVfB+yP5gqHGuNWOOGgUOE0gH2g4j+1Mjo9AFnQDC35tng==","packages":{"x64":{"size":112473965,"sha512":"f2R8yaxYfUc7t48Bk04LzCImKB27jTxQcAe6RAFE/2lMaHmhsNJCJ47S0XSDCCvUNJp5imIeKLPifHT4z+jt5g==","blockMapSize":116960,"path":"lunarclient-3.7.16-ow-x64.nsis.7z","file":"lunarclient-3.7.16-ow-x64.nsis.7z"}},"releaseDate":"2026-08-24T23:38:30.176Z"}}
[2026-08-29 21:14:46.618] [info]  [Electron] Logger initialized for updater at C:\Users\CARLOS_JR\.lunarclient\logs\launcher\updater.log (Prefix: Updater)
[2026-08-29 21:14:48.438] [info]  [Library] Checking for update
[2026-08-29 21:14:48.440] [info]  [Updater] Checking for updates...
[2026-08-29 21:14:48.444] [info]           * Current Version: 3.7.16.12965
[2026-08-29 21:14:48.446] [info]           * Channel: latest-ow
[2026-08-29 21:14:48.450] [info]           * URL: https://launcherupdates.lunarclientcdn.com
[2026-08-29 21:14:48.453] [info]           * User Initiated: false
[2026-08-29 21:14:49.673] [info]  [Library] Update for version 3.7.16-ow is not available (latest version: 3.7.16-ow, downgrade is allowed).
[2026-08-29 21:14:49.675] [info]  [Updater] No updates available.
[2026-08-29 21:14:49.677] [info]  [Updater] Update check returned a result... skipping: {"isUpdateAvailable":false,"versionInfo":{"version":"3.7.16-ow","files":[{"url":"Lunar Client v3.7.16-ow.exe","sha512":"K25vDcT8UO0xbMd4MX5URU+l33+vEILLkpsRkxPMYVfB+yP5gqHGuNWOOGgUOE0gH2g4j+1Mjo9AFnQDC35tng=="}],"path":"Lunar Client v3.7.16-ow.exe","sha512":"K25vDcT8UO0xbMd4MX5URU+l33+vEILLkpsRkxPMYVfB+yP5gqHGuNWOOGgUOE0gH2g4j+1Mjo9AFnQDC35tng==","packages":{"x64":{"size":112473965,"sha512":"f2R8yaxYfUc7t48Bk04LzCImKB27jTxQcAe6RAFE/2lMaHmhsNJCJ47S0XSDCCvUNJp5imIeKLPifHT4z+jt5g==","blockMapSize":116960,"path":"lunarclient-3.7.16-ow-x64.nsis.7z","file":"lunarclient-3.7.16-ow-x64.nsis.7z"}},"releaseDate":"2026-08-24T23:38:30.176Z"},"updateInfo":{"version":"3.7.16-ow","files":[{"url":"Lunar Client v3.7.16-ow.exe","sha512":"K25vDcT8UO0xbMd4MX5URU+l33+vEILLkpsRkxPMYVfB+yP5gqHGuNWOOGgUOE0gH2g4j+1Mjo9AFnQDC35tng=="}],"path":"Lunar Client v3.7.16-ow.exe","sha512":"K25vDcT8UO0xbMd4MX5URU+l33+vEILLkpsRkxPMYVfB+yP5gqHGuNWOOGgUOE0gH2g4j+1Mjo9AFnQDC35tng==","packages":{"x64":{"size":112473965,"sha512":"f2R8yaxYfUc7t48Bk04LzCImKB27jTxQcAe6RAFE/2lMaHmhsNJCJ47S0XSDCCvUNJp5imIeKLPifHT4z+jt5g==","blockMapSize":116960,"path":"lunarclient-3.7.16-ow-x64.nsis.7z","file":"lunarclient-3.7.16-ow-x64.nsis.7z"}},"releaseDate":"2026-08-24T23:38:30.176Z"}}
[2026-08-29 21:29:46.633] [info]  [Library] Checking for update
[2026-08-29 21:29:46.639] [info]  [Updater] Checking for updates...
[2026-08-29 21:29:46.642] [info]           * Current Version: 3.7.16.12965
[2026-08-29 21:29:46.644] [info]           * Channel: latest-ow
[2026-08-29 21:29:46.645] [info]           * URL: https://launcherupdates.lunarclientcdn.com
[2026-08-29 21:29:46.647] [info]           * User Initiated: false
[2026-08-29 21:29:46.800] [info]  [Library] Update for version 3.7.16-ow is not available (latest version: 3.7.16-ow, downgrade is allowed).
[2026-08-29 21:29:46.801] [info]  [Updater] No updates available.
[2026-08-29 21:29:46.802] [info]  [Updater] Update check returned a result... skipping: {"isUpdateAvailable":false,"versionInfo":{"version":"3.7.16-ow","files":[{"url":"Lunar Client v3.7.16-ow.exe","sha512":"K25vDcT8UO0xbMd4MX5URU+l33+vEILLkpsRkxPMYVfB+yP5gqHGuNWOOGgUOE0gH2g4j+1Mjo9AFnQDC35tng=="}],"path":"Lunar Client v3.7.16-ow.exe","sha512":"K25vDcT8UO0xbMd4MX5URU+l33+vEILLkpsRkxPMYVfB+yP5gqHGuNWOOGgUOE0gH2g4j+1Mjo9AFnQDC35tng==","packages":{"x64":{"size":112473965,"sha512":"f2R8yaxYfUc7t48Bk04LzCImKB27jTxQcAe6RAFE/2lMaHmhsNJCJ47S0XSDCCvUNJp5imIeKLPifHT4z+jt5g==","blockMapSize":116960,"path":"lunarclient-3.7.16-ow-x64.nsis.7z","file":"lunarclient-3.7.16-ow-x64.nsis.7z"}},"releaseDate":"2026-08-24T23:38:30.176Z"},"updateInfo":{"version":"3.7.16-ow","files":[{"url":"Lunar Client v3.7.16-ow.exe","sha512":"K25vDcT8UO0xbMd4MX5URU+l33+vEILLkpsRkxPMYVfB+yP5gqHGuNWOOGgUOE0gH2g4j+1Mjo9AFnQDC35tng=="}],"path":"Lunar Client v3.7.16-ow.exe","sha512":"K25vDcT8UO0xbMd4MX5URU+l33+vEILLkpsRkxPMYVfB+yP5gqHGuNWOOGgUOE0gH2g4j+1Mjo9AFnQDC35tng==","packages":{"x64":{"size":112473965,"sha512":"f2R8yaxYfUc7t48Bk04LzCImKB27jTxQcAe6RAFE/2lMaHmhsNJCJ47S0XSDCCvUNJp5imIeKLPifHT4z+jt5g==","blockMapSize":116960,"path":"lunarclient-3.7.16-ow-x64.nsis.7z","file":"lunarclient-3.7.16-ow-x64.nsis.7z"}},"releaseDate":"2026-08-24T23:38:30.176Z"}}
[2026-08-29 21:44:46.658] [info]  [Library] Checking for update
[2026-08-29 21:44:46.663] [info]  [Updater] Checking for updates...
[2026-08-29 21:44:46.665] [info]           * Current Version: 3.7.16.12965
[2026-08-29 21:44:46.666] [info]           * Channel: latest-ow
[2026-08-29 21:44:46.668] [info]           * URL: https://launcherupdates.lunarclientcdn.com
[2026-08-29 21:44:46.669] [info]           * User Initiated: false
[2026-08-29 21:44:46.792] [info]  [Library] Update for version 3.7.16-ow is not available (latest version: 3.7.16-ow, downgrade is allowed).
[2026-08-29 21:44:46.793] [info]  [Updater] No updates available.
[2026-08-29 21:44:46.795] [info]  [Updater] Update check returned a result... skipping: {"isUpdateAvailable":false,"versionInfo":{"version":"3.7.16-ow","files":[{"url":"Lunar Client v3.7.16-ow.exe","sha512":"K25vDcT8UO0xbMd4MX5URU+l33+vEILLkpsRkxPMYVfB+yP5gqHGuNWOOGgUOE0gH2g4j+1Mjo9AFnQDC35tng=="}],"path":"Lunar Client v3.7.16-ow.exe","sha512":"K25vDcT8UO0xbMd4MX5URU+l33+vEILLkpsRkxPMYVfB+yP5gqHGuNWOOGgUOE0gH2g4j+1Mjo9AFnQDC35tng==","packages":{"x64":{"size":112473965,"sha512":"f2R8yaxYfUc7t48Bk04LzCImKB27jTxQcAe6RAFE/2lMaHmhsNJCJ47S0XSDCCvUNJp5imIeKLPifHT4z+jt5g==","blockMapSize":116960,"path":"lunarclient-3.7.16-ow-x64.nsis.7z","file":"lunarclient-3.7.16-ow-x64.nsis.7z"}},"releaseDate":"2026-08-24T23:38:30.176Z"},"updateInfo":{"version":"3.7.16-ow","files":[{"url":"Lunar Client v3.7.16-ow.exe","sha512":"K25vDcT8UO0xbMd4MX5URU+l33+vEILLkpsRkxPMYVfB+yP5gqHGuNWOOGgUOE0gH2g4j+1Mjo9AFnQDC35tng=="}],"path":"Lunar Client v3.7.16-ow.exe","sha512":"K25vDcT8UO0xbMd4MX5URU+l33+vEILLkpsRkxPMYVfB+yP5gqHGuNWOOGgUOE0gH2g4j+1Mjo9AFnQDC35tng==","packages":{"x64":{"size":112473965,"sha512":"f2R8yaxYfUc7t48Bk04LzCImKB27jTxQcAe6RAFE/2lMaHmhsNJCJ47S0XSDCCvUNJp5imIeKLPifHT4z+jt5g==","blockMapSize":116960,"path":"lunarclient-3.7.16-ow-x64.nsis.7z","file":"lunarclient-3.7.16-ow-x64.nsis.7z"}},"releaseDate":"2026-08-24T23:38:30.176Z"}}
[2026-08-29 21:59:46.656] [info]  [Library] Checking for update
[2026-08-29 21:59:46.663] [info]  [Updater] Checking for updates...
[2026-08-29 21:59:46.666] [info]           * Current Version: 3.7.16.12965
[2026-08-29 21:59:46.668] [info]           * Channel: latest-ow
[2026-08-29 21:59:46.670] [info]           * URL: https://launcherupdates.lunarclientcdn.com
[2026-08-29 21:59:46.671] [info]           * User Initiated: false
[2026-08-29 21:59:46.778] [info]  [Library] Update for version 3.7.16-ow is not available (latest version: 3.7.16-ow, downgrade is allowed).
[2026-08-29 21:59:46.779] [info]  [Updater] No updates available.
[2026-08-29 21:59:46.781] [info]  [Updater] Update check returned a result... skipping: {"isUpdateAvailable":false,"versionInfo":{"version":"3.7.16-ow","files":[{"url":"Lunar Client v3.7.16-ow.exe","sha512":"K25vDcT8UO0xbMd4MX5URU+l33+vEILLkpsRkxPMYVfB+yP5gqHGuNWOOGgUOE0gH2g4j+1Mjo9AFnQDC35tng=="}],"path":"Lunar Client v3.7.16-ow.exe","sha512":"K25vDcT8UO0xbMd4MX5URU+l33+vEILLkpsRkxPMYVfB+yP5gqHGuNWOOGgUOE0gH2g4j+1Mjo9AFnQDC35tng==","packages":{"x64":{"size":112473965,"sha512":"f2R8yaxYfUc7t48Bk04LzCImKB27jTxQcAe6RAFE/2lMaHmhsNJCJ47S0XSDCCvUNJp5imIeKLPifHT4z+jt5g==","blockMapSize":116960,"path":"lunarclient-3.7.16-ow-x64.nsis.7z","file":"lunarclient-3.7.16-ow-x64.nsis.7z"}},"releaseDate":"2026-08-24T23:38:30.176Z"},"updateInfo":{"version":"3.7.16-ow","files":[{"url":"Lunar Client v3.7.16-ow.exe","sha512":"K25vDcT8UO0xbMd4MX5URU+l33+vEILLkpsRkxPMYVfB+yP5gqHGuNWOOGgUOE0gH2g4j+1Mjo9AFnQDC35tng=="}],"path":"Lunar Client v3.7.16-ow.exe","sha512":"K25vDcT8UO0xbMd4MX5URU+l33+vEILLkpsRkxPMYVfB+yP5gqHGuNWOOGgUOE0gH2g4j+1Mjo9AFnQDC35tng==","packages":{"x64":{"size":112473965,"sha512":"f2R8yaxYfUc7t48Bk04LzCImKB27jTxQcAe6RAFE/2lMaHmhsNJCJ47S0XSDCCvUNJp5imIeKLPifHT4z+jt5g==","blockMapSize":116960,"path":"lunarclient-3.7.16-ow-x64.nsis.7z","file":"lunarclient-3.7.16-ow-x64.nsis.7z"}},"releaseDate":"2026-08-24T23:38:30.176Z"}}
[2026-08-29 22:14:46.678] [info]  [Library] Checking for update
[2026-08-29 22:14:46.687] [info]  [Updater] Checking for updates...
[2026-08-29 22:14:46.690] [info]           * Current Version: 3.7.16.12965
[2026-08-29 22:14:46.691] [info]           * Channel: latest-ow
[2026-08-29 22:14:46.693] [info]           * URL: https://launcherupdates.lunarclientcdn.com
[2026-08-29 22:14:46.695] [info]           * User Initiated: false
[2026-08-29 22:14:46.807] [info]  [Library] Update for version 3.7.16-ow is not available (latest version: 3.7.16-ow, downgrade is allowed).
[2026-08-29 22:14:46.808] [info]  [Updater] No updates available.
[2026-08-29 22:14:46.809] [info]  [Updater] Update check returned a result... skipping: {"isUpdateAvailable":false,"versionInfo":{"version":"3.7.16-ow","files":[{"url":"Lunar Client v3.7.16-ow.exe","sha512":"K25vDcT8UO0xbMd4MX5URU+l33+vEILLkpsRkxPMYVfB+yP5gqHGuNWOOGgUOE0gH2g4j+1Mjo9AFnQDC35tng=="}],"path":"Lunar Client v3.7.16-ow.exe","sha512":"K25vDcT8UO0xbMd4MX5URU+l33+vEILLkpsRkxPMYVfB+yP5gqHGuNWOOGgUOE0gH2g4j+1Mjo9AFnQDC35tng==","packages":{"x64":{"size":112473965,"sha512":"f2R8yaxYfUc7t48Bk04LzCImKB27jTxQcAe6RAFE/2lMaHmhsNJCJ47S0XSDCCvUNJp5imIeKLPifHT4z+jt5g==","blockMapSize":116960,"path":"lunarclient-3.7.16-ow-x64.nsis.7z","file":"lunarclient-3.7.16-ow-x64.nsis.7z"}},"releaseDate":"2026-08-24T23:38:30.176Z"},"updateInfo":{"version":"3.7.16-ow","files":[{"url":"Lunar Client v3.7.16-ow.exe","sha512":"K25vDcT8UO0xbMd4MX5URU+l33+vEILLkpsRkxPMYVfB+yP5gqHGuNWOOGgUOE0gH2g4j+1Mjo9AFnQDC35tng=="}],"path":"Lunar Client v3.7.16-ow.exe","sha512":"K25vDcT8UO0xbMd4MX5URU+l33+vEILLkpsRkxPMYVfB+yP5gqHGuNWOOGgUOE0gH2g4j+1Mjo9AFnQDC35tng==","packages":{"x64":{"size":112473965,"sha512":"f2R8yaxYfUc7t48Bk04LzCImKB27jTxQcAe6RAFE/2lMaHmhsNJCJ47S0XSDCCvUNJp5imIeKLPifHT4z+jt5g==","blockMapSize":116960,"path":"lunarclient-3.7.16-ow-x64.nsis.7z","file":"lunarclient-3.7.16-ow-x64.nsis.7z"}},"releaseDate":"2026-08-24T23:38:30.176Z"}}
[2026-08-29 22:29:46.689] [info]  [Library] Checking for update
[2026-08-29 22:29:46.698] [info]  [Updater] Checking for updates...
[2026-08-29 22:29:46.702] [info]           * Current Version: 3.7.16.12965
[2026-08-29 22:29:46.703] [info]           * Channel: latest-ow
[2026-08-29 22:29:46.705] [info]           * URL: https://launcherupdates.lunarclientcdn.com
[2026-08-29 22:29:46.707] [info]           * User Initiated: false
[2026-08-29 22:29:46.878] [info]  [Library] Update for version 3.7.16-ow is not available (latest version: 3.7.16-ow, downgrade is allowed).
[2026-08-29 22:29:46.879] [info]  [Updater] No updates available.
[2026-08-29 22:29:46.882] [info]  [Updater] Update check returned a result... skipping: {"isUpdateAvailable":false,"versionInfo":{"version":"3.7.16-ow","files":[{"url":"Lunar Client v3.7.16-ow.exe","sha512":"K25vDcT8UO0xbMd4MX5URU+l33+vEILLkpsRkxPMYVfB+yP5gqHGuNWOOGgUOE0gH2g4j+1Mjo9AFnQDC35tng=="}],"path":"Lunar Client v3.7.16-ow.exe","sha512":"K25vDcT8UO0xbMd4MX5URU+l33+vEILLkpsRkxPMYVfB+yP5gqHGuNWOOGgUOE0gH2g4j+1Mjo9AFnQDC35tng==","packages":{"x64":{"size":112473965,"sha512":"f2R8yaxYfUc7t48Bk04LzCImKB27jTxQcAe6RAFE/2lMaHmhsNJCJ47S0XSDCCvUNJp5imIeKLPifHT4z+jt5g==","blockMapSize":116960,"path":"lunarclient-3.7.16-ow-x64.nsis.7z","file":"lunarclient-3.7.16-ow-x64.nsis.7z"}},"releaseDate":"2026-08-24T23:38:30.176Z"},"updateInfo":{"version":"3.7.16-ow","files":[{"url":"Lunar Client v3.7.16-ow.exe","sha512":"K25vDcT8UO0xbMd4MX5URU+l33+vEILLkpsRkxPMYVfB+yP5gqHGuNWOOGgUOE0gH2g4j+1Mjo9AFnQDC35tng=="}],"path":"Lunar Client v3.7.16-ow.exe","sha512":"K25vDcT8UO0xbMd4MX5URU+l33+vEILLkpsRkxPMYVfB+yP5gqHGuNWOOGgUOE0gH2g4j+1Mjo9AFnQDC35tng==","packages":{"x64":{"size":112473965,"sha512":"f2R8yaxYfUc7t48Bk04LzCImKB27jTxQcAe6RAFE/2lMaHmhsNJCJ47S0XSDCCvUNJp5imIeKLPifHT4z+jt5g==","blockMapSize":116960,"path":"lunarclient-3.7.16-ow-x64.nsis.7z","file":"lunarclient-3.7.16-ow-x64.nsis.7z"}},"releaseDate":"2026-08-24T23:38:30.176Z"}}
[2026-08-29 22:44:46.726] [info]  [Library] Checking for update
[2026-08-29 22:44:46.752] [info]  [Updater] Checking for updates...
[2026-08-29 22:44:46.756] [info]           * Current Version: 3.7.16.12965
[2026-08-29 22:44:46.759] [info]           * Channel: latest-ow
[2026-08-29 22:44:46.762] [info]           * URL: https://launcherupdates.lunarclientcdn.com
[2026-08-29 22:44:46.764] [info]           * User Initiated: false
[2026-08-29 22:44:47.092] [info]  [Library] Update for version 3.7.16-ow is not available (latest version: 3.7.16-ow, downgrade is allowed).
[2026-08-29 22:44:47.093] [info]  [Updater] No updates available.
[2026-08-29 22:44:47.097] [info]  [Updater] Update check returned a result... skipping: {"isUpdateAvailable":false,"versionInfo":{"version":"3.7.16-ow","files":[{"url":"Lunar Client v3.7.16-ow.exe","sha512":"K25vDcT8UO0xbMd4MX5URU+l33+vEILLkpsRkxPMYVfB+yP5gqHGuNWOOGgUOE0gH2g4j+1Mjo9AFnQDC35tng=="}],"path":"Lunar Client v3.7.16-ow.exe","sha512":"K25vDcT8UO0xbMd4MX5URU+l33+vEILLkpsRkxPMYVfB+yP5gqHGuNWOOGgUOE0gH2g4j+1Mjo9AFnQDC35tng==","packages":{"x64":{"size":112473965,"sha512":"f2R8yaxYfUc7t48Bk04LzCImKB27jTxQcAe6RAFE/2lMaHmhsNJCJ47S0XSDCCvUNJp5imIeKLPifHT4z+jt5g==","blockMapSize":116960,"path":"lunarclient-3.7.16-ow-x64.nsis.7z","file":"lunarclient-3.7.16-ow-x64.nsis.7z"}},"releaseDate":"2026-08-24T23:38:30.176Z"},"updateInfo":{"version":"3.7.16-ow","files":[{"url":"Lunar Client v3.7.16-ow.exe","sha512":"K25vDcT8UO0xbMd4MX5URU+l33+vEILLkpsRkxPMYVfB+yP5gqHGuNWOOGgUOE0gH2g4j+1Mjo9AFnQDC35tng=="}],"path":"Lunar Client v3.7.16-ow.exe","sha512":"K25vDcT8UO0xbMd4MX5URU+l33+vEILLkpsRkxPMYVfB+yP5gqHGuNWOOGgUOE0gH2g4j+1Mjo9AFnQDC35tng==","packages":{"x64":{"size":112473965,"sha512":"f2R8yaxYfUc7t48Bk04LzCImKB27jTxQcAe6RAFE/2lMaHmhsNJCJ47S0XSDCCvUNJp5imIeKLPifHT4z+jt5g==","blockMapSize":116960,"path":"lunarclient-3.7.16-ow-x64.nsis.7z","file":"lunarclient-3.7.16-ow-x64.nsis.7z"}},"releaseDate":"2026-08-24T23:38:30.176Z"}}
[2026-08-29 22:59:46.708] [info]  [Library] Checking for update
[2026-08-29 22:59:46.721] [info]  [Updater] Checking for updates...
[2026-08-29 22:59:46.725] [info]           * Current Version: 3.7.16.12965
[2026-08-29 22:59:46.728] [info]           * Channel: latest-ow
[2026-08-29 22:59:46.731] [info]           * URL: https://launcherupdates.lunarclientcdn.com
[2026-08-29 22:59:46.734] [info]           * User Initiated: false
[2026-08-29 22:59:46.945] [info]  [Library] Update for version 3.7.16-ow is not available (latest version: 3.7.16-ow, downgrade is allowed).
[2026-08-29 22:59:46.946] [info]  [Updater] No updates available.
[2026-08-29 22:59:46.948] [info]  [Updater] Update check returned a result... skipping: {"isUpdateAvailable":false,"versionInfo":{"version":"3.7.16-ow","files":[{"url":"Lunar Client v3.7.16-ow.exe","sha512":"K25vDcT8UO0xbMd4MX5URU+l33+vEILLkpsRkxPMYVfB+yP5gqHGuNWOOGgUOE0gH2g4j+1Mjo9AFnQDC35tng=="}],"path":"Lunar Client v3.7.16-ow.exe","sha512":"K25vDcT8UO0xbMd4MX5URU+l33+vEILLkpsRkxPMYVfB+yP5gqHGuNWOOGgUOE0gH2g4j+1Mjo9AFnQDC35tng==","packages":{"x64":{"size":112473965,"sha512":"f2R8yaxYfUc7t48Bk04LzCImKB27jTxQcAe6RAFE/2lMaHmhsNJCJ47S0XSDCCvUNJp5imIeKLPifHT4z+jt5g==","blockMapSize":116960,"path":"lunarclient-3.7.16-ow-x64.nsis.7z","file":"lunarclient-3.7.16-ow-x64.nsis.7z"}},"releaseDate":"2026-08-24T23:38:30.176Z"},"updateInfo":{"version":"3.7.16-ow","files":[{"url":"Lunar Client v3.7.16-ow.exe","sha512":"K25vDcT8UO0xbMd4MX5URU+l33+vEILLkpsRkxPMYVfB+yP5gqHGuNWOOGgUOE0gH2g4j+1Mjo9AFnQDC35tng=="}],"path":"Lunar Client v3.7.16-ow.exe","sha512":"K25vDcT8UO0xbMd4MX5URU+l33+vEILLkpsRkxPMYVfB+yP5gqHGuNWOOGgUOE0gH2g4j+1Mjo9AFnQDC35tng==","packages":{"x64":{"size":112473965,"sha512":"f2R8yaxYfUc7t48Bk04LzCImKB27jTxQcAe6RAFE/2lMaHmhsNJCJ47S0XSDCCvUNJp5imIeKLPifHT4z+jt5g==","blockMapSize":116960,"path":"lunarclient-3.7.16-ow-x64.nsis.7z","file":"lunarclient-3.7.16-ow-x64.nsis.7z"}},"releaseDate":"2026-08-24T23:38:30.176Z"}}
[2026-08-29 23:14:46.697] [info]  [Library] Checking for update
[2026-08-29 23:14:46.705] [info]  [Updater] Checking for updates...
[2026-08-29 23:14:46.708] [info]           * Current Version: 3.7.16.12965
[2026-08-29 23:14:46.710] [info]           * Channel: latest-ow
[2026-08-29 23:14:46.711] [info]           * URL: https://launcherupdates.lunarclientcdn.com
[2026-08-29 23:14:46.712] [info]           * User Initiated: false
[2026-08-29 23:14:46.833] [info]  [Library] Update for version 3.7.16-ow is not available (latest version: 3.7.16-ow, downgrade is allowed).
[2026-08-29 23:14:46.834] [info]  [Updater] No updates available.
[2026-08-29 23:14:46.837] [info]  [Updater] Update check returned a result... skipping: {"isUpdateAvailable":false,"versionInfo":{"version":"3.7.16-ow","files":[{"url":"Lunar Client v3.7.16-ow.exe","sha512":"K25vDcT8UO0xbMd4MX5URU+l33+vEILLkpsRkxPMYVfB+yP5gqHGuNWOOGgUOE0gH2g4j+1Mjo9AFnQDC35tng=="}],"path":"Lunar Client v3.7.16-ow.exe","sha512":"K25vDcT8UO0xbMd4MX5URU+l33+vEILLkpsRkxPMYVfB+yP5gqHGuNWOOGgUOE0gH2g4j+1Mjo9AFnQDC35tng==","packages":{"x64":{"size":112473965,"sha512":"f2R8yaxYfUc7t48Bk04LzCImKB27jTxQcAe6RAFE/2lMaHmhsNJCJ47S0XSDCCvUNJp5imIeKLPifHT4z+jt5g==","blockMapSize":116960,"path":"lunarclient-3.7.16-ow-x64.nsis.7z","file":"lunarclient-3.7.16-ow-x64.nsis.7z"}},"releaseDate":"2026-08-24T23:38:30.176Z"},"updateInfo":{"version":"3.7.16-ow","files":[{"url":"Lunar Client v3.7.16-ow.exe","sha512":"K25vDcT8UO0xbMd4MX5URU+l33+vEILLkpsRkxPMYVfB+yP5gqHGuNWOOGgUOE0gH2g4j+1Mjo9AFnQDC35tng=="}],"path":"Lunar Client v3.7.16-ow.exe","sha512":"K25vDcT8UO0xbMd4MX5URU+l33+vEILLkpsRkxPMYVfB+yP5gqHGuNWOOGgUOE0gH2g4j+1Mjo9AFnQDC35tng==","packages":{"x64":{"size":112473965,"sha512":"f2R8yaxYfUc7t48Bk04LzCImKB27jTxQcAe6RAFE/2lMaHmhsNJCJ47S0XSDCCvUNJp5imIeKLPifHT4z+jt5g==","blockMapSize":116960,"path":"lunarclient-3.7.16-ow-x64.nsis.7z","file":"lunarclient-3.7.16-ow-x64.nsis.7z"}},"releaseDate":"2026-08-24T23:38:30.176Z"}}
[2026-08-29 23:29:46.696] [info]  [Library] Checking for update
[2026-08-29 23:29:46.697] [info]  [Updater] Checking for updates...
[2026-08-29 23:29:46.698] [info]           * Current Version: 3.7.16.12965
[2026-08-29 23:29:46.700] [info]           * Channel: latest-ow
[2026-08-29 23:29:46.701] [info]           * URL: https://launcherupdates.lunarclientcdn.com
[2026-08-29 23:29:46.702] [info]           * User Initiated: false
[2026-08-29 23:29:46.794] [info]  [Library] Update for version 3.7.16-ow is not available (latest version: 3.7.16-ow, downgrade is allowed).
[2026-08-29 23:29:46.795] [info]  [Updater] No updates available.
[2026-08-29 23:29:46.796] [info]  [Updater] Update check returned a result... skipping: {"isUpdateAvailable":false,"versionInfo":{"version":"3.7.16-ow","files":[{"url":"Lunar Client v3.7.16-ow.exe","sha512":"K25vDcT8UO0xbMd4MX5URU+l33+vEILLkpsRkxPMYVfB+yP5gqHGuNWOOGgUOE0gH2g4j+1Mjo9AFnQDC35tng=="}],"path":"Lunar Client v3.7.16-ow.exe","sha512":"K25vDcT8UO0xbMd4MX5URU+l33+vEILLkpsRkxPMYVfB+yP5gqHGuNWOOGgUOE0gH2g4j+1Mjo9AFnQDC35tng==","packages":{"x64":{"size":112473965,"sha512":"f2R8yaxYfUc7t48Bk04LzCImKB27jTxQcAe6RAFE/2lMaHmhsNJCJ47S0XSDCCvUNJp5imIeKLPifHT4z+jt5g==","blockMapSize":116960,"path":"lunarclient-3.7.16-ow-x64.nsis.7z","file":"lunarclient-3.7.16-ow-x64.nsis.7z"}},"releaseDate":"2026-08-24T23:38:30.176Z"},"updateInfo":{"version":"3.7.16-ow","files":[{"url":"Lunar Client v3.7.16-ow.exe","sha512":"K25vDcT8UO0xbMd4MX5URU+l33+vEILLkpsRkxPMYVfB+yP5gqHGuNWOOGgUOE0gH2g4j+1Mjo9AFnQDC35tng=="}],"path":"Lunar Client v3.7.16-ow.exe","sha512":"K25vDcT8UO0xbMd4MX5URU+l33+vEILLkpsRkxPMYVfB+yP5gqHGuNWOOGgUOE0gH2g4j+1Mjo9AFnQDC35tng==","packages":{"x64":{"size":112473965,"sha512":"f2R8yaxYfUc7t48Bk04LzCImKB27jTxQcAe6RAFE/2lMaHmhsNJCJ47S0XSDCCvUNJp5imIeKLPifHT4z+jt5g==","blockMapSize":116960,"path":"lunarclient-3.7.16-ow-x64.nsis.7z","file":"lunarclient-3.7.16-ow-x64.nsis.7z"}},"releaseDate":"2026-08-24T23:38:30.176Z"}}
[2026-08-29 23:44:46.726] [info]  [Library] Checking for update
[2026-08-29 23:44:46.734] [info]  [Updater] Checking for updates...
[2026-08-29 23:44:46.738] [info]           * Current Version: 3.7.16.12965
[2026-08-29 23:44:46.740] [info]           * Channel: latest-ow
[2026-08-29 23:44:46.743] [info]           * URL: https://launcherupdates.lunarclientcdn.com
[2026-08-29 23:44:46.745] [info]           * User Initiated: false
[2026-08-29 23:44:47.055] [info]  [Library] Update for version 3.7.16-ow is not available (latest version: 3.7.16-ow, downgrade is allowed).
[2026-08-29 23:44:47.057] [info]  [Updater] No updates available.
[2026-08-29 23:44:47.059] [info]  [Updater] Update check returned a result... skipping: {"isUpdateAvailable":false,"versionInfo":{"version":"3.7.16-ow","files":[{"url":"Lunar Client v3.7.16-ow.exe","sha512":"K25vDcT8UO0xbMd4MX5URU+l33+vEILLkpsRkxPMYVfB+yP5gqHGuNWOOGgUOE0gH2g4j+1Mjo9AFnQDC35tng=="}],"path":"Lunar Client v3.7.16-ow.exe","sha512":"K25vDcT8UO0xbMd4MX5URU+l33+vEILLkpsRkxPMYVfB+yP5gqHGuNWOOGgUOE0gH2g4j+1Mjo9AFnQDC35tng==","packages":{"x64":{"size":112473965,"sha512":"f2R8yaxYfUc7t48Bk04LzCImKB27jTxQcAe6RAFE/2lMaHmhsNJCJ47S0XSDCCvUNJp5imIeKLPifHT4z+jt5g==","blockMapSize":116960,"path":"lunarclient-3.7.16-ow-x64.nsis.7z","file":"lunarclient-3.7.16-ow-x64.nsis.7z"}},"releaseDate":"2026-08-24T23:38:30.176Z"},"updateInfo":{"version":"3.7.16-ow","files":[{"url":"Lunar Client v3.7.16-ow.exe","sha512":"K25vDcT8UO0xbMd4MX5URU+l33+vEILLkpsRkxPMYVfB+yP5gqHGuNWOOGgUOE0gH2g4j+1Mjo9AFnQDC35tng=="}],"path":"Lunar Client v3.7.16-ow.exe","sha512":"K25vDcT8UO0xbMd4MX5URU+l33+vEILLkpsRkxPMYVfB+yP5gqHGuNWOOGgUOE0gH2g4j+1Mjo9AFnQDC35tng==","packages":{"x64":{"size":112473965,"sha512":"f2R8yaxYfUc7t48Bk04LzCImKB27jTxQcAe6RAFE/2lMaHmhsNJCJ47S0XSDCCvUNJp5imIeKLPifHT4z+jt5g==","blockMapSize":116960,"path":"lunarclient-3.7.16-ow-x64.nsis.7z","file":"lunarclient-3.7.16-ow-x64.nsis.7z"}},"releaseDate":"2026-08-24T23:38:30.176Z"}}
[2026-08-29 23:59:46.730] [info]  [Library] Checking for update
[2026-08-29 23:59:46.741] [info]  [Updater] Checking for updates...
[2026-08-29 23:59:46.744] [info]           * Current Version: 3.7.16.12965
[2026-08-29 23:59:46.746] [info]           * Channel: latest-ow
[2026-08-29 23:59:46.748] [info]           * URL: https://launcherupdates.lunarclientcdn.com
[2026-08-29 23:59:46.751] [info]           * User Initiated: false
[2026-08-29 23:59:46.882] [info]  [Library] Update for version 3.7.16-ow is not available (latest version: 3.7.16-ow, downgrade is allowed).
[2026-08-29 23:59:46.884] [info]  [Updater] No updates available.
[2026-08-29 23:59:46.885] [info]  [Updater] Update check returned a result... skipping: {"isUpdateAvailable":false,"versionInfo":{"version":"3.7.16-ow","files":[{"url":"Lunar Client v3.7.16-ow.exe","sha512":"K25vDcT8UO0xbMd4MX5URU+l33+vEILLkpsRkxPMYVfB+yP5gqHGuNWOOGgUOE0gH2g4j+1Mjo9AFnQDC35tng=="}],"path":"Lunar Client v3.7.16-ow.exe","sha512":"K25vDcT8UO0xbMd4MX5URU+l33+vEILLkpsRkxPMYVfB+yP5gqHGuNWOOGgUOE0gH2g4j+1Mjo9AFnQDC35tng==","packages":{"x64":{"size":112473965,"sha512":"f2R8yaxYfUc7t48Bk04LzCImKB27jTxQcAe6RAFE/2lMaHmhsNJCJ47S0XSDCCvUNJp5imIeKLPifHT4z+jt5g==","blockMapSize":116960,"path":"lunarclient-3.7.16-ow-x64.nsis.7z","file":"lunarclient-3.7.16-ow-x64.nsis.7z"}},"releaseDate":"2026-08-24T23:38:30.176Z"},"updateInfo":{"version":"3.7.16-ow","files":[{"url":"Lunar Client v3.7.16-ow.exe","sha512":"K25vDcT8UO0xbMd4MX5URU+l33+vEILLkpsRkxPMYVfB+yP5gqHGuNWOOGgUOE0gH2g4j+1Mjo9AFnQDC35tng=="}],"path":"Lunar Client v3.7.16-ow.exe","sha512":"K25vDcT8UO0xbMd4MX5URU+l33+vEILLkpsRkxPMYVfB+yP5gqHGuNWOOGgUOE0gH2g4j+1Mjo9AFnQDC35tng==","packages":{"x64":{"size":112473965,"sha512":"f2R8yaxYfUc7t48Bk04LzCImKB27jTxQcAe6RAFE/2lMaHmhsNJCJ47S0XSDCCvUNJp5imIeKLPifHT4z+jt5g==","blockMapSize":116960,"path":"lunarclient-3.7.16-ow-x64.nsis.7z","file":"lunarclient-3.7.16-ow-x64.nsis.7z"}},"releaseDate":"2026-08-24T23:38:30.176Z"}}
[2026-08-30 00:14:46.712] [info]  [Library] Checking for update
[2026-08-30 00:14:46.713] [info]  [Updater] Checking for updates...
[2026-08-30 00:14:46.714] [info]           * Current Version: 3.7.16.12965
[2026-08-30 00:14:46.716] [info]           * Channel: latest-ow
[2026-08-30 00:14:46.717] [info]           * URL: https://launcherupdates.lunarclientcdn.com
[2026-08-30 00:14:46.718] [info]           * User Initiated: false
[2026-08-30 00:14:46.826] [info]  [Library] Update for version 3.7.16-ow is not available (latest version: 3.7.16-ow, downgrade is allowed).
[2026-08-30 00:14:46.826] [info]  [Updater] No updates available.
[2026-08-30 00:14:46.828] [info]  [Updater] Update check returned a result... skipping: {"isUpdateAvailable":false,"versionInfo":{"version":"3.7.16-ow","files":[{"url":"Lunar Client v3.7.16-ow.exe","sha512":"K25vDcT8UO0xbMd4MX5URU+l33+vEILLkpsRkxPMYVfB+yP5gqHGuNWOOGgUOE0gH2g4j+1Mjo9AFnQDC35tng=="}],"path":"Lunar Client v3.7.16-ow.exe","sha512":"K25vDcT8UO0xbMd4MX5URU+l33+vEILLkpsRkxPMYVfB+yP5gqHGuNWOOGgUOE0gH2g4j+1Mjo9AFnQDC35tng==","packages":{"x64":{"size":112473965,"sha512":"f2R8yaxYfUc7t48Bk04LzCImKB27jTxQcAe6RAFE/2lMaHmhsNJCJ47S0XSDCCvUNJp5imIeKLPifHT4z+jt5g==","blockMapSize":116960,"path":"lunarclient-3.7.16-ow-x64.nsis.7z","file":"lunarclient-3.7.16-ow-x64.nsis.7z"}},"releaseDate":"2026-08-24T23:38:30.176Z"},"updateInfo":{"version":"3.7.16-ow","files":[{"url":"Lunar Client v3.7.16-ow.exe","sha512":"K25vDcT8UO0xbMd4MX5URU+l33+vEILLkpsRkxPMYVfB+yP5gqHGuNWOOGgUOE0gH2g4j+1Mjo9AFnQDC35tng=="}],"path":"Lunar Client v3.7.16-ow.exe","sha512":"K25vDcT8UO0xbMd4MX5URU+l33+vEILLkpsRkxPMYVfB+yP5gqHGuNWOOGgUOE0gH2g4j+1Mjo9AFnQDC35tng==","packages":{"x64":{"size":112473965,"sha512":"f2R8yaxYfUc7t48Bk04LzCImKB27jTxQcAe6RAFE/2lMaHmhsNJCJ47S0XSDCCvUNJp5imIeKLPifHT4z+jt5g==","blockMapSize":116960,"path":"lunarclient-3.7.16-ow-x64.nsis.7z","file":"lunarclient-3.7.16-ow-x64.nsis.7z"}},"releaseDate":"2026-08-24T23:38:30.176Z"}}
[2026-08-30 00:29:46.724] [info]  [Library] Checking for update
[2026-08-30 00:29:46.726] [info]  [Updater] Checking for updates...
[2026-08-30 00:29:46.729] [info]           * Current Version: 3.7.16.12965
[2026-08-30 00:29:46.730] [info]           * Channel: latest-ow
[2026-08-30 00:29:46.731] [info]           * URL: https://launcherupdates.lunarclientcdn.com
[2026-08-30 00:29:46.733] [info]           * User Initiated: false
[2026-08-30 00:29:46.848] [info]  [Library] Update for version 3.7.16-ow is not available (latest version: 3.7.16-ow, downgrade is allowed).
[2026-08-30 00:29:46.849] [info]  [Updater] No updates available.
[2026-08-30 00:29:46.851] [info]  [Updater] Update check returned a result... skipping: {"isUpdateAvailable":false,"versionInfo":{"version":"3.7.16-ow","files":[{"url":"Lunar Client v3.7.16-ow.exe","sha512":"K25vDcT8UO0xbMd4MX5URU+l33+vEILLkpsRkxPMYVfB+yP5gqHGuNWOOGgUOE0gH2g4j+1Mjo9AFnQDC35tng=="}],"path":"Lunar Client v3.7.16-ow.exe","sha512":"K25vDcT8UO0xbMd4MX5URU+l33+vEILLkpsRkxPMYVfB+yP5gqHGuNWOOGgUOE0gH2g4j+1Mjo9AFnQDC35tng==","packages":{"x64":{"size":112473965,"sha512":"f2R8yaxYfUc7t48Bk04LzCImKB27jTxQcAe6RAFE/2lMaHmhsNJCJ47S0XSDCCvUNJp5imIeKLPifHT4z+jt5g==","blockMapSize":116960,"path":"lunarclient-3.7.16-ow-x64.nsis.7z","file":"lunarclient-3.7.16-ow-x64.nsis.7z"}},"releaseDate":"2026-08-24T23:38:30.176Z"},"updateInfo":{"version":"3.7.16-ow","files":[{"url":"Lunar Client v3.7.16-ow.exe","sha512":"K25vDcT8UO0xbMd4MX5URU+l33+vEILLkpsRkxPMYVfB+yP5gqHGuNWOOGgUOE0gH2g4j+1Mjo9AFnQDC35tng=="}],"path":"Lunar Client v3.7.16-ow.exe","sha512":"K25vDcT8UO0xbMd4MX5URU+l33+vEILLkpsRkxPMYVfB+yP5gqHGuNWOOGgUOE0gH2g4j+1Mjo9AFnQDC35tng==","packages":{"x64":{"size":112473965,"sha512":"f2R8yaxYfUc7t48Bk04LzCImKB27jTxQcAe6RAFE/2lMaHmhsNJCJ47S0XSDCCvUNJp5imIeKLPifHT4z+jt5g==","blockMapSize":116960,"path":"lunarclient-3.7.16-ow-x64.nsis.7z","file":"lunarclient-3.7.16-ow-x64.nsis.7z"}},"releaseDate":"2026-08-24T23:38:30.176Z"}}
[2026-08-30 00:44:46.737] [info]  [Library] Checking for update
[2026-08-30 00:44:46.738] [info]  [Updater] Checking for updates...
[2026-08-30 00:44:46.739] [info]           * Current Version: 3.7.16.12965
[2026-08-30 00:44:46.741] [info]           * Channel: latest-ow
[2026-08-30 00:44:46.742] [info]           * URL: https://launcherupdates.lunarclientcdn.com
[2026-08-30 00:44:46.744] [info]           * User Initiated: false
[2026-08-30 00:44:46.834] [info]  [Library] Update for version 3.7.16-ow is not available (latest version: 3.7.16-ow, downgrade is allowed).
[2026-08-30 00:44:46.834] [info]  [Updater] No updates available.
[2026-08-30 00:44:46.836] [info]  [Updater] Update check returned a result... skipping: {"isUpdateAvailable":false,"versionInfo":{"version":"3.7.16-ow","files":[{"url":"Lunar Client v3.7.16-ow.exe","sha512":"K25vDcT8UO0xbMd4MX5URU+l33+vEILLkpsRkxPMYVfB+yP5gqHGuNWOOGgUOE0gH2g4j+1Mjo9AFnQDC35tng=="}],"path":"Lunar Client v3.7.16-ow.exe","sha512":"K25vDcT8UO0xbMd4MX5URU+l33+vEILLkpsRkxPMYVfB+yP5gqHGuNWOOGgUOE0gH2g4j+1Mjo9AFnQDC35tng==","packages":{"x64":{"size":112473965,"sha512":"f2R8yaxYfUc7t48Bk04LzCImKB27jTxQcAe6RAFE/2lMaHmhsNJCJ47S0XSDCCvUNJp5imIeKLPifHT4z+jt5g==","blockMapSize":116960,"path":"lunarclient-3.7.16-ow-x64.nsis.7z","file":"lunarclient-3.7.16-ow-x64.nsis.7z"}},"releaseDate":"2026-08-24T23:38:30.176Z"},"updateInfo":{"version":"3.7.16-ow","files":[{"url":"Lunar Client v3.7.16-ow.exe","sha512":"K25vDcT8UO0xbMd4MX5URU+l33+vEILLkpsRkxPMYVfB+yP5gqHGuNWOOGgUOE0gH2g4j+1Mjo9AFnQDC35tng=="}],"path":"Lunar Client v3.7.16-ow.exe","sha512":"K25vDcT8UO0xbMd4MX5URU+l33+vEILLkpsRkxPMYVfB+yP5gqHGuNWOOGgUOE0gH2g4j+1Mjo9AFnQDC35tng==","packages":{"x64":{"size":112473965,"sha512":"f2R8yaxYfUc7t48Bk04LzCImKB27jTxQcAe6RAFE/2lMaHmhsNJCJ47S0XSDCCvUNJp5imIeKLPifHT4z+jt5g==","blockMapSize":116960,"path":"lunarclient-3.7.16-ow-x64.nsis.7z","file":"lunarclient-3.7.16-ow-x64.nsis.7z"}},"releaseDate":"2026-08-24T23:38:30.176Z"}}
[2026-08-30 00:59:46.777] [info]  [Library] Checking for update
[2026-08-30 00:59:46.787] [info]  [Updater] Checking for updates...
[2026-08-30 00:59:46.789] [info]           * Current Version: 3.7.16.12965
[2026-08-30 00:59:46.791] [info]           * Channel: latest-ow
[2026-08-30 00:59:46.793] [info]           * URL: https://launcherupdates.lunarclientcdn.com
[2026-08-30 00:59:46.795] [info]           * User Initiated: false
[2026-08-30 00:59:46.943] [info]  [Library] Update for version 3.7.16-ow is not available (latest version: 3.7.16-ow, downgrade is allowed).
[2026-08-30 00:59:46.944] [info]  [Updater] No updates available.
[2026-08-30 00:59:46.945] [info]  [Updater] Update check returned a result... skipping: {"isUpdateAvailable":false,"versionInfo":{"version":"3.7.16-ow","files":[{"url":"Lunar Client v3.7.16-ow.exe","sha512":"K25vDcT8UO0xbMd4MX5URU+l33+vEILLkpsRkxPMYVfB+yP5gqHGuNWOOGgUOE0gH2g4j+1Mjo9AFnQDC35tng=="}],"path":"Lunar Client v3.7.16-ow.exe","sha512":"K25vDcT8UO0xbMd4MX5URU+l33+vEILLkpsRkxPMYVfB+yP5gqHGuNWOOGgUOE0gH2g4j+1Mjo9AFnQDC35tng==","packages":{"x64":{"size":112473965,"sha512":"f2R8yaxYfUc7t48Bk04LzCImKB27jTxQcAe6RAFE/2lMaHmhsNJCJ47S0XSDCCvUNJp5imIeKLPifHT4z+jt5g==","blockMapSize":116960,"path":"lunarclient-3.7.16-ow-x64.nsis.7z","file":"lunarclient-3.7.16-ow-x64.nsis.7z"}},"releaseDate":"2026-08-24T23:38:30.176Z"},"updateInfo":{"version":"3.7.16-ow","files":[{"url":"Lunar Client v3.7.16-ow.exe","sha512":"K25vDcT8UO0xbMd4MX5URU+l33+vEILLkpsRkxPMYVfB+yP5gqHGuNWOOGgUOE0gH2g4j+1Mjo9AFnQDC35tng=="}],"path":"Lunar Client v3.7.16-ow.exe","sha512":"K25vDcT8UO0xbMd4MX5URU+l33+vEILLkpsRkxPMYVfB+yP5gqHGuNWOOGgUOE0gH2g4j+1Mjo9AFnQDC35tng==","packages":{"x64":{"size":112473965,"sha512":"f2R8yaxYfUc7t48Bk04LzCImKB27jTxQcAe6RAFE/2lMaHmhsNJCJ47S0XSDCCvUNJp5imIeKLPifHT4z+jt5g==","blockMapSize":116960,"path":"lunarclient-3.7.16-ow-x64.nsis.7z","file":"lunarclient-3.7.16-ow-x64.nsis.7z"}},"releaseDate":"2026-08-24T23:38:30.176Z"}}
[2026-08-30 01:14:46.786] [info]  [Library] Checking for update
[2026-08-30 01:14:46.796] [info]  [Updater] Checking for updates...
[2026-08-30 01:14:46.799] [info]           * Current Version: 3.7.16.12965
[2026-08-30 01:14:46.801] [info]           * Channel: latest-ow
[2026-08-30 01:14:46.803] [info]           * URL: https://launcherupdates.lunarclientcdn.com
[2026-08-30 01:14:46.804] [info]           * User Initiated: false
[2026-08-30 01:14:46.999] [info]  [Library] Update for version 3.7.16-ow is not available (latest version: 3.7.16-ow, downgrade is allowed).
[2026-08-30 01:14:46.999] [info]  [Updater] No updates available.
[2026-08-30 01:14:47.001] [info]  [Updater] Update check returned a result... skipping: {"isUpdateAvailable":false,"versionInfo":{"version":"3.7.16-ow","files":[{"url":"Lunar Client v3.7.16-ow.exe","sha512":"K25vDcT8UO0xbMd4MX5URU+l33+vEILLkpsRkxPMYVfB+yP5gqHGuNWOOGgUOE0gH2g4j+1Mjo9AFnQDC35tng=="}],"path":"Lunar Client v3.7.16-ow.exe","sha512":"K25vDcT8UO0xbMd4MX5URU+l33+vEILLkpsRkxPMYVfB+yP5gqHGuNWOOGgUOE0gH2g4j+1Mjo9AFnQDC35tng==","packages":{"x64":{"size":112473965,"sha512":"f2R8yaxYfUc7t48Bk04LzCImKB27jTxQcAe6RAFE/2lMaHmhsNJCJ47S0XSDCCvUNJp5imIeKLPifHT4z+jt5g==","blockMapSize":116960,"path":"lunarclient-3.7.16-ow-x64.nsis.7z","file":"lunarclient-3.7.16-ow-x64.nsis.7z"}},"releaseDate":"2026-08-24T23:38:30.176Z"},"updateInfo":{"version":"3.7.16-ow","files":[{"url":"Lunar Client v3.7.16-ow.exe","sha512":"K25vDcT8UO0xbMd4MX5URU+l33+vEILLkpsRkxPMYVfB+yP5gqHGuNWOOGgUOE0gH2g4j+1Mjo9AFnQDC35tng=="}],"path":"Lunar Client v3.7.16-ow.exe","sha512":"K25vDcT8UO0xbMd4MX5URU+l33+vEILLkpsRkxPMYVfB+yP5gqHGuNWOOGgUOE0gH2g4j+1Mjo9AFnQDC35tng==","packages":{"x64":{"size":112473965,"sha512":"f2R8yaxYfUc7t48Bk04LzCImKB27jTxQcAe6RAFE/2lMaHmhsNJCJ47S0XSDCCvUNJp5imIeKLPifHT4z+jt5g==","blockMapSize":116960,"path":"lunarclient-3.7.16-ow-x64.nsis.7z","file":"lunarclient-3.7.16-ow-x64.nsis.7z"}},"releaseDate":"2026-08-24T23:38:30.176Z"}}
[2026-08-30 01:29:46.767] [info]  [Library] Checking for update
[2026-08-30 01:29:46.768] [info]  [Updater] Checking for updates...
[2026-08-30 01:29:46.770] [info]           * Current Version: 3.7.16.12965
[2026-08-30 01:29:46.771] [info]           * Channel: latest-ow
[2026-08-30 01:29:46.773] [info]           * URL: https://launcherupdates.lunarclientcdn.com
[2026-08-30 01:29:46.774] [info]           * User Initiated: false
[2026-08-30 01:29:46.859] [info]  [Library] Update for version 3.7.16-ow is not available (latest version: 3.7.16-ow, downgrade is allowed).
[2026-08-30 01:29:46.860] [info]  [Updater] No updates available.
[2026-08-30 01:29:46.862] [info]  [Updater] Update check returned a result... skipping: {"isUpdateAvailable":false,"versionInfo":{"version":"3.7.16-ow","files":[{"url":"Lunar Client v3.7.16-ow.exe","sha512":"K25vDcT8UO0xbMd4MX5URU+l33+vEILLkpsRkxPMYVfB+yP5gqHGuNWOOGgUOE0gH2g4j+1Mjo9AFnQDC35tng=="}],"path":"Lunar Client v3.7.16-ow.exe","sha512":"K25vDcT8UO0xbMd4MX5URU+l33+vEILLkpsRkxPMYVfB+yP5gqHGuNWOOGgUOE0gH2g4j+1Mjo9AFnQDC35tng==","packages":{"x64":{"size":112473965,"sha512":"f2R8yaxYfUc7t48Bk04LzCImKB27jTxQcAe6RAFE/2lMaHmhsNJCJ47S0XSDCCvUNJp5imIeKLPifHT4z+jt5g==","blockMapSize":116960,"path":"lunarclient-3.7.16-ow-x64.nsis.7z","file":"lunarclient-3.7.16-ow-x64.nsis.7z"}},"releaseDate":"2026-08-24T23:38:30.176Z"},"updateInfo":{"version":"3.7.16-ow","files":[{"url":"Lunar Client v3.7.16-ow.exe","sha512":"K25vDcT8UO0xbMd4MX5URU+l33+vEILLkpsRkxPMYVfB+yP5gqHGuNWOOGgUOE0gH2g4j+1Mjo9AFnQDC35tng=="}],"path":"Lunar Client v3.7.16-ow.exe","sha512":"K25vDcT8UO0xbMd4MX5URU+l33+vEILLkpsRkxPMYVfB+yP5gqHGuNWOOGgUOE0gH2g4j+1Mjo9AFnQDC35tng==","packages":{"x64":{"size":112473965,"sha512":"f2R8yaxYfUc7t48Bk04LzCImKB27jTxQcAe6RAFE/2lMaHmhsNJCJ47S0XSDCCvUNJp5imIeKLPifHT4z+jt5g==","blockMapSize":116960,"path":"lunarclient-3.7.16-ow-x64.nsis.7z","file":"lunarclient-3.7.16-ow-x64.nsis.7z"}},"releaseDate":"2026-08-24T23:38:30.176Z"}}
